"p_val","avg_log2FC","pct.1","pct.2","p_val_adj","cluster","gene"
2.67147055435683e-09,3.55004355792019,0.974,0.609,4.88558534980777e-05,"HER2+","ZNG1E"
3.91374813068912e-09,4.03062538574941,0.947,0.609,7.15746258140426e-05,"HER2+","SLIRP"
1.45110601338706e-08,4.23596330457119,0.974,0.609,0.000265378267728226,"HER2+","NDUFB2"
2.86606829810812e-08,3.15271360737593,1,0.652,0.000524146570358014,"HER2+","ELOC"
4.57085743927449e-08,3.21494996534341,0.974,0.522,0.000835918408494518,"HER2+","MICOS13"
5.32635860392441e-08,4.06676878261026,0.947,0.609,0.000974084461485697,"HER2+","TIMM17A"
6.35656190288231e-08,4.66110198093857,0.921,0.391,0.00116248804079912,"HER2+","SYNGR2"
9.12153033877555e-08,3.44900757921419,0.947,0.696,0.00166814546835527,"HER2+","NGRN"
1.00107396858399e-07,4.08333536570037,0.895,0.348,0.0018307640737464,"HER2+","TSPAN6"
1.00420970536439e-07,4.61059565462959,0.947,0.739,0.00183649870917039,"HER2+","CD59"
1.07481672803346e-07,3.82737296554992,0.947,0.696,0.00196562483222759,"HER2+","SMIM14"
1.14629903433448e-07,5.11841605462926,0.947,0.652,0.0020963516739909,"HER2+","TPD52"
1.42969307290467e-07,3.06007834374613,0.921,0.348,0.00261462269172806,"HER2+","POLR2F"
1.48949284216416e-07,2.7393948773487,0.895,0.391,0.00272398450974981,"HER2+","TOMM40"
1.48949284216416e-07,2.35212292430435,0.895,0.391,0.00272398450974981,"HER2+","FMC1"
1.55170834220619e-07,4.35394546419141,0.921,0.348,0.00283776421622668,"HER2+","NME1"
1.60636535217573e-07,3.49511107428902,0.895,0.522,0.00293772095605898,"HER2+","TECR"
2.02028368608298e-07,3.40056436644487,0.947,0.652,0.00369469480510855,"HER2+","CYB5A"
2.54124251660504e-07,5.33048122185472,0.974,0.696,0.00464742431436729,"HER2+","RPLP0"
2.67235677764907e-07,3.27150564321734,0.868,0.391,0.00488720607496461,"HER2+","LOC122455342"
3.25623418370182e-07,3.62849523504285,0.947,0.652,0.00595500107515388,"HER2+","RPL23"
3.45463971663339e-07,3.15453361812228,0.974,0.565,0.00631784511377915,"HER2+","PNPO"
3.45463971663339e-07,4.38284053561042,0.921,0.652,0.00631784511377915,"HER2+","VDAC1"
3.55011394279002e-07,3.28793959145601,0.947,0.522,0.00649244837857439,"HER2+","KRTCAP2"
3.68992288408793e-07,2.98731299078452,1,0.739,0.00674813097042001,"HER2+","RPL38"
4.1549901705337e-07,3.97276143301808,0.921,0.565,0.00759864602387203,"HER2+","EIF3C"
4.28634476839539e-07,3.39725388405002,0.921,0.696,0.00783886731244148,"HER2+","RPL14"
4.31475327674854e-07,3.11325247233744,0.947,0.826,0.00789082079251773,"HER2+","EMC4"
4.34535898753747e-07,3.74709737765451,0.895,0.478,0.00794679251640852,"HER2+","PRXL2A"
4.52528756292851e-07,5.38699614752064,0.921,0.522,0.00827584589508365,"HER2+","ANXA2"
4.89445607234184e-07,2.6828541932435,0.974,0.652,0.00895098126509875,"HER2+","MRPS24"
5.12565966027061e-07,3.31351111414285,0.842,0.348,0.00937380638670289,"HER2+","MRPS15"
5.16226792610758e-07,4.11976155807084,0.868,0.435,0.00944075558326555,"HER2+","SSBP1"
5.20776262177376e-07,2.80253108530608,0.947,0.652,0.00952395628269985,"HER2+","SNRPD1"
5.46556988368429e-07,3.73393647737236,0.895,0.348,0.00999543420328183,"HER2+","ECT2"
5.54705389538667e-07,2.97203134900996,0.868,0.304,0.0101444521638831,"HER2+","UQCRC2"
5.61027225370768e-07,5.16566434802789,0.921,0.609,0.0102600658975806,"HER2+","MGST1"
5.66591317792104e-07,3.57109160661458,0.868,0.478,0.010361822019782,"HER2+","OCIAD2"
5.80578474985777e-07,3.04805893752416,0.895,0.391,0.0106176191505399,"HER2+","SETD7"
5.9473386094751e-07,3.3346733663119,0.974,0.913,0.0108764928490081,"HER2+","RPS20"
6.19438427682283e-07,3.51024794674273,0.921,0.478,0.0113282899654536,"HER2+","SPRING1"
6.67594268502435e-07,3.38063075924585,0.921,0.522,0.0122089639823725,"HER2+","ERGIC3"
6.69310011413324e-07,5.12137807353918,0.868,0.565,0.0122403414887269,"HER2+","CCT3"
7.2121941451279e-07,4.94085005308517,0.921,0.435,0.0131896606526099,"HER2+","PRDX1"
7.35759147026576e-07,3.02547477438101,0.974,0.739,0.013455563280822,"HER2+","DYNC1H1"
7.40981220657792e-07,3.4959039128955,1,0.739,0.0135510645633897,"HER2+","RPL30"
8.14230945884338e-07,3.74201903087639,0.684,0,0.0148906555383328,"HER2+","URI1"
8.23442763290157e-07,3.56473555527032,0.868,0.435,0.0150591212550504,"HER2+","GALNT6"
8.26460830247223e-07,3.76591915423032,0.947,0.652,0.0151143156635612,"HER2+","RPL37A"
8.56293984942108e-07,5.79334249315683,0.763,0.13,0.0156599043966213,"HER2+","DSP"
8.67433620068462e-07,3.26914389488577,1,0.783,0.015863626043812,"HER2+","ATP5F1A"
9.08396798534261e-07,3.22475741439622,0.868,0.522,0.0166127606515946,"HER2+","CSNK1E"
9.27472105232274e-07,3.77099696259219,0.711,0.043,0.0169616098604878,"HER2+","ACOT2"
9.80593540072895e-07,3.95244443066327,0.868,0.522,0.0179330946608531,"HER2+","EI24"
9.82556605428564e-07,2.30089973164106,0.921,0.478,0.0179689952000776,"HER2+","MZT2A"
9.91892896193568e-07,5.08648399146921,0.737,0.087,0.018139737285588,"HER2+","OAT"
1.00452361615438e-06,2.88394399810426,1,0.739,0.0183707278922313,"HER2+","RPS15A"
1.09933934032462e-06,4.26256737950294,0.895,0.478,0.0201047178558566,"HER2+","TMED10"
1.09961971704825e-06,4.49794420494635,0.921,0.652,0.0201098453853785,"HER2+","RPL6"
1.11187864793129e-06,3.57105576973484,0.842,0.391,0.0203340367133674,"HER2+","IER3IP1"
1.13414953781083e-06,2.65548458173748,0.974,0.87,0.0207413267474844,"HER2+","RPS29"
1.13620206422531e-06,3.44155008729316,0.947,0.696,0.0207788633505524,"HER2+","ATP5MC2"
1.14390343095705e-06,3.81812552729671,0.868,0.565,0.0209197059453424,"HER2+","RSL1D1"
1.14961959732209e-06,2.75025897648744,0.947,0.739,0.0210242431958265,"HER2+","MICOS10"
1.16014726999833e-06,2.77680264557218,0.947,0.783,0.0212167732737295,"HER2+","SRP19"
1.2506919805845e-06,2.72348053460384,0.974,0.739,0.0228726549409294,"HER2+","NDUFA2"
1.27935484924127e-06,3.69854417662717,0.895,0.478,0.0233968414829243,"HER2+","RPL12"
1.35118524975552e-06,3.1814270739658,0.921,0.696,0.024710475847529,"HER2+","MRPL42"
1.48413883506155e-06,6.55383288271866,0.895,0.565,0.0271419310156056,"HER2+","MGP"
1.51812249480036e-06,3.51541725221192,0.842,0.348,0.0277634241849089,"HER2+","DDX46"
1.56688136306192e-06,2.45601102498957,0.947,0.565,0.0286551263676764,"HER2+","METTL8"
1.57414657113824e-06,3.77528720493848,0.842,0.478,0.0287879924929762,"HER2+","G3BP1"
1.62392754757444e-06,2.62541086318764,0.816,0.304,0.0296983869900414,"HER2+","FBL"
1.63605661421321e-06,3.58238698125663,0.711,0.087,0.0299202033607312,"HER2+","NSUN2"
1.66033010862013e-06,2.56783563771907,0.921,0.522,0.0303641170264449,"HER2+","DOP1B"
1.72340538729151e-06,2.70671945043498,0.895,0.565,0.0315176377227871,"HER2+","TATDN1"
1.79213441268039e-06,3.95431626902799,0.816,0.261,0.032774554139099,"HER2+","ARHGAP29"
1.89082730184468e-06,3.93564460017782,0.789,0.348,0.0345794496961355,"HER2+","LSM5"
1.89879339273287e-06,3.51457405881176,0.789,0.217,0.0347251335662988,"HER2+","FARSB"
1.93433475702887e-06,2.95930797910931,0.895,0.522,0.0353751140365439,"HER2+","ZFYVE16"
1.99951502311657e-06,3.05023598683255,0.947,0.478,0.0365671307427558,"HER2+","CNIH4"
2.08327502572892e-06,3.14414957279198,0.868,0.565,0.0380989336705305,"HER2+","ERO1A"
2.16033269884013e-06,2.9005721997046,0.895,0.478,0.0395081643963883,"HER2+","ALDH6A1"
2.19728073039612e-06,2.61327966166177,0.842,0.391,0.0401838699974843,"HER2+","NTPCR"
2.21147348073421e-06,5.61766989080876,0.763,0.13,0.0404434270156672,"HER2+","CNN3"
2.24319711258963e-06,2.94539030433394,0.921,0.478,0.0410235887950392,"HER2+","DHTKD1"
2.27103519609009e-06,3.38109008855442,0.921,0.696,0.0415326916660955,"HER2+","NDUFA9"
2.36741568180522e-06,4.16621934927152,0.842,0.391,0.0432952979888539,"HER2+","LRPPRC"
2.37392596284869e-06,3.7335011010651,0.921,0.348,0.0434143580085768,"HER2+","DDOST"
2.40023501622186e-06,3.51884840257287,0.895,0.435,0.0438954979766654,"HER2+","RPL31"
2.45715735280047e-06,2.61909249099754,0.868,0.348,0.0449364936680149,"HER2+","MCRIP2"
2.56999194329613e-06,2.86356250493403,0.921,0.739,0.0470000126589996,"HER2+","SEC31A"
2.59588736165676e-06,3.68001751661162,0.737,0.13,0.0474735880699789,"HER2+","NUDCD3"
2.59812147603803e-06,4.94466939939614,0.868,0.522,0.0475144455537835,"HER2+","HACD3"
2.6575842199929e-06,2.79632217569243,1,0.826,0.0486019002152301,"HER2+","DNAJC10"
2.87694206589242e-06,4.73202483320671,0.816,0.348,0.0526135165010405,"HER2+","MLPH"
2.88818504015967e-06,2.94044586724592,0.895,0.565,0.05281912801444,"HER2+","IVD"
3.08374052872753e-06,2.64120030335118,0.711,0.087,0.0563954467893691,"HER2+","ATPAF2"
3.11619502264578e-06,2.5184805433191,0.974,0.696,0.056988974574146,"HER2+","ANAPC16"
3.22907877034568e-06,2.64688944540238,0.684,0.043,0.0590533925520818,"HER2+","DMAC1"
3.27600996952878e-06,2.02663959049689,0.816,0.261,0.0599116703227423,"HER2+","UQCC3"
3.32978872951378e-06,4.22657060471425,0.789,0.261,0.0608951762853481,"HER2+","CREB3L4"
3.33660626366772e-06,3.45832554352283,0.816,0.348,0.0610198553499553,"HER2+","CSTB"
3.34078435012178e-06,2.87683497231994,0.895,0.565,0.0610962641950271,"HER2+","TMEM134"
3.43590528579932e-06,3.43404647618597,0.921,0.739,0.062835835866698,"HER2+","RPS16"
3.44408278026183e-06,3.11418722226659,0.816,0.304,0.0629853858854283,"HER2+","METTL5"
3.45548395243714e-06,2.80879017986847,0.842,0.348,0.0631938905221705,"HER2+","COX16"
3.46384969888577e-06,3.40210358307978,0.868,0.478,0.063346883293223,"HER2+","SNRPF"
3.51467218648779e-06,3.27054987060975,0.921,0.696,0.0642763249464888,"HER2+","LLPH"
3.52134275196746e-06,4.30204155092514,0.711,0.13,0.0643983162479809,"HER2+","IL13RA1"
3.52134275196746e-06,2.36381981163145,0.711,0.13,0.0643983162479809,"HER2+","EPHB4"
3.58454763695935e-06,3.50424449607261,0.921,0.652,0.0655542071847127,"HER2+","RPS24"
3.77719398560221e-06,3.48856686124918,0.921,0.696,0.0690773236086933,"HER2+","MRPL3"
3.81555327154276e-06,3.61561252765255,0.737,0.13,0.0697788382299741,"HER2+","SLC25A4"
3.86625123503415e-06,4.49832796260946,0.816,0.348,0.0707060025863045,"HER2+","NQO1"
3.99208702621244e-06,3.94282511167464,0.816,0.304,0.0730072875353731,"HER2+","ATP13A3"
4.02204691480358e-06,3.39571846704559,0.921,0.478,0.0735551939779278,"HER2+","SDHD"
4.04305328487241e-06,4.44709709077964,0.947,0.783,0.0739393584737467,"HER2+","HSPA9"
4.10741045084102e-06,3.65317264965406,0.711,0.13,0.0751163223249806,"HER2+","ATP5MC1"
4.15613716597413e-06,2.43434654634371,0.974,0.696,0.0760074364913349,"HER2+","CCDC125"
4.19987749489784e-06,3.29717867550594,0.763,0.261,0.0768073596266917,"HER2+","FCHO2"
4.30117478099649e-06,3.24387632189496,0.921,0.522,0.0786598843948639,"HER2+","ATG10"
4.30532624422695e-06,3.7098469489807,0.842,0.522,0.0787358063544225,"HER2+","HM13"
4.32193056983908e-06,5.49968235713222,0.737,0.217,0.0790394662612172,"HER2+","SERHL2"
4.34278182930035e-06,2.90043924744047,0.974,0.739,0.0794207940942449,"HER2+","RPL26"
4.4046030324204e-06,3.6983096885331,0.737,0.174,0.0805513802569044,"HER2+","METRN"
4.57895281491809e-06,1.73826159031637,0.947,0.522,0.083739889079222,"HER2+","NOP53"
4.57895281491809e-06,3.6142621582601,0.921,0.565,0.083739889079222,"HER2+","STARD10"
4.62311964906391e-06,4.54824199975887,0.816,0.304,0.0845476121420808,"HER2+","IARS1"
4.62916374940902e-06,3.0530790089016,0.842,0.348,0.0846581466491922,"HER2+","DMKN"
4.64665707281595e-06,6.52638408470589,0.868,0.522,0.0849780645476581,"HER2+","CLDN4"
4.93039882435195e-06,3.34574173176377,0.842,0.391,0.0901671336997484,"HER2+","OR7E122P"
4.96340278990404e-06,2.85440056109708,0.921,0.522,0.0907707102217652,"HER2+","IFT20"
4.97161718312464e-06,3.2291697415849,0.895,0.435,0.0909209350449834,"HER2+","TPD52L1"
5.01989403356754e-06,4.71843151671849,0.737,0.217,0.0918038220858832,"HER2+","CPNE3"
5.01989403356754e-06,1.48677435840707,0.737,0.217,0.0918038220858832,"HER2+","ERVMER34-1"
5.36189275496479e-06,3.98060000450951,0.816,0.609,0.098058294702796,"HER2+","RNF114"
5.50464142030301e-06,4.72070104150501,0.895,0.696,0.100668882294502,"HER2+","LDHA"
5.72265189371885e-06,3.58300095115657,0.868,0.609,0.10465585783233,"HER2+","EIF2S3"
5.72286999313056e-06,5.29045203516504,0.947,0.739,0.104659846434372,"HER2+","KRT8"
5.73602479428888e-06,3.44798875067973,0.842,0.522,0.104900421437955,"HER2+","PATJ"
5.75280457357054e-06,5.20323583805028,0.868,0.565,0.105207290041458,"HER2+","STMN1"
5.75280457357054e-06,2.76008152727523,0.868,0.565,0.105207290041458,"HER2+","EIF3K"
5.80320878522658e-06,2.11846400946944,0.947,0.826,0.106129082264224,"HER2+","RPL7L1"
5.82798576078789e-06,3.42852798496746,0.974,0.826,0.106582203593289,"HER2+","RPS14"
5.96628453811926e-06,7.04883958408793,0.842,0.565,0.109111411633125,"HER2+","CD24"
5.98293941916283e-06,2.40179045794722,0.816,0.348,0.10941599609765,"HER2+","MRTO4"
6.01144181912323e-06,5.38770734168006,0.789,0.261,0.109937247988126,"HER2+","FXYD3"
6.07856520555289e-06,2.4355010446407,0.947,0.696,0.111164800479151,"HER2+","TMEM14B"
6.18346916454808e-06,4.06827054136756,0.789,0.348,0.113083284081255,"HER2+","TBCA"
6.44160621653947e-06,4.11007432026067,0.605,0,0.117804094488074,"HER2+","MPZL1"
6.53055581534887e-06,3.06941952149054,0.895,0.609,0.1194308047511,"HER2+","LONP2"
6.58024283910976e-06,3.05742396808281,0.789,0.304,0.120339481041639,"HER2+","AIFM1"
6.63556508822331e-06,4.07041969614101,0.816,0.609,0.121351214333428,"HER2+","MCCC2"
7.14158265210874e-06,3.54440231264713,0.816,0.304,0.130605263541765,"HER2+","TSN"
7.29565680044651e-06,2.83560021214091,0.895,0.696,0.133422971566566,"HER2+","PAICS"
7.30084053218211e-06,5.00774706864814,0.684,0.087,0.133517771652546,"HER2+","DUSP4"
7.32617913236385e-06,2.31910246025843,0.947,0.478,0.13398116397267,"HER2+","SCAMP4"
7.47395192215395e-06,3.58661787651386,0.789,0.261,0.136683632752351,"HER2+","CIAO2A"
7.50204812092181e-06,2.61807657818451,0.947,0.696,0.137197456035418,"HER2+","RBM23"
7.50204812092181e-06,4.09578722435569,0.947,0.696,0.137197456035418,"HER2+","RPS23"
7.67187861444675e-06,2.84728860811445,0.921,0.696,0.140303316101002,"HER2+","RPL36A"
7.68132496184415e-06,3.39697402605148,0.895,0.652,0.140476070902206,"HER2+","BUD23"
7.82145331288828e-06,3.26626091295462,0.737,0.217,0.143038738186101,"HER2+","MLST8"
7.87684325889161e-06,1.27831454063483,0.684,0.087,0.14405170951861,"HER2+","DHX35"
7.96875127838553e-06,2.45506220019825,0.816,0.348,0.145732523379115,"HER2+","NCALD"
8.00830672840729e-06,3.25342393698697,0.974,0.87,0.146455913449113,"HER2+","RPS19"
8.10529760464558e-06,2.34426373849463,0.868,0.435,0.148229682593758,"HER2+","TRAF3IP2"
8.10529760464558e-06,3.60485482228436,0.816,0.522,0.148229682593758,"HER2+","NANS"
8.22553531599892e-06,2.72557919936537,0.921,0.696,0.150428589858988,"HER2+","CNPY2"
8.52524993149265e-06,3.24191969424627,0.974,0.783,0.155909770747137,"HER2+","RPL13"
8.54204629295798e-06,3.92053872933478,0.658,0.087,0.156216942605616,"HER2+","PRLR"
8.62254459145501e-06,3.54577206985498,0.921,0.739,0.157689095488529,"HER2+","RPL23A"
8.64205211704087e-06,2.89291347106241,0.895,0.609,0.158045849116443,"HER2+","NDUFS8"
8.86479532365523e-06,2.21896548801216,0.789,0.391,0.162119376879007,"HER2+","BOLA3"
9.00550165098245e-06,2.49379806046245,0.895,0.391,0.164692614193167,"HER2+","ZNG1B"
9.04309109649054e-06,3.32282808377013,0.711,0.174,0.165380049972619,"HER2+","MRPL46"
9.24111210979267e-06,4.12304802827362,0.895,0.783,0.169001458263888,"HER2+","RPS8"
9.26403819732859e-06,2.77181558939431,0.921,0.565,0.169420730552745,"HER2+","CCT2"
9.51480458362196e-06,3.83309631811825,0.789,0.391,0.174006746225278,"HER2+","MRPS21"
9.57383564379046e-06,2.62215589044103,0.684,0.043,0.17508630625364,"HER2+","MRPL33"
9.6363453861368e-06,2.84245433299878,0.895,0.696,0.17622948442167,"HER2+","UQCRB"
9.78937357977005e-06,4.42327829720276,0.921,0.87,0.179028064026835,"HER2+","APLP2"
9.79742779424239e-06,3.81554299524203,0.868,0.696,0.179175359501105,"HER2+","ENAH"
1.01031367270801e-05,3.08655302065603,0.868,0.522,0.18476616446484,"HER2+","ENY2"
1.01340514923068e-05,3.00505273897854,0.711,0.13,0.185331533691307,"HER2+","DDX21"
1.02101977158641e-05,2.39429351339394,0.842,0.304,0.186724095827723,"HER2+","CNOT7"
1.04731273834447e-05,1.90670299573239,0.711,0.174,0.191532553588436,"HER2+","THOP1"
1.04797792888777e-05,3.36401929151395,0.895,0.739,0.191654203634996,"HER2+","RPS7"
1.05758423407422e-05,2.99763463060632,0.816,0.348,0.193411004727493,"HER2+","RAB3D"
1.05893775979184e-05,3.27658393618159,0.816,0.478,0.193658537510732,"HER2+","CCDC186"
1.08862522396581e-05,4.01662368055515,0.737,0.261,0.199087780958868,"HER2+","MYO1B"
1.08862522396581e-05,2.2458132793949,0.737,0.261,0.199087780958868,"HER2+","AHI1"
1.12252799534407e-05,2.80458944109149,0.947,0.652,0.205287919788524,"HER2+","RPL9"
1.12485010094658e-05,2.4978092127995,0.763,0.348,0.205712586461111,"HER2+","SHROOM1"
1.1509928337463e-05,2.45849822955299,0.868,0.609,0.210493569435524,"HER2+","DNAJA3"
1.1509928337463e-05,3.63949173220885,0.868,0.609,0.210493569435524,"HER2+","TTC3"
1.15629261781813e-05,3.93343695832099,0.658,0.087,0.21146279394658,"HER2+","MRPL27"
1.16028134168455e-05,2.29762680744157,0.868,0.522,0.21219225176727,"HER2+","POLB"
1.20704600837663e-05,3.06936841642838,0.763,0.348,0.220744574011918,"HER2+","RRP1"
1.20836503759822e-05,2.73074110474471,0.737,0.217,0.220985798075963,"HER2+","UGDH"
1.20836503759822e-05,3.3207132138076,0.737,0.217,0.220985798075963,"HER2+","SORD"
1.21681298546373e-05,2.49231867251968,0.868,0.391,0.222530758781607,"HER2+","NFIC"
1.21681298546373e-05,2.6848872499918,0.868,0.391,0.222530758781607,"HER2+","FLAD1"
1.23296183443246e-05,3.21225508237883,0.579,0,0.225484060281009,"HER2+","SRPRB"
1.23296183443246e-05,2.67478311331011,0.579,0,0.225484060281009,"HER2+","AK4"
1.24642211178038e-05,3.2991828481085,0.658,0.087,0.227945675802396,"HER2+","ILVBL"
1.25932876512873e-05,2.70928221353145,0.789,0.348,0.230306044566743,"HER2+","MRPL4"
1.30295647885915e-05,3.963305261092,0.711,0.174,0.238284680853761,"HER2+","SND1"
1.30394063103716e-05,3.60086644707853,0.842,0.435,0.238464662604077,"HER2+","NVL"
1.30394063103716e-05,3.02399685203579,0.816,0.478,0.238464662604077,"HER2+","MAP4"
1.31494008319147e-05,2.81796564676396,0.947,0.739,0.240476242414055,"HER2+","CLN3"
1.32467879273189e-05,3.73968048086601,0.947,0.783,0.242257257614808,"HER2+","RPS18"
1.34116859681017e-05,4.29157892923438,0.789,0.304,0.245272912984644,"HER2+","NR4A1"
1.34116859681017e-05,3.47446996853812,0.789,0.304,0.245272912984644,"HER2+","CXADR"
1.39415837254777e-05,3.14986327142427,0.921,0.739,0.254963683171537,"HER2+","CYCS"
1.42173364957979e-05,3.81943438527134,0.842,0.391,0.260006649835153,"HER2+","MCM4"
1.42241617162727e-05,4.56112457312268,0.868,0.565,0.260131469467196,"HER2+","HINT1"
1.43835793290342e-05,3.82914543237353,0.789,0.304,0.263046898769377,"HER2+","CCT4"
1.4479383592644e-05,5.76825918520348,0.763,0.391,0.264798967142273,"HER2+","HSPD1"
1.45506372545119e-05,3.89500887420819,0.684,0.13,0.266102054110514,"HER2+","TIMM13"
1.48943635087268e-05,2.80014914562622,0.763,0.348,0.272388119847596,"HER2+","AUTS2"
1.49194498086876e-05,2.49027556696598,0.921,0.739,0.272846898101279,"HER2+","COX7B"
1.49637504817397e-05,2.89861955794987,0.842,0.435,0.273657068810056,"HER2+","SUN1"
1.5170113076437e-05,3.10078362724767,0.974,0.739,0.27743102794188,"HER2+","RPS15"
1.55775183055295e-05,2.10230723437117,0.974,0.696,0.284881654771524,"HER2+","SYAP1"
1.55879142399208e-05,2.11468799879345,0.658,0.087,0.285071775619672,"HER2+","RRM2B"
1.6296920850426e-05,2.84328508234872,0.921,0.478,0.298038088512591,"HER2+","RBMX"
1.6296920850426e-05,3.46157607914098,0.868,0.565,0.298038088512591,"HER2+","ZCCHC8"
1.63087260052744e-05,2.54916857807969,0.842,0.522,0.298253981184458,"HER2+","HARS1"
1.66399238885427e-05,2.45712020333182,0.921,0.652,0.304310928073669,"HER2+","MRPS33"
1.68803480414851e-05,3.07255091543795,0.816,0.435,0.30870780498268,"HER2+","MED29"
1.71570577377768e-05,2.0528312805462,0.842,0.435,0.313768271908462,"HER2+","PIGP"
1.71570577377768e-05,3.30402389918572,0.816,0.478,0.313768271908462,"HER2+","NIT2"
1.73475496422408e-05,2.39169014652121,0.868,0.435,0.317251987857299,"HER2+","MRPS16"
1.74835592720917e-05,2.3244949228022,0.868,0.522,0.319739331968013,"HER2+","PABPC4"
1.74835592720917e-05,2.38883431051936,0.868,0.522,0.319739331968013,"HER2+","HOOK2"
1.76086743570091e-05,2.54520490605433,1,0.957,0.322027436640983,"HER2+","RACK1"
1.77558097931922e-05,2.74442323702272,0.763,0.261,0.3247182494979,"HER2+","TSR1"
1.78083359848681e-05,3.25361947911211,0.789,0.391,0.325678848491268,"HER2+","RBM47"
1.78601921185083e-05,1.78504318742479,0.658,0.13,0.32662719346328,"HER2+","ABCB8"
1.78849443616901e-05,2.55492912602819,0.737,0.261,0.327079862486589,"HER2+","PTPRG"
1.79193027791801e-05,3.19778308137893,0.842,0.652,0.327708209225646,"HER2+","GOT2"
1.80652105062447e-05,3.39120813905376,0.632,0.087,0.330376569738203,"HER2+","SHTN1"
1.80975129590059e-05,2.117198721746,0.921,0.609,0.3309673169943,"HER2+","CCZ1B"
1.83654443375766e-05,2.2473492630905,0.842,0.435,0.335867246045601,"HER2+","DYNC2LI1"
1.87070812290011e-05,0.957257583595682,0.605,0.043,0.342115101515972,"HER2+","SPDYE9"
1.87070812290011e-05,0.980068656778069,0.605,0.043,0.342115101515972,"HER2+","SPDYE11"
1.89384125995143e-05,3.73268595338892,0.816,0.391,0.346345689619918,"HER2+","FRMD4A"
1.9002281179138e-05,5.38984391527064,0.711,0.217,0.347513718204075,"HER2+","EFHD1"
1.90341523382646e-05,3.14137800429247,0.868,0.739,0.348096577962183,"HER2+","RPS28"
1.90715812303931e-05,2.6254579179449,0.789,0.391,0.348781077541428,"HER2+","WDR74"
1.92953145821215e-05,2.87115478008304,0.974,0.783,0.352872713077838,"HER2+","NACA"
1.93464834438408e-05,2.81934223164014,0.816,0.435,0.353808489220961,"HER2+","DCAF16"
1.93472139179989e-05,2.15709218214736,0.842,0.565,0.353821848132364,"HER2+","RSRC1"
1.9618621988077e-05,2.15719405644076,0.921,0.565,0.358785358917952,"HER2+","ANAPC15"
1.9959031977481e-05,2.34317952825568,0.921,0.696,0.365010776804173,"HER2+","CMSS1"
1.99818548920743e-05,4.0524811178234,0.816,0.565,0.365428162266255,"HER2+","IPO9"
2.00126733634228e-05,3.12378797500988,0.895,0.652,0.365991770470277,"HER2+","PPIP5K2"
2.02733586405907e-05,3.61667785220267,0.789,0.435,0.370759182819123,"HER2+","TMEM209"
2.04443277990063e-05,2.33390097839643,0.789,0.348,0.373885866788228,"HER2+","MRPS17"
2.05675172262846e-05,3.2983103015322,0.737,0.261,0.376138755034293,"HER2+","SAMM50"
2.05675172262846e-05,3.29601728440021,0.737,0.261,0.376138755034293,"HER2+","KIF21A"
2.09765644896396e-05,2.74199361115748,0.921,0.565,0.383619411386529,"HER2+","ERGIC2"
2.10297306330089e-05,3.08404502893538,0.816,0.478,0.384591713816467,"HER2+","LRRC58"
2.11940143253703e-05,4.20311990801156,0.868,0.609,0.387596133982372,"HER2+","NDUFC2"
2.14901291966818e-05,1.91036625606583,1,0.87,0.393011482748917,"HER2+","YIPF6"
2.16976058829719e-05,2.24208905371901,0.842,0.348,0.39680581638779,"HER2+","PARVA"
2.16976058829719e-05,2.59267512714331,0.789,0.435,0.39680581638779,"HER2+","FAM234B"
2.17542983727867e-05,2.98629447633131,0.895,0.696,0.397842608641523,"HER2+","RPL17"
2.17746291163861e-05,3.04189010003666,0.921,0.783,0.398214417280469,"HER2+","PIGT"
2.18787120131981e-05,3.58632773765914,0.711,0.217,0.400117885297367,"HER2+","MTIF2"
2.1889979670777e-05,2.75099681023628,0.789,0.348,0.40032394821917,"HER2+","IBTK"
2.19778910419221e-05,2.28308880863151,0.842,0.478,0.401931671374671,"HER2+","OSBPL1A"
2.20484336023105e-05,1.81504216560942,0.763,0.217,0.403221753719055,"HER2+","RFK"
2.24961085338276e-05,3.20528334706496,0.842,0.435,0.41140883286664,"HER2+","RPS17"
2.24961085338276e-05,2.88444931435739,0.816,0.478,0.41140883286664,"HER2+","MRPS23"
2.25533845552958e-05,3.46817557067167,0.632,0.087,0.41245629674725,"HER2+","GATM"
2.28547018765562e-05,2.42672363120414,0.868,0.478,0.41796678791846,"HER2+","SOX13"
2.28547018765562e-05,1.87767591729367,0.842,0.522,0.41796678791846,"HER2+","TMEM50B"
2.31558928945999e-05,2.15763910486617,0.553,0,0.423474969256443,"HER2+","DTNB"
2.32167773930838e-05,3.7606944495069,0.816,0.391,0.424588424964717,"HER2+","LY6E"
2.34294014705078e-05,3.46430257617612,0.763,0.261,0.428476894092646,"HER2+","COMMD10"
2.34294014705078e-05,1.88497177066215,0.763,0.261,0.428476894092646,"HER2+","POP5"
2.34585984516852e-05,3.79653692856697,0.605,0.043,0.429010848484419,"HER2+","IMPDH2"
2.3571066035383e-05,2.83172952953608,0.895,0.739,0.431067655655085,"HER2+","SCARB2"
2.41332501557469e-05,3.52851053796175,0.763,0.348,0.441348878848299,"HER2+","SIVA1"
2.41990035854738e-05,2.89563982544851,0.816,0.348,0.442551377571145,"HER2+","SCYL3"
2.42494282919183e-05,3.71555836534262,0.737,0.304,0.443473544602603,"HER2+","POLR2L"
2.51292352952246e-05,2.76702995208173,0.842,0.478,0.459563455079068,"HER2+","PKIB"
2.52865534196348e-05,3.34834618331298,0.842,0.565,0.462440488938281,"HER2+","LARS1"
2.52865534196348e-05,2.63777401540883,0.842,0.565,0.462440488938281,"HER2+","GLTP"
2.53482051641182e-05,3.57129654974708,0.711,0.261,0.463567976041393,"HER2+","RPL22"
2.58770514157974e-05,2.27287626105992,0.868,0.609,0.473239516292103,"HER2+","ERGIC1"
2.58770514157974e-05,3.65191725802326,0.868,0.609,0.473239516292103,"HER2+","AKR1A1"
2.61179409907827e-05,2.76720234280338,0.868,0.478,0.477644904839434,"HER2+","BRIX1"
2.64390662962195e-05,3.02625889447215,0.789,0.261,0.483517644425262,"HER2+","SEC23B"
2.64390662962195e-05,3.76378887467916,0.763,0.304,0.483517644425262,"HER2+","DYNC1LI2"
2.65379754282478e-05,2.68346113416559,0.895,0.696,0.485326494631796,"HER2+","ZNF875"
2.68515983316207e-05,3.52698031168186,0.658,0.174,0.491062030288679,"HER2+","LONP1"
2.69001650167719e-05,2.14771367757755,0.947,0.652,0.491950217826724,"HER2+","CAND1"
2.71008651259994e-05,3.15104066261401,0.816,0.435,0.495620621424277,"HER2+","EPB41L4A"
2.71244285207067e-05,1.77984790578784,0.737,0.261,0.496051548786684,"HER2+","ATF5"
2.78407111370749e-05,4.1560892571239,0.868,0.565,0.509150925274826,"HER2+","NPM1"
2.80214172184904e-05,2.85020512635876,0.789,0.478,0.512455678091752,"HER2+","CFDP1"
2.83001806072842e-05,2.32386889976071,0.763,0.304,0.517553702946014,"HER2+","SGPL1"
2.83437224909687e-05,1.37193959523643,0.947,0.609,0.518349996914835,"HER2+","PTPN2"
2.86376914781954e-05,2.47098645961593,0.789,0.391,0.523726101753238,"HER2+","USP46"
2.86376914781954e-05,3.17429285445993,0.789,0.391,0.523726101753238,"HER2+","FLNB"
2.88710681414222e-05,2.75991507103838,0.842,0.565,0.527994094170329,"HER2+","ATP5PD"
2.90453031896251e-05,1.30461917454195,0.921,0.739,0.531180504731864,"HER2+","PTPN11"
2.93920697451188e-05,3.44578583731924,0.579,0.043,0.537522171498733,"HER2+","TMEM237"
2.93920697451188e-05,2.9381571635122,0.579,0.043,0.537522171498733,"HER2+","FASN"
2.93936192100262e-05,3.19063895845219,0.816,0.478,0.537550508112959,"HER2+","MRPL22"
2.95290908236914e-05,3.10196783566273,0.868,0.609,0.540028012983667,"HER2+","RPL32"
2.98212687205834e-05,2.79756452650732,0.868,0.478,0.54537136236203,"HER2+","SEC63"
2.98212687205834e-05,2.22771988489926,0.816,0.565,0.54537136236203,"HER2+","IQANK1"
2.98221976011942e-05,4.65572184384748,0.684,0.174,0.545388349730639,"HER2+","FKBP4"
3.03670763553642e-05,3.57326140275172,0.789,0.435,0.5553530923869,"HER2+","RPL35"
3.0515866379316e-05,2.99184400502767,0.842,0.652,0.558074164344932,"HER2+","ERBB2"
3.06733223537808e-05,4.39190594478974,0.842,0.478,0.560953719205943,"HER2+","CCT6A"
3.08396146890706e-05,4.89321303344175,0.842,0.565,0.563994873433724,"HER2+","SLC12A2"
3.16804851250336e-05,2.83270400886518,0.579,0.043,0.579372711966615,"HER2+","IRF6"
3.16923756092681e-05,2.72149653901586,0.921,0.696,0.579590165142294,"HER2+","HNRNPA1"
3.17785885577211e-05,0.999139344606019,0.658,0.13,0.581166827543603,"HER2+","MRPS18B"
3.18550794295775e-05,3.63528714154665,0.842,0.522,0.582565692608114,"HER2+","MAGED1"
3.1871086631802e-05,3.08190402935865,0.868,0.522,0.582858432322396,"HER2+","EIF3I"
3.24025412171768e-05,2.06965114121348,0.789,0.261,0.592577673779729,"HER2+","NSMCE1"
3.24025412171768e-05,1.95045549167644,0.763,0.304,0.592577673779729,"HER2+","RUVBL1"
3.24755633376466e-05,3.87985518506759,0.632,0.087,0.59391310231888,"HER2+","SNRPE"
3.27352849550995e-05,2.28481209994248,0.789,0.391,0.59866289125886,"HER2+","SPAG16"
3.27403272634858e-05,2.66142368269018,0.711,0.174,0.598755104994627,"HER2+","DIS3L2"
3.28552881253898e-05,1.94264882112647,0.868,0.696,0.600857509237129,"HER2+","RDH13"
3.31915820815006e-05,3.74515831337254,0.658,0.174,0.607007653106483,"HER2+","CYB561"
3.31915820815006e-05,4.49066677263221,0.658,0.174,0.607007653106483,"HER2+","DHCR24"
3.32994350304084e-05,2.39889314101807,0.763,0.217,0.608980067836109,"HER2+","PUF60"
3.35549641137514e-05,3.95754754895434,0.816,0.478,0.613653183712285,"HER2+","MDH1"
3.36676633818921e-05,1.76106144548949,0.921,0.522,0.615714227928044,"HER2+","PPFIBP1"
3.36676633818921e-05,3.65515296814102,0.868,0.609,0.615714227928044,"HER2+","ELAPOR1"
3.39120819036136e-05,2.15242566477112,0.895,0.522,0.620184153853286,"HER2+","MRPS18C"
3.39854048001878e-05,2.42920550064992,0.947,0.913,0.621525082985834,"HER2+","RPL37"
3.40202336021095e-05,2.39652184044182,0.842,0.522,0.622162032115378,"HER2+","NF2"
3.41375403233508e-05,2.36921349551316,0.579,0.043,0.624307337433439,"HER2+","CCAR2"
3.4200407104848e-05,1.97194718316181,0.842,0.391,0.62545704513346,"HER2+","VPS36"
3.44880868879006e-05,2.89895937505992,0.868,0.739,0.630718133005926,"HER2+","SAR1B"
3.45461549295428e-05,3.6793755859123,0.737,0.217,0.631780081351478,"HER2+","C1QBP"
3.46597874431357e-05,3.73947164517197,0.789,0.261,0.633858192760066,"HER2+","OSTC"
3.46888577162433e-05,2.4387734773683,0.605,0.087,0.634389829914658,"HER2+","RYK"
3.52695215519111e-05,1.59347740534685,0.763,0.261,0.645009010141351,"HER2+","UTP25"
3.53242085090513e-05,2.97390199179678,0.895,0.783,0.646009125213529,"HER2+","RPL34"
3.55562180056196e-05,2.86178154414384,0.868,0.652,0.650252114886772,"HER2+","CTPS1"
3.56040158051801e-05,6.100587174656,0.658,0.174,0.651126241045134,"HER2+","EPCAM"
3.5839871367057e-05,2.79257398984673,0.816,0.478,0.655439567560739,"HER2+","OLA1"
3.60993235115577e-05,2.54612789120858,0.921,0.696,0.660184428379366,"HER2+","DFFA"
3.61677512184774e-05,2.04598607928389,0.816,0.348,0.661435834283515,"HER2+","BCAM"
3.6178046337376e-05,3.7353082879473,0.763,0.348,0.661624111417932,"HER2+","PALLD"
3.6178046337376e-05,2.28967063903576,0.763,0.348,0.661624111417932,"HER2+","ASPSCR1"
3.6178046337376e-05,1.39596924831486,0.763,0.348,0.661624111417932,"HER2+","FMN1"
3.63177276587099e-05,7.59192228493054,0.684,0.217,0.664178603422487,"HER2+","AZGP1"
3.63341102160126e-05,2.98714641309634,0.868,0.522,0.664478207630439,"HER2+","SUPT16H"
3.66181085659779e-05,2.86177461226761,0.605,0.043,0.669671969454603,"HER2+","RCN1"
3.67748926459782e-05,3.87254619590756,0.579,0.043,0.672539236709649,"HER2+","BSPRY"
3.67748926459782e-05,3.97670819935405,0.579,0.043,0.672539236709649,"HER2+","PDZD11"
3.67748926459782e-05,3.15550555245622,0.579,0.043,0.672539236709649,"HER2+","TRIAP1"
3.72887162178195e-05,2.268622694363,0.947,0.652,0.681936042191482,"HER2+","NDUFB1"
3.73859499647167e-05,2.4599928651899,0.789,0.391,0.683714252954739,"HER2+","CORO2A"
3.74057582037675e-05,2.45623684212858,0.789,0.304,0.6840765060305,"HER2+","IDE"
3.81344722064122e-05,1.87474023158047,0.737,0.261,0.697403227710866,"HER2+","KRBOX4"
3.82612554556846e-05,5.02189224191707,0.711,0.261,0.69972183977356,"HER2+","DCXR"
3.86099362437605e-05,2.40157479480377,0.868,0.435,0.706098514025893,"HER2+","ZNF131"
3.87768615561558e-05,3.77714337516229,0.842,0.522,0.709151244138977,"HER2+","HDLBP"
3.94017027049233e-05,4.87532759490569,0.684,0.174,0.720578339067637,"HER2+","SLC39A6"
4.07747025012143e-05,3.31806163691199,0.711,0.217,0.745687759342208,"HER2+","NOP58"
4.11607724952152e-05,3.58083905832644,0.947,0.87,0.752748207392496,"HER2+","SYNE2"
4.12136107187443e-05,2.46138102979433,0.868,0.435,0.753714512824396,"HER2+","IPO5"
4.12276714825936e-05,3.02467879568283,0.895,0.522,0.753971656073672,"HER2+","PPP2R1A"
4.12276714825936e-05,3.01427914212093,0.842,0.609,0.753971656073672,"HER2+","PLEKHA1"
4.13864191274215e-05,2.72526414183743,0.868,0.522,0.756874833002284,"HER2+","STARD7"
4.13864191274215e-05,3.84669376586312,0.868,0.522,0.756874833002284,"HER2+","PON2"
4.18841008107787e-05,2.73686440119855,0.895,0.696,0.76597643562752,"HER2+","BTF3"
4.26991203217363e-05,4.60946255641218,0.526,0,0.780881512443913,"HER2+","MPHOSPH6"
4.26991203217363e-05,4.48728434192043,0.526,0,0.780881512443913,"HER2+","ADIRF"
4.26991203217363e-05,2.37725853701826,0.526,0,0.780881512443913,"HER2+","RHOD"
4.26991203217363e-05,2.33564652818141,0.526,0,0.780881512443913,"HER2+","SOX11"
4.27499110375802e-05,3.79455695226734,0.842,0.565,0.781810373055266,"HER2+","RPL39"
4.32705452552079e-05,3.63357901426198,0.632,0.087,0.791331731627242,"HER2+","MTCH2"
4.38150416370299e-05,2.05141395322418,0.974,0.609,0.801289481458002,"HER2+","PPP2R5C"
4.39825517444714e-05,3.22981684117663,0.842,0.609,0.804352906302893,"HER2+","POMGNT1"
4.398331664785e-05,3.58642421130155,0.816,0.522,0.804366894855881,"HER2+","RPL5"
4.398331664785e-05,2.62553625472469,0.816,0.522,0.804366894855881,"HER2+","POLR3K"
4.41603399132136e-05,2.47701579433326,0.842,0.522,0.807604296332851,"HER2+","MAGT1"
4.46674427660774e-05,2.44289617578589,0.921,0.652,0.816878193306024,"HER2+","SMARCA4"
4.46674427660774e-05,2.80734298061808,0.868,0.739,0.816878193306024,"HER2+","SLC35A3"
4.51262191337945e-05,4.99742438524047,0.816,0.391,0.825268295518835,"HER2+","PEBP1"
4.51262191337945e-05,2.99094934289344,0.789,0.435,0.825268295518835,"HER2+","CEP78"
4.52716591122164e-05,4.1690897179804,0.737,0.348,0.827928101844214,"HER2+","SEC61G"
4.52716591122164e-05,3.12712934252596,0.737,0.348,0.827928101844214,"HER2+","AP1G2"
4.53088686802594e-05,3.11171731846711,0.737,0.217,0.828608590424584,"HER2+","NHP2"
4.54335097028536e-05,3.90247724941301,0.842,0.478,0.830888025445787,"HER2+","HEBP2"
4.54335097028536e-05,2.8998040192436,0.842,0.478,0.830888025445787,"HER2+","PRDX2"
4.54335097028536e-05,2.97794427916628,0.842,0.478,0.830888025445787,"HER2+","NF1"
4.54335097028536e-05,3.29310986480903,0.789,0.565,0.830888025445787,"HER2+","ERBB3"
4.57204391615981e-05,3.27860746872264,0.921,0.739,0.836135391387307,"HER2+","EEF1D"
4.63124267520941e-05,4.58098929845192,0.605,0.087,0.846961660442296,"HER2+","AHCY"
4.63124267520941e-05,3.24731973057708,0.605,0.087,0.846961660442296,"HER2+","CBX1"
4.65433586056643e-05,2.41856846795032,0.842,0.435,0.851184942180388,"HER2+","SUCLG1"
4.65433586056643e-05,4.0589024921076,0.816,0.478,0.851184942180388,"HER2+","UBE2S"
4.65577839567135e-05,2.34974420065852,0.868,0.609,0.851448753000377,"HER2+","OAZ2"
4.66305654763731e-05,2.68017401964573,1,0.739,0.852779781431911,"HER2+","RPS26"
4.67025000554663e-05,3.05212512028127,0.684,0.261,0.854095321014367,"HER2+","DSC2"
4.6858866166574e-05,3.68399045307297,0.711,0.261,0.856954944454306,"HER2+","RPS21"
4.70697791569016e-05,2.63044909647951,0.763,0.435,0.860812121221417,"HER2+","GNPNAT1"
4.71109097507481e-05,2.58780691858857,0.868,0.478,0.861564317521681,"HER2+","XRCC6"
4.71109097507481e-05,3.07068382192319,0.816,0.565,0.861564317521681,"HER2+","PSPH"
4.77602653620089e-05,1.86819714383378,0.684,0.217,0.87343973294042,"HER2+","MTA1"
4.77602653620089e-05,2.39025473841811,0.684,0.217,0.87343973294042,"HER2+","SLC22A5"
4.84324168605491e-05,1.37701217640985,0.684,0.174,0.885732039545722,"HER2+","RTL10"
4.84710290795101e-05,2.22295456230941,0.842,0.478,0.88643817980608,"HER2+","ARPIN"
4.8835360135729e-05,1.95431445319414,0.789,0.348,0.893101066162211,"HER2+","PPP1R13B"
4.91062720136126e-05,2.14162391902261,0.921,0.565,0.898055502584946,"HER2+","RAD23A"
5.02465761365788e-05,2.96833797412715,0.763,0.435,0.918909384385754,"HER2+","MYEF2"
5.0247764655498e-05,2.41427317969799,0.842,0.522,0.918931120019747,"HER2+","KNOP1"
5.07689074621977e-05,3.68752258503807,0.895,0.696,0.928461779668672,"HER2+","RPL18A"
5.07689074621977e-05,1.96482573028044,0.895,0.696,0.928461779668672,"HER2+","EIF3F"
5.0942967842231e-05,2.97289519218109,0.737,0.304,0.931644995898721,"HER2+","SRP72"
5.11740830997884e-05,2.18275220278659,0.632,0.13,0.93587163172893,"HER2+","PTPRK"
5.11740830997884e-05,1.68311146445213,0.632,0.13,0.93587163172893,"HER2+","NOSTRIN"
5.20627631823389e-05,3.38605349706245,0.737,0.391,0.952123813078614,"HER2+","TSPAN3"
5.21367739817287e-05,3.17256519423974,0.789,0.348,0.953477322577855,"HER2+","ABCE1"
5.2378898803759e-05,3.17747647635132,0.895,0.826,0.957905301323144,"HER2+","DDB1"
5.28740295883461e-05,2.07511660881666,0.711,0.174,0.966960253111673,"HER2+","GFM2"
5.32959944864382e-05,2.76592983955497,0.895,0.652,0.974677147167982,"HER2+","CYRIB"
5.33040196775607e-05,1.66901946036749,0.737,0.261,0.97482391186323,"HER2+","KIF13A"
5.33330117839026e-05,2.61056903478523,0.868,0.565,0.97535411950401,"HER2+","DIABLO"
5.33330117839026e-05,2.23266005834147,0.842,0.609,0.97535411950401,"HER2+","SSB"
5.33905680520303e-05,2.58749675640131,0.868,0.435,0.97640670853553,"HER2+","PLXNA3"
5.34266415913112e-05,1.81121222451922,0.605,0.087,0.977066421421899,"HER2+","MRPL2"
5.35762091940993e-05,2.1398104832289,0.711,0.261,0.979801713741688,"HER2+","PTK6"
5.46909620896039e-05,2.97596048391462,0.684,0.217,1,"HER2+","WRAP73"
5.46909620896039e-05,2.95257396650572,0.684,0.217,1,"HER2+","FAM174B"
5.4873945870209e-05,2.64306338098484,0.632,0.13,1,"HER2+","FNIP2"
5.4873945870209e-05,1.96259712012995,0.632,0.13,1,"HER2+","POM121"
5.53952354895202e-05,3.68067921276641,0.789,0.391,1,"HER2+","PRDX3"
5.57925996006375e-05,2.97087935650543,0.895,0.609,1,"HER2+","CALR"
5.57925996006375e-05,2.47407198560935,0.868,0.652,1,"HER2+","MAP3K13"
5.57925996006375e-05,3.78944855665469,0.868,0.652,1,"HER2+","COPB2"
5.6248664906503e-05,2.60861602144594,0.763,0.261,1,"HER2+","UBFD1"
5.64085045932443e-05,3.08766412799576,0.868,0.609,1,"HER2+","RPL28"
5.6847979877939e-05,3.14282407280942,0.842,0.609,1,"HER2+","SYTL1"
5.68773419697219e-05,2.56166262336831,0.553,0.043,1,"HER2+","ESF1"
5.71249556377053e-05,2.08784226165756,0.842,0.522,1,"HER2+","PIP5K1A"
5.76258788880493e-05,3.51410207216778,0.789,0.478,1,"HER2+","IFNAR1"
5.82311506583954e-05,2.18234172236734,0.895,0.565,1,"HER2+","RWDD1"
5.83785420719434e-05,3.09143705217426,0.842,0.826,1,"HER2+","LRPAP1"
5.8780728790122e-05,1.4664095574437,0.842,0.478,1,"HER2+","DPY19L4"
5.88262775522848e-05,2.78386488593958,0.632,0.13,1,"HER2+","MAP3K9"
5.91011672004004e-05,3.09213585558828,0.789,0.391,1,"HER2+","EIF3H"
5.94027376276142e-05,3.02491440003929,0.684,0.174,1,"HER2+","AIMP1"
5.95082319407032e-05,2.66183188621114,0.816,0.435,1,"HER2+","PIAS2"
5.9608565439185e-05,3.25946791891802,0.632,0.174,1,"HER2+","COA4"
5.9608565439185e-05,1.83091407322855,0.632,0.174,1,"HER2+","RAD51B"
6.0072160393788e-05,3.64644279424306,0.711,0.348,1,"HER2+","MRM2"
6.02329891080387e-05,2.61903761097218,0.816,0.478,1,"HER2+","POLR2H"
6.05816161361333e-05,2.82545765283549,0.842,0.609,1,"HER2+","TRAP1"
6.08052112895508e-05,2.85994332506169,0.605,0.043,1,"HER2+","HES1"
6.10410219876216e-05,2.11039173721533,0.816,0.348,1,"HER2+","ZNF566"
6.10410219876216e-05,4.3934458098065,0.763,0.435,1,"HER2+","TMCO1"
6.12114266978075e-05,2.68394897926082,0.553,0.043,1,"HER2+","CYB561D2"
6.12114266978075e-05,7.27189483944877,0.553,0.043,1,"HER2+","KRT7"
6.15681770903184e-05,3.97809563972151,0.605,0.087,1,"HER2+","PSMD14"
6.18590569262248e-05,3.19732420295326,0.658,0.174,1,"HER2+","WDR43"
6.20450755881049e-05,3.07932981628099,0.895,0.565,1,"HER2+","TMED2"
6.20450755881049e-05,2.70776737125256,0.842,0.652,1,"HER2+","RPS25"
6.21863962706013e-05,2.07505083169266,0.895,0.739,1,"HER2+","MRPL57"
6.23952404275241e-05,2.15582289258088,0.816,0.391,1,"HER2+","MARS1"
6.25673722073842e-05,1.81733764268174,0.684,0.217,1,"HER2+","SHCBP1"
6.25673722073842e-05,1.0028664505831,0.684,0.217,1,"HER2+","HSF1"
6.32595294202227e-05,2.61244926988478,0.737,0.217,1,"HER2+","PADI2"
6.33565951739704e-05,2.58493530156543,0.816,0.304,1,"HER2+","PTCD2"
6.33565951739704e-05,4.05675625729836,0.763,0.391,1,"HER2+","PLCB1"
6.35553449990284e-05,1.75227789930214,0.658,0.217,1,"HER2+","C15orf61"
6.38434237556666e-05,3.52483637566185,0.632,0.174,1,"HER2+","ADAM15"
6.48357392462251e-05,2.35612270700224,0.868,0.522,1,"HER2+","DGLUCY"
6.48357392462251e-05,2.62159882772535,0.868,0.522,1,"HER2+","SNRNP200"
6.4887344782816e-05,2.43974535058123,0.868,0.478,1,"HER2+","EIF4A1"
6.4887344782816e-05,2.50798976621471,0.816,0.565,1,"HER2+","FAM133B"
6.51030179668444e-05,3.89853174563616,0.763,0.435,1,"HER2+","SEMA3C"
6.58569456555756e-05,3.38961548694325,0.553,0.043,1,"HER2+","POLE4"
6.60306471576319e-05,2.24012229799803,0.579,0.043,1,"HER2+","GRAMD2A"
6.60313702765964e-05,2.33467994429725,0.605,0.13,1,"HER2+","DYNLT2B"
6.62717505814119e-05,2.55679365644947,0.737,0.304,1,"HER2+","MOAP1"
6.65287102868042e-05,1.93876525227713,0.816,0.391,1,"HER2+","AFF3"
6.67727761773094e-05,2.35579593607387,0.895,0.391,1,"HER2+","GARIN1A"
6.67727761773094e-05,2.73835573059788,0.842,0.478,1,"HER2+","NCBP1"
6.67727761773094e-05,2.17151791330256,0.842,0.478,1,"HER2+","ANKRD40"
6.67727761773094e-05,1.92378818223875,0.842,0.478,1,"HER2+","CFAP97"
6.68972072152316e-05,4.14614755179166,0.684,0.217,1,"HER2+","PHB1"
6.69213653127369e-05,2.25018934689401,0.842,0.565,1,"HER2+","EIF3E"
6.71227645040237e-05,0.661463193644735,0.763,0.304,1,"HER2+","PAXIP1"
6.74592322866432e-05,3.13757516357366,0.816,0.739,1,"HER2+","TACC2"
6.83417250083314e-05,2.06920358532197,0.921,0.696,1,"HER2+","RBM28"
6.91331755760309e-05,1.77291353562435,0.842,0.522,1,"HER2+","ILF3"
6.98415444866612e-05,2.34536305661506,0.711,0.261,1,"HER2+","SIPA1L1"
7.01140565773568e-05,4.18021762375995,0.579,0.087,1,"HER2+","PDCD5"
7.01140565773568e-05,4.06243627170206,0.579,0.087,1,"HER2+","MRPL13"
7.08750018961764e-05,3.00277104585828,0.605,0.087,1,"HER2+","BCCIP"
7.09204020519897e-05,2.35086581456311,0.789,0.435,1,"HER2+","MTCL2"
7.167864430661e-05,2.98279807915483,0.789,0.391,1,"HER2+","ZNF410"
7.18363938536413e-05,3.511698466692,0.842,0.696,1,"HER2+","SPG21"
7.29161955195067e-05,2.8783107202456,0.816,0.478,1,"HER2+","TMEM45B"
7.309105931017e-05,2.82005575336473,0.895,0.652,1,"HER2+","DDX18"
7.31187942741024e-05,3.34196083686663,0.947,1,1,"HER2+","PPA1"
7.3225090839113e-05,2.47556532885214,0.868,0.565,1,"HER2+","INTS11"
7.34303882413059e-05,1.83840694592241,0.816,0.522,1,"HER2+","HMOX2"
7.34303882413059e-05,1.82731035985045,0.816,0.522,1,"HER2+","LETM1"
7.35657674871879e-05,2.91904615899647,0.868,0.522,1,"HER2+","RAB11FIP1"
7.4078259195169e-05,3.12195356649059,0.711,0.304,1,"HER2+","SRARP"
7.41657410485435e-05,2.88348313757051,0.842,0.783,1,"HER2+","EMP2"
7.44094767029362e-05,2.93358575869731,0.789,0.478,1,"HER2+","SLC1A4"
7.44138390562453e-05,3.56522524804087,0.763,0.348,1,"HER2+","UBA6"
7.45460501192494e-05,2.29237015097673,0.684,0.261,1,"HER2+","AK6"
7.54143901461642e-05,2.98697053214885,0.868,0.696,1,"HER2+","RPS13"
7.54838978049109e-05,2.60061523063572,0.737,0.304,1,"HER2+","PHLDA3"
7.59159050198848e-05,3.5888754776276,0.789,0.652,1,"HER2+","RPS6"
7.64062196712473e-05,2.77259327634998,0.789,0.391,1,"HER2+","GIPC1"
7.64215917796709e-05,3.73821657657497,0.684,0.217,1,"HER2+","FAM136A"
7.68885088968706e-05,2.57028039805947,0.947,0.783,1,"HER2+","SEM1"
7.73407558533141e-05,3.02675660988596,0.868,0.609,1,"HER2+","HADHA"
7.73407558533141e-05,2.26957568272145,0.868,0.609,1,"HER2+","MRPS5"
7.7358792990606e-05,3.05350879755318,0.5,0,1,"HER2+","SLC25A13"
7.7358792990606e-05,4.551335419946,0.5,0,1,"HER2+","LIMCH1"
7.7358792990606e-05,3.65106994382128,0.5,0,1,"HER2+","CPE"
7.7358792990606e-05,2.46838462426823,0.5,0,1,"HER2+","PTPMT1"
7.7358792990606e-05,3.11837414224967,0.5,0,1,"HER2+","ENOPH1"
7.7358792990606e-05,3.24521307144372,0.5,0,1,"HER2+","DLAT"
7.7358792990606e-05,3.68840529264027,0.5,0,1,"HER2+","CFAP298"
7.7358792990606e-05,3.91299961638258,0.5,0,1,"HER2+","SPINT1"
7.7358792990606e-05,1.76090654994845,0.5,0,1,"HER2+","UQCC5"
7.7358792990606e-05,3.85447662727153,0.5,0,1,"HER2+","SUCLG2"
7.7358792990606e-05,2.46098413748541,0.5,0,1,"HER2+","TYW1"
7.88791342025816e-05,3.34547283484779,0.763,0.435,1,"HER2+","MRPS7"
7.92763152351282e-05,2.5334354418136,0.789,0.478,1,"HER2+","TMEM8B"
8.01904493363094e-05,1.79931499551044,0.658,0.087,1,"HER2+","AGO4"
8.05394754179044e-05,3.0415228101825,0.789,0.435,1,"HER2+","SEC22C"
8.06881905658295e-05,2.73412052114562,0.921,0.739,1,"HER2+","PLPP2"
8.08307889416479e-05,1.97610912238933,0.842,0.565,1,"HER2+","MLLT6"
8.14275810525529e-05,1.53971961294704,0.789,0.391,1,"HER2+","MTRES1"
8.14821297436086e-05,2.59304252131726,0.763,0.304,1,"HER2+","KCTD1"
8.18774819800737e-05,3.12966313039903,0.553,0.043,1,"HER2+","PDCL3"
8.23271183217293e-05,2.55843925293592,0.868,0.609,1,"HER2+","CEP89"
8.27328462026058e-05,2.96276089423485,0.789,0.522,1,"HER2+","NOC2L"
8.32878991087264e-05,1.8208602094844,0.868,0.435,1,"HER2+","CCDC127"
8.32878991087264e-05,2.97105428382719,0.816,0.522,1,"HER2+","MAD2L1"
8.40537147321104e-05,1.69023091329585,0.816,0.348,1,"HER2+","CDKN2AIPNL"
8.40537147321104e-05,3.12826727527134,0.763,0.435,1,"HER2+","LLGL2"
8.43646889199846e-05,2.80348353529686,0.737,0.261,1,"HER2+","KGD4"
8.43646889199846e-05,3.0853260064682,0.711,0.304,1,"HER2+","DSG2"
8.49327925809513e-05,2.76201340238477,0.895,0.565,1,"HER2+","HERPUD1"
8.57994245720662e-05,1.70553386513787,0.816,0.391,1,"HER2+","TUBGCP2"
8.57994245720662e-05,1.75436763002676,0.789,0.435,1,"HER2+","TRIM14"
8.57994245720662e-05,4.08425677713379,0.789,0.435,1,"HER2+","SRD5A3"
8.67597462685388e-05,2.08951145047265,0.789,0.391,1,"HER2+","PIK3R3"
8.68820035410485e-05,3.25410548436215,0.737,0.348,1,"HER2+","CX3CL1"
8.70500532011813e-05,2.52429352537095,0.895,0.87,1,"HER2+","ALDH7A1"
8.70686388781918e-05,1.48819295616106,0.632,0.087,1,"HER2+","TNPO3"
8.70686388781918e-05,4.18259468256093,0.605,0.13,1,"HER2+","TMEM147"
8.70686388781918e-05,1.99412815663599,0.605,0.13,1,"HER2+","ARHGEF28"
8.71441576445405e-05,3.51023412181667,0.763,0.522,1,"HER2+","TXN2"
8.71441576445405e-05,4.45956121031081,0.763,0.522,1,"HER2+","DEGS1"
8.72839229908743e-05,2.89437858305656,0.816,0.304,1,"HER2+","METTL16"
8.72839229908743e-05,1.78723973982655,0.789,0.348,1,"HER2+","SPEF2"
8.72839229908743e-05,3.16946995957142,0.737,0.435,1,"HER2+","APBB2"
8.73353264180041e-05,1.4458645384633,0.789,0.304,1,"HER2+","FZD4"
8.80974427330805e-05,3.67915024747433,0.816,0.478,1,"HER2+","RPS5"
8.87060346794653e-05,1.0972209586183,0.763,0.261,1,"HER2+","ITPK1"
8.8890648333197e-05,2.26452143999757,0.816,0.565,1,"HER2+","DNAJC22"
9.03796962776842e-05,2.52385834982718,0.895,0.565,1,"HER2+","ARMC10"
9.06731981704503e-05,3.24883897115135,0.974,0.87,1,"HER2+","KDM5B"
9.08886187063714e-05,2.49157271206295,0.921,0.609,1,"HER2+","TCTN1"
9.13828098862633e-05,2.37354212257179,0.789,0.435,1,"HER2+","RAB40B"
9.16006396759572e-05,1.86851514392125,0.737,0.304,1,"HER2+","PCGF1"
9.26187616807383e-05,2.6046350119499,0.737,0.348,1,"HER2+","COBLL1"
9.26187616807383e-05,2.28771056699094,0.737,0.348,1,"HER2+","TULP4"
9.29219944272317e-05,3.19802472605024,0.579,0.087,1,"HER2+","GALNT3"
9.29219944272317e-05,0.795548470206584,0.579,0.087,1,"HER2+","BORCS5"
9.2997750224128e-05,2.97495235709333,0.763,0.391,1,"HER2+","ZNF561"
9.3241097486395e-05,4.81775885093902,0.605,0.13,1,"HER2+","UQCRC1"
9.33107495668723e-05,2.32121771009175,0.947,0.87,1,"HER2+","CSNK2A1"
9.3693257030757e-05,2.10414162835724,0.684,0.304,1,"HER2+","MECR"
9.37428156514281e-05,2.42362708596212,0.895,0.652,1,"HER2+","MANSC1"
9.3789505338081e-05,5.00056442611725,0.789,0.522,1,"HER2+","ELF3"
9.39975961348623e-05,2.9666039326341,0.842,0.609,1,"HER2+","RFC1"
9.39975961348623e-05,2.87727675967757,0.842,0.609,1,"HER2+","NME6"
9.46050871025249e-05,2.52054870228779,0.868,0.478,1,"HER2+","CDC73"
9.57457696829779e-05,3.09060411047911,0.789,0.478,1,"HER2+","CPD"
9.57457696829779e-05,2.13707675835345,0.789,0.478,1,"HER2+","RPP30"
9.57457696829779e-05,2.50646783839919,0.789,0.478,1,"HER2+","DDX10"
9.57457696829779e-05,3.30063941910014,0.789,0.478,1,"HER2+","TCAF1"
9.59908083840112e-05,2.59372439145829,0.711,0.304,1,"HER2+","DSN1"
9.68755638489861e-05,1.37100213459951,0.684,0.261,1,"HER2+","SLC44A4"
9.73081515614251e-05,3.20700233366909,0.789,0.435,1,"HER2+","EIF5B"
9.73081515614251e-05,3.38467339243668,0.763,0.478,1,"HER2+","SORL1"
9.76595657130334e-05,2.23606557104466,0.737,0.304,1,"HER2+","SHMT1"
9.84291248368826e-05,2.3200265409112,0.789,0.391,1,"HER2+","TOR3A"
9.91699868622946e-05,2.66457527351678,0.737,0.391,1,"HER2+","UBE2D4"
9.91699868622946e-05,3.95518397881348,0.737,0.391,1,"HER2+","NIPSNAP1"
9.92275137458827e-05,3.0320446318554,0.921,0.913,1,"HER2+","RPL41"
9.98276443817192e-05,2.27198363446981,0.816,0.478,1,"HER2+","COA7"
9.98276443817192e-05,2.17140102180315,0.789,0.522,1,"HER2+","SLC35F6"
0.000100446833509287,1.45054891455956,0.868,0.435,1,"HER2+","PPP1R37"
0.000100507093425193,2.32583604000716,0.868,0.522,1,"HER2+","TRAF5"
0.000100665202326991,2.6662614550788,0.816,0.565,1,"HER2+","IMPA2"
0.000100829064518181,3.66557851372158,0.711,0.348,1,"HER2+","DDX47"
0.000101677043673713,1.91717513220887,0.632,0.13,1,"HER2+","UTP15"
0.000102356855447005,1.47967087359094,0.763,0.348,1,"HER2+","NAA40"
0.00010322474176515,2.56832489374207,0.711,0.261,1,"HER2+","FKBP9"
0.000103291434033037,2.42560737856294,0.868,0.826,1,"HER2+","CHP1"
0.000104805069919849,2.50565590765309,0.789,0.391,1,"HER2+","RIOK2"
0.000104805069919849,2.34542369257359,0.789,0.391,1,"HER2+","URB1"
0.000105640211801999,3.48348845569074,0.789,0.304,1,"HER2+","EIF2S1"
0.00010602821351239,2.03705323149448,0.895,0.652,1,"HER2+","PDAP1"
0.000106149384161763,1.73164971643509,0.684,0.217,1,"HER2+","SIX4"
0.000106149384161763,1.40576869556237,0.684,0.217,1,"HER2+","LRWD1"
0.000106231438910369,2.88423928180886,0.816,0.478,1,"HER2+","TES"
0.000106231438910369,3.21276354876363,0.789,0.522,1,"HER2+","LEPROTL1"
0.0001063622901255,3.17121657453136,0.842,0.609,1,"HER2+","CBX5"
0.000106600274964799,3.77260393335922,0.684,0.304,1,"HER2+","TOMM6"
0.000106799267422121,0.836447991107088,0.579,0.087,1,"HER2+","MAGI1"
0.0001070904501904,2.4983863506717,0.842,0.522,1,"HER2+","LYRM7"
0.000107432723839396,2.78703540368899,0.605,0.087,1,"HER2+","ANKRD13C"
0.000107913624074237,4.79119509872732,0.526,0.043,1,"HER2+","ECHS1"
0.000108768088901789,1.79946343636916,0.895,0.565,1,"HER2+","GGCX"
0.000109328828770003,1.89210313386013,0.921,0.609,1,"HER2+","CCDC90B"
0.000110229153955154,2.14387770701361,0.842,0.478,1,"HER2+","POLE"
0.000110886127441689,3.58247521194152,0.895,0.609,1,"HER2+","ANKRD30B"
0.000112507345912316,2.84070927421941,0.737,0.391,1,"HER2+","C8orf33"
0.000113105538551646,3.4059242467389,0.816,0.652,1,"HER2+","MTHFD1"
0.000113666224222526,3.65156005938261,0.684,0.304,1,"HER2+","KCTD3"
0.000113684943464925,3.6493133131013,0.816,0.522,1,"HER2+","PEX1"
0.000113901288904806,1.906233682526,0.842,0.522,1,"HER2+","CLPP"
0.000113901288904806,3.12819071327598,0.842,0.522,1,"HER2+","RPSA"
0.00011510398724587,3.27681018866176,0.763,0.435,1,"HER2+","SLFN5"
0.00011510398724587,3.54695720132522,0.763,0.435,1,"HER2+","LITAF"
0.000115482968479826,3.04747450137346,0.658,0.217,1,"HER2+","PON3"
0.000115960427273015,1.90751011092221,0.526,0.043,1,"HER2+","MCEE"
0.000115960427273015,4.4191313134531,0.526,0.043,1,"HER2+","RNPEP"
0.000116223002242755,2.6645011141515,0.868,0.696,1,"HER2+","KAT6B"
0.000116300536251015,2.90573069589067,0.711,0.304,1,"HER2+","PLPBP"
0.000116467177477886,0.627141403685355,0.579,0.043,1,"HER2+","SPDYE3"
0.000117242087643881,2.68223316215722,0.842,0.565,1,"HER2+","GNS"
0.000117242087643881,2.54772165377498,0.842,0.565,1,"HER2+","TMEM19"
0.000117242087643881,1.9478689101165,0.842,0.565,1,"HER2+","PSMD12"
0.000117242741837302,2.75455807630107,0.842,0.478,1,"HER2+","EBPL"
0.000117242741837302,3.43411525884956,0.842,0.478,1,"HER2+","BMS1"
0.000117242741837302,2.27396245268788,0.789,0.565,1,"HER2+","TNFRSF1A"
0.000117335965145888,3.32128636817683,0.816,0.391,1,"HER2+","PPA2"
0.000117335965145888,4.25732726559904,0.763,0.478,1,"HER2+","HSPA5"
0.000117619673336191,1.69137649468838,0.684,0.261,1,"HER2+","DPH5"
0.000117619673336191,3.04577042129938,0.684,0.261,1,"HER2+","CRELD2"
0.000119794018871901,2.8218563217795,0.737,0.391,1,"HER2+","EIF2B4"
0.000120250600069088,1.71700430534228,0.842,0.609,1,"HER2+","USE1"
0.000122310009606387,2.7194721010073,0.605,0.13,1,"HER2+","DIAPH3"
0.000122492409418202,2.7053283038752,0.763,0.435,1,"HER2+","SHROOM3"
0.000122930322347013,3.6184079646733,0.842,0.652,1,"HER2+","PPIB"
0.000123256484743755,2.97813196521704,0.658,0.217,1,"HER2+","ZCRB1"
0.000123602075010929,2.41087001150132,0.763,0.348,1,"HER2+","EIF2A"
0.000123926877462565,1.20162130471673,0.711,0.304,1,"HER2+","BBS1"
0.000124570734680753,2.97841396368842,0.526,0.043,1,"HER2+","CAMK2N1"
0.000124645135258927,2.66369453659237,0.895,0.478,1,"HER2+","MAPK9"
0.000124823043096296,3.706646861446,0.658,0.261,1,"HER2+","MRPS30"
0.000124962164916582,2.44060771123617,0.947,0.739,1,"HER2+","YIPF4"
0.00012673324986006,2.55806228127603,0.921,0.522,1,"HER2+","FANCD2"
0.00012673324986006,0.972712012119525,0.868,0.609,1,"HER2+","PTCD3"
0.000127078196162299,4.06894701802012,0.737,0.348,1,"HER2+","TOB1"
0.000128509823319106,2.85085840373249,0.868,0.522,1,"HER2+","ESCO2"
0.000128519181215957,2.73843962956775,0.605,0.174,1,"HER2+","TIAM1"
0.000129090075496688,2.81036518970584,0.895,0.696,1,"HER2+","DAP3"
0.000130646866681454,3.22689802454831,0.842,0.652,1,"HER2+","NIPSNAP2"
0.00013125943795601,2.04552525403327,0.921,0.609,1,"HER2+","PTGR2"
0.000131328832830517,3.14083251061611,0.579,0.087,1,"HER2+","SIL1"
0.000131521399570166,2.33529354243445,0.658,0.217,1,"HER2+","UBXN2B"
0.000131563080078551,1.83825538266458,0.763,0.348,1,"HER2+","SNAPC5"
0.000132487241165714,2.38152951097422,0.842,0.565,1,"HER2+","PCCB"
0.000132487241165714,2.84281553342488,0.842,0.565,1,"HER2+","RBSN"
0.000132551151085986,3.06842485291437,0.789,0.565,1,"HER2+","EIF4A3"
0.000133704182937719,2.24034523515983,0.684,0.261,1,"HER2+","MATCAP2"
0.000133781166986145,4.62571423421028,0.526,0.043,1,"HER2+","POLD2"
0.000134063087305818,2.48254388892623,0.737,0.304,1,"HER2+","TUBE1"
0.000134099721709054,2.30594649949519,0.947,0.826,1,"HER2+","COMMD4"
0.000134645762205882,3.35129131355819,0.763,0.522,1,"HER2+","DHFR"
0.000135416595661504,2.43679668009505,0.763,0.391,1,"HER2+","ACY1"
0.000135722447910217,2.20262799921111,0.737,0.391,1,"HER2+","GNA11"
0.000135722447910217,2.35659186863875,0.737,0.391,1,"HER2+","PGLS"
0.000135722447910217,3.1783656391007,0.737,0.391,1,"HER2+","DTYMK"
0.000135836252055209,2.99454285072463,0.816,0.652,1,"HER2+","DCAF13"
0.000136580446268508,2.50563856509317,0.816,0.609,1,"HER2+","SLC31A1"
0.000136867940112397,2.37479859301107,0.842,0.522,1,"HER2+","POP4"
0.000137143808167221,2.18532821086659,0.868,0.739,1,"HER2+","EMC10"
0.000137470636881178,2.24898984019978,0.684,0.217,1,"HER2+","SHANK2"
0.000137607974837058,1.98518494636545,0.737,0.217,1,"HER2+","RNF149"
0.000137791122388007,3.09544100650788,0.474,0,1,"HER2+","TULP3"
0.000137791122388007,2.86535899526139,0.474,0,1,"HER2+","ATP6V0A4"
0.000137791122388007,3.79615174198352,0.474,0,1,"HER2+","EHF"
0.000137791122388007,2.65436014132724,0.474,0,1,"HER2+","MYOF"
0.000137791122388007,2.33597513666668,0.474,0,1,"HER2+","MPZL2"
0.000137791122388007,3.53405834159554,0.474,0,1,"HER2+","RUSC1"
0.000137791122388007,4.85779149251808,0.474,0,1,"HER2+","S100A14"
0.0001386306152418,3.03764038704838,0.763,0.435,1,"HER2+","FGFR1"
0.000138818226666593,2.36209840646169,0.842,0.652,1,"HER2+","NFS1"
0.000140622699956398,0.553077134553694,0.579,0.087,1,"HER2+","RPS2P46"
0.000140622699956398,4.05800506238304,0.579,0.087,1,"HER2+","FAM3C"
0.000140792571858805,3.05136197114903,0.842,0.565,1,"HER2+","PAAF1"
0.000140893710488972,2.40992103578554,0.789,0.565,1,"HER2+","C6orf132"
0.000141441941183809,2.77324842194631,0.895,0.609,1,"HER2+","ZNF91"
0.000141948180666243,1.18246370394747,0.658,0.261,1,"HER2+","GRM7"
0.000142033393657099,2.56014382670071,0.711,0.261,1,"HER2+","SS18L1"
0.000142079424968073,1.90372071500879,0.632,0.217,1,"HER2+","PSTK"
0.000142502987287989,3.80609512728843,0.684,0.261,1,"HER2+","TSTD1"
0.000143630514333756,2.0424305972956,0.526,0.043,1,"HER2+","CARNMT1"
0.000144056812817317,1.36054325371966,0.789,0.348,1,"HER2+","CERS4"
0.000144056812817317,8.15162243215785,0.737,0.435,1,"HER2+","KRT19"
0.000144324747072816,2.85053291100736,0.868,0.565,1,"HER2+","TARS1"
0.000144415576853142,2.38424633559602,0.737,0.391,1,"HER2+","PAFAH2"
0.000144494133977006,3.79627279718694,0.763,0.565,1,"HER2+","OXA1L"
0.000145126828595183,2.57774227303885,0.816,0.609,1,"HER2+","SPTAN1"
0.000145447410829584,3.02126472642348,0.868,0.478,1,"HER2+","NDRG2"
0.000148457279308109,2.24706251014752,0.553,0.087,1,"HER2+","MTMR1"
0.0001496422621718,3.96247949977155,0.658,0.217,1,"HER2+","NDUFAB1"
0.0001496422621718,2.10238256800855,0.658,0.217,1,"HER2+","GSTZ1"
0.000150131896323582,2.31677111896115,0.789,0.435,1,"HER2+","CLBA1"
0.000150235590894081,2.16341609388361,0.842,0.696,1,"HER2+","GTPBP10"
0.000150235590894081,3.12564569082208,0.842,0.696,1,"HER2+","EIF3M"
0.000150597507319331,1.84820781002965,0.974,0.739,1,"HER2+","PFDN5"
0.000151289352381362,2.25318925603576,0.711,0.261,1,"HER2+","GMPPB"
0.000151600312327295,3.40538650099335,0.632,0.217,1,"HER2+","ACTL6A"
0.00015230518683592,3.03628335163377,0.632,0.174,1,"HER2+","CKAP4"
0.00015263733020272,1.8136487586888,0.895,0.652,1,"HER2+","CS"
0.000153214272322318,2.31612222352919,0.763,0.391,1,"HER2+","NECAP1"
0.000153214272322318,2.85572211265738,0.763,0.391,1,"HER2+","CRYBG1"
0.000154691796324455,1.86393581745542,0.947,0.609,1,"HER2+","LAMTOR5"
0.000155986115361029,3.59328034911899,0.579,0.13,1,"HER2+","ESRP1"
0.000156582973642231,2.49380971760989,0.658,0.174,1,"HER2+","MGST2"
0.000159084046175963,2.42056952635733,0.789,0.565,1,"HER2+","BCL2L13"
0.00015956055340795,2.93699701363705,0.658,0.217,1,"HER2+","VPS50"
0.000159586222603375,3.13742202927032,0.789,0.435,1,"HER2+","KDELR2"
0.000159586222603375,2.81826813179654,0.789,0.435,1,"HER2+","TP53"
0.000161099239421431,0.975545515111366,0.579,0.087,1,"HER2+","TMEM220"
0.000161656449692907,2.46963135680523,1,0.913,1,"HER2+","FTO"
0.00016171946950064,2.76333938213136,0.632,0.217,1,"HER2+","NEBL"
0.000161761441142362,1.59532209033722,0.711,0.217,1,"HER2+","ZSCAN22"
0.000161761441142362,3.39139089483542,0.684,0.261,1,"HER2+","ERCC3"
0.000162821957507988,2.14449460884183,0.868,0.565,1,"HER2+","R3HDM1"
0.00016291766808441,2.73219435706153,0.763,0.391,1,"HER2+","CTNND1"
0.00016291766808441,2.11618317756628,0.737,0.435,1,"HER2+","EPN2"
0.00016291766808441,1.74170076600347,0.737,0.435,1,"HER2+","METTL14"
0.000163005466297286,1.70430465858027,0.737,0.348,1,"HER2+","NFASC"
0.000163166024666731,2.70499931785861,0.816,0.478,1,"HER2+","BDH1"
0.000163752185998769,1.4466878881687,0.868,0.522,1,"HER2+","ZNF28"
0.000163810167216222,2.4293120316861,0.921,0.783,1,"HER2+","FGF13"
0.000163965253738251,2.85958804816258,0.816,0.522,1,"HER2+","MYO10"
0.000164147603329119,3.0013181282855,0.842,0.522,1,"HER2+","SELENOH"
0.000164147603329119,2.22641679244787,0.816,0.565,1,"HER2+","DENND10"
0.000164147603329119,2.0524842753998,0.816,0.565,1,"HER2+","G6PC3"
0.000166059124060857,2.20043581808832,0.895,0.739,1,"HER2+","QPRT"
0.000166059124060857,2.6160533091249,0.895,0.739,1,"HER2+","TIMM50"
0.000166243901748566,2.94248969851986,0.684,0.304,1,"HER2+","PARP2"
0.000166316124333627,2.51646929864638,0.842,0.652,1,"HER2+","RCN2"
0.000168497933799611,1.55654144901388,0.763,0.348,1,"HER2+","PHF11"
0.000169598758470887,3.90972397447037,0.789,0.435,1,"HER2+","STT3A"
0.000169711370699063,2.14625367076689,0.947,0.783,1,"HER2+","TFDP2"
0.000170095078662022,1.83561773154975,0.658,0.217,1,"HER2+","ZNRF1"
0.000170281135646965,0.668626655450486,0.553,0.087,1,"HER2+","RASGRF1"
0.000170281135646965,3.68931496357571,0.553,0.087,1,"HER2+","KIAA1217"
0.000170281135646965,3.19957007352903,0.553,0.087,1,"HER2+","ORC3"
0.000171085925373551,2.52855066925522,0.921,0.696,1,"HER2+","LYRM4"
0.000171790591412575,2.94638892149893,0.737,0.478,1,"HER2+","GDAP2"
0.000172359920036587,1.44420368866373,0.579,0.087,1,"HER2+","COL15A1"
0.000172886101820692,1.69439305829213,0.868,0.565,1,"HER2+","BORCS8"
0.000173376351865172,1.04717911599246,0.737,0.348,1,"HER2+","FRG1"
0.000173376351865172,2.95911763924171,0.737,0.348,1,"HER2+","STX3"
0.000173747195233061,2.57653442695752,0.737,0.391,1,"HER2+","DNPEP"
0.00017388710986382,2.53832517107557,0.816,0.609,1,"HER2+","MCPH1"
0.00017709761983327,3.19263750654375,0.789,0.478,1,"HER2+","RHNO1"
0.000177836441813265,1.97679477069984,0.947,0.696,1,"HER2+","CPSF2"
0.000178636514929632,1.4424293156209,0.605,0.174,1,"HER2+","MRPS31"
0.000179108649403768,1.78665972247546,0.947,0.739,1,"HER2+","RPAIN"
0.000180200014615538,2.05369175672808,0.789,0.435,1,"HER2+","IYD"
0.000180200014615538,3.69159643636891,0.763,0.478,1,"HER2+","RPL27"
0.000180200014615538,3.00722751748891,0.763,0.478,1,"HER2+","ANAPC7"
0.000182581089798107,1.69449515860828,0.711,0.261,1,"HER2+","COLGALT1"
0.000182615702142706,2.92767733981154,0.895,0.652,1,"HER2+","ADGRV1"
0.000182990362294293,3.06463762955059,0.737,0.304,1,"HER2+","PLA2R1"
0.000182990362294293,2.69566630250335,0.737,0.304,1,"HER2+","SMIM26"
0.000184365468225143,1.79253495709023,0.737,0.348,1,"HER2+","RABEP2"
0.000184365468225143,1.9969165147341,0.737,0.348,1,"HER2+","SEC14L6"
0.000184365468225143,3.91425947715748,0.711,0.391,1,"HER2+","RPL10A"
0.000185018552188548,3.48190982087304,0.868,0.739,1,"HER2+","RPS3A"
0.000185093000283165,2.13353215945257,0.816,0.565,1,"HER2+","VMA12"
0.000185093000283165,2.86163056975742,0.789,0.609,1,"HER2+","ARSD"
0.000185093000283165,2.6269892872699,0.789,0.609,1,"HER2+","SPATA6L"
0.000188120982250984,2.30616747227051,0.868,0.696,1,"HER2+","SUGT1"
0.000188173114636133,3.45224968977675,0.763,0.435,1,"HER2+","AKT1"
0.000188703600808216,1.79113376023201,0.895,0.783,1,"HER2+","NDUFA3"
0.000189867789435531,2.53833381879528,0.658,0.174,1,"HER2+","UGCG"
0.000191422015936868,1.77179511736544,0.789,0.435,1,"HER2+","ZNF528"
0.000192066697742005,1.1755076078754,0.711,0.304,1,"HER2+","C5orf63"
0.00019395268503899,2.08392202389585,0.789,0.391,1,"HER2+","ERCC4"
0.000194605593996223,2.04293023813846,0.737,0.304,1,"HER2+","GTF2IRD1"
0.000194794417055063,1.84602360666441,0.842,0.609,1,"HER2+","VPS53"
0.000195096868837518,6.07478562521755,0.553,0.087,1,"HER2+","AGR2"
0.000195096868837518,0.980226580471139,0.553,0.087,1,"HER2+","EDC3"
0.000195475941818091,3.77980570474324,0.816,0.478,1,"HER2+","DYNLT1"
0.000195951805295946,2.33338308937017,0.868,0.522,1,"HER2+","RNASEH2B"
0.000196006900847179,2.77725128903478,0.737,0.348,1,"HER2+","PIGG"
0.000196023955856041,2.32406144166493,0.632,0.217,1,"HER2+","TNFRSF10B"
0.000196312413065795,2.11852878070127,0.895,0.696,1,"HER2+","XPNPEP3"
0.000196312413065795,2.14045537861488,0.868,0.739,1,"HER2+","NDUFV3"
0.00019632150584357,2.52019980141286,0.737,0.391,1,"HER2+","ATP23"
0.000196484312522677,2.77219453336436,0.816,0.565,1,"HER2+","PHAX"
0.000196484312522677,2.35183078787736,0.789,0.609,1,"HER2+","TARS2"
0.000197336555445934,2.07512998201003,0.632,0.174,1,"HER2+","RRN3"
0.000200418909070227,3.14529365696211,0.684,0.304,1,"HER2+","B3GAT3"
0.00020066970454329,2.90331379889206,0.711,0.348,1,"HER2+","ACBD6"
0.000200883754998308,3.29267730753619,0.5,0.043,1,"HER2+","EXOC2"
0.000200883754998308,4.77226271790713,0.5,0.043,1,"HER2+","CLDN7"
0.000201865313847286,2.25396008265712,0.842,0.565,1,"HER2+","RABEPK"
0.000202289235238026,3.31101855497831,0.789,0.565,1,"HER2+","SF3A3"
0.00020355602992398,2.43380896450761,0.579,0.13,1,"HER2+","TSFM"
0.000203985246867607,2.34770325402516,0.526,0.043,1,"HER2+","SGF29"
0.000204284898783181,3.02493760875308,0.711,0.304,1,"HER2+","ZHX1"
0.000204857987805219,1.42781131383601,0.868,0.609,1,"HER2+","ECI2"
0.000205759750228451,4.28892628000701,0.658,0.217,1,"HER2+","DLD"
0.000205829428051799,2.09546231071956,0.816,0.435,1,"HER2+","ZNF75A"
0.000206702571123885,2.35430103387879,0.842,0.609,1,"HER2+","SETDB2"
0.000207519914216269,0.8503810245666,0.816,0.478,1,"HER2+","AP2A2"
0.000207519914216269,3.4013629693322,0.816,0.478,1,"HER2+","PRKDC"
0.000208336439117765,2.20082613648809,0.737,0.348,1,"HER2+","ATP8B1"
0.000208531939882808,2.18842122896886,0.816,0.565,1,"HER2+","MRPS11"
0.000208742947379823,3.95305358862443,0.553,0.087,1,"HER2+","UAP1"
0.000208742947379823,1.3413765414396,0.553,0.087,1,"HER2+","SLC2A4RG"
0.000210406856341956,1.78157359521928,0.632,0.174,1,"HER2+","PDSS2"
0.000215539284872876,3.65666225045055,0.5,0.043,1,"HER2+","UQCC2"
0.000215539284872876,1.86881892458083,0.5,0.043,1,"HER2+","DCAF1"
0.000216479755019764,2.34067470993599,0.974,0.826,1,"HER2+","REL"
0.000217324002953813,1.66859315972706,0.921,0.522,1,"HER2+","GTF2H5"
0.000217418531721173,4.02021977839034,0.579,0.13,1,"HER2+","ATIC"
0.000218780986877338,2.70464881224112,0.789,0.391,1,"HER2+","CDH3"
0.000219291972230831,2.20605335261247,0.868,0.565,1,"HER2+","DIS3"
0.000219884459330169,2.53485058543129,0.711,0.261,1,"HER2+","MRPS14"
0.000220187886356773,2.55805500640754,0.921,0.783,1,"HER2+","SEC22B"
0.000220627563659859,1.72060486060302,0.868,0.522,1,"HER2+","AAMDC"
0.000220732978064624,1.81782883575146,0.763,0.391,1,"HER2+","SLC12A8"
0.000221163726370944,1.86360170658418,0.684,0.261,1,"HER2+","MRPS27"
0.000221163726370944,3.01693756836283,0.684,0.261,1,"HER2+","SRPK2"
0.000221270812708274,3.02564890643641,0.842,0.522,1,"HER2+","PPM1G"
0.000221391650987185,3.56377562563342,0.711,0.391,1,"HER2+","SUCLA2"
0.000221630556615056,2.48967611356597,0.737,0.391,1,"HER2+","TCOF1"
0.000221843808435366,2.9358249893144,0.605,0.13,1,"HER2+","HMGB3"
0.000222573908264166,0.36248586675712,0.684,0.13,1,"HER2+","ZNF550"
0.000223281703739904,2.78899978216768,0.553,0.087,1,"HER2+","FOSL2"
0.000223281703739904,5.58360530763758,0.553,0.087,1,"HER2+","ANKRD30A"
0.000223820830721645,3.63959369412652,0.842,0.652,1,"HER2+","GSTM3"
0.000225113148727326,3.02626383180825,0.842,0.391,1,"HER2+","CASC3"
0.000225113148727326,1.99097253467373,0.789,0.478,1,"HER2+","RAB11FIP4"
0.00022523379398808,3.29944497172655,0.579,0.087,1,"HER2+","CD81"
0.000225438592657438,2.89764815049854,0.763,0.435,1,"HER2+","ICA1"
0.00022781608411458,2.2437982022812,0.789,0.565,1,"HER2+","SIKE1"
0.000229156856193692,2.48136780681084,0.763,0.478,1,"HER2+","CINP"
0.000229156856193692,2.42651942637418,0.737,0.522,1,"HER2+","MTA3"
0.000230943258325497,2.02467527314978,0.711,0.304,1,"HER2+","EHHADH"
0.000231194348392747,3.32857500613093,0.5,0.043,1,"HER2+","PDCD2"
0.000232598602124666,1.48200908886497,0.868,0.565,1,"HER2+","ALDH3B1"
0.000233318011372459,2.16291109428268,0.658,0.217,1,"HER2+","TMEM175"
0.000234400265889178,2.64541122634054,0.763,0.391,1,"HER2+","METTL17"
0.000234400265889178,3.5178421273326,0.711,0.478,1,"HER2+","PDXK"
0.000235140156808017,2.56867928249329,0.658,0.261,1,"HER2+","SLC2A10"
0.000237081179174599,1.9195547142414,0.632,0.217,1,"HER2+","KIF27"
0.000238124179814453,1.97730728344891,0.868,0.696,1,"HER2+","BRD7"
0.000239328246588216,2.42934919532666,0.763,0.435,1,"HER2+","HLCS"
0.000239883523162839,2.11900818417001,0.605,0.087,1,"HER2+","USP13"
0.000240947363770714,1.71222319121761,0.763,0.261,1,"HER2+","ABCA13"
0.000240947363770714,7.33356253959186,0.711,0.348,1,"HER2+","APOD"
0.00024111456152714,1.86520205770363,0.684,0.304,1,"HER2+","POLH"
0.000241458016390982,1.65461244475347,0.447,0,1,"HER2+","GCDH"
0.000241458016390982,3.13195651370397,0.447,0,1,"HER2+","NPDC1"
0.000241458016390982,2.46488405232821,0.447,0,1,"HER2+","TTC31"
0.000241458016390982,5.73212742313472,0.447,0,1,"HER2+","SDC1"
0.000241458016390982,3.56949109888559,0.447,0,1,"HER2+","CAMSAP2"
0.000241458016390982,0.744446568557485,0.447,0,1,"HER2+","MTHFD1L"
0.000241458016390982,0.573129851033289,0.447,0,1,"HER2+","NIBAN2"
0.000241458016390982,1.85106877290909,0.447,0,1,"HER2+","YAP1"
0.000241458016390982,2.07086513909161,0.447,0,1,"HER2+","DLG2"
0.000241458016390982,3.65650307054898,0.447,0,1,"HER2+","SNRNP25"
0.000241458016390982,3.04721920660021,0.447,0,1,"HER2+","NHSL3"
0.000241458016390982,2.53324384634869,0.447,0,1,"HER2+","TFB2M"
0.000241458016390982,3.69226292641137,0.447,0,1,"HER2+","CDS1"
0.000241458016390982,3.40124263302827,0.447,0,1,"HER2+","COPRS"
0.000241458016390982,3.61537745169551,0.447,0,1,"HER2+","LRRC26"
0.000243214732266462,1.70011128310553,0.789,0.435,1,"HER2+","ZNF623"
0.000245465346122644,2.52367221909791,0.684,0.348,1,"HER2+","MTMR9"
0.000245465346122644,2.23604683260433,0.684,0.348,1,"HER2+","GCSH"
0.000246083106636561,5.5536572344069,0.763,0.522,1,"HER2+","EZR"
0.000247911799236017,2.57519921170685,0.5,0.043,1,"HER2+","SH3D19"
0.000247911799236017,3.31924220845406,0.5,0.043,1,"HER2+","PPIC"
0.000247967877047989,2.03961743391782,0.842,0.435,1,"HER2+","RHOH"
0.000248290964131853,1.8726938946846,0.921,0.652,1,"HER2+","NDUFA7"
0.000248290964131853,2.80344221446174,0.868,0.739,1,"HER2+","NARF"
0.000248361867009844,1.51145465826092,0.658,0.217,1,"HER2+","SULT2B1"
0.000248361867009844,0.986181784972928,0.632,0.261,1,"HER2+","SRCIN1"
0.000248858651422416,2.41099417691497,0.763,0.391,1,"HER2+","SYDE2"
0.000248858651422416,3.00098207456661,0.737,0.435,1,"HER2+","IMMT"
0.000248858651422416,2.5373781559615,0.737,0.435,1,"HER2+","NMRAL1"
0.000248858651422416,2.12879053583173,0.737,0.435,1,"HER2+","FHIP2B"
0.000248913043200613,2.27805370012841,0.816,0.522,1,"HER2+","COX18"
0.000249838726786141,2.95000038868588,0.711,0.391,1,"HER2+","CLDN12"
0.000249978897040304,0.964368099626229,0.737,0.391,1,"HER2+","BCL7A"
0.000249978897040304,3.55753541067815,0.737,0.391,1,"HER2+","STK38L"
0.000251675667287223,2.52574449904248,0.842,0.652,1,"HER2+","SLC4A8"
0.000253049597294064,2.44835744611871,0.895,0.783,1,"HER2+","PNPT1"
0.00025525567986839,2.75201040194644,0.553,0.087,1,"HER2+","LIFR"
0.000255979301534884,3.09160475161143,0.711,0.348,1,"HER2+","ARL1"
0.000255979301534884,2.07727635699926,0.711,0.348,1,"HER2+","POM121C"
0.000256320508845632,4.21341327912242,0.684,0.304,1,"HER2+","AHNAK"
0.000256343326996572,2.92760071969212,0.789,0.565,1,"HER2+","PSMC6"
0.00026084072174096,2.4898863560595,0.711,0.304,1,"HER2+","PTRHD1"
0.000263018417899955,2.54000127506449,0.816,0.478,1,"HER2+","LARP4"
0.000263018417899955,3.09514353351965,0.789,0.522,1,"HER2+","CDH1"
0.000263165965299482,3.06915253684247,0.816,0.609,1,"HER2+","RPL19"
0.000263981213544264,2.49729372238495,0.816,0.522,1,"HER2+","NUP155"
0.000264150347242907,1.89533932094165,0.763,0.391,1,"HER2+","UROS"
0.000264512611839406,3.27814264835157,0.579,0.13,1,"HER2+","NUDT5"
0.0002653153290318,1.50286587890713,0.737,0.348,1,"HER2+","TNFAIP8L3"
0.000265396240987132,2.85503442830873,0.737,0.391,1,"HER2+","CICP27"
0.000265758058064994,3.5115301908243,0.5,0.043,1,"HER2+","SKIC8"
0.000266067663747323,2.67943740002999,0.658,0.304,1,"HER2+","BICDL2"
0.000267905414438359,3.67024067352671,0.526,0.087,1,"HER2+","CA12"
0.000267905414438359,3.93174113517045,0.526,0.087,1,"HER2+","PCBD1"
0.000269549629582963,1.93753722537296,0.763,0.435,1,"HER2+","EARS2"
0.000271413006851792,1.84616126553513,0.921,0.826,1,"HER2+","RPL24"
0.000271887256178698,1.26842143679669,0.711,0.348,1,"HER2+","TMEM186"
0.000272422203112072,3.20932656596612,0.684,0.304,1,"HER2+","RALGPS2"
0.000272807595804556,2.46352712133023,0.553,0.087,1,"HER2+","OPN3"
0.000273790998504191,2.10763773374058,0.789,0.435,1,"HER2+","TPMT"
0.000275446119445406,2.06681534759365,0.895,0.652,1,"HER2+","ACAT1"
0.000278880309021609,2.16344227083922,0.921,0.652,1,"HER2+","CCAR1"
0.000281218483089642,1.84593976991521,0.632,0.261,1,"HER2+","TEFM"
0.000281687250064685,0.657031279066971,0.737,0.348,1,"HER2+","CDC40"
0.000281687250064685,4.79850226470428,0.711,0.391,1,"HER2+","HSPE1"
0.00028354011170988,3.70687701066698,0.868,0.696,1,"HER2+","RPL7"
0.000284803288498303,2.32806839804526,0.5,0.043,1,"HER2+","MRPL43"
0.000285153166943753,2.79511271438766,0.789,0.478,1,"HER2+","NDC80"
0.000286519260476064,3.50089418933088,0.526,0.087,1,"HER2+","HSD17B10"
0.000287630841228789,1.0072769925863,0.921,0.565,1,"HER2+","TRAPPC4"
0.000288718239300894,2.3739027512115,0.711,0.348,1,"HER2+","FHDC1"
0.000289468231686467,2.81412616369993,0.684,0.304,1,"HER2+","PEX11A"
0.000289468231686467,3.16115503470903,0.684,0.304,1,"HER2+","ACAA2"
0.000289476283718945,2.33741135222005,1,0.783,1,"HER2+","SELENOW"
0.000290396579437697,2.37439001934893,0.789,0.435,1,"HER2+","CEP250"
0.000291070902695352,2.28019542865912,0.868,0.609,1,"HER2+","CACNB4"
0.000291856543658585,1.69486652584637,0.895,0.652,1,"HER2+","TERF1"
0.000293778705626081,2.06255315269158,0.842,0.609,1,"HER2+","DDX27"
0.000295723686908678,2.02556920637818,0.816,0.478,1,"HER2+","DNAAF10"
0.000297412763965977,2.09641292812125,0.789,0.348,1,"HER2+","OTUD4"
0.00029749517630826,1.87233972662792,0.737,0.304,1,"HER2+","BDP1"
0.000298941979222785,2.35447010822919,0.737,0.391,1,"HER2+","TMEM268"
0.000299002166042885,1.96239934736388,0.737,0.348,1,"HER2+","JRK"
0.000299002166042885,2.32269862673558,0.711,0.391,1,"HER2+","SIPA1L3"
0.000299134313413766,1.97127883777393,0.658,0.217,1,"HER2+","ALMS1"
0.000303320383244686,2.28984993248674,0.763,0.435,1,"HER2+","CCNB1IP1"
0.000303320383244686,2.14208133241466,0.763,0.435,1,"HER2+","FKBP14"
0.000304737382580069,2.10498252689838,0.895,0.609,1,"HER2+","SUMF2"
0.000304737382580069,2.09892706447992,0.868,0.652,1,"HER2+","MTPAP"
0.000304737382580069,1.7906357418073,0.868,0.652,1,"HER2+","STK25"
0.000304737382580069,2.27362958896135,0.868,0.652,1,"HER2+","NUMA1"
0.000305121580045598,2.69197693200674,0.5,0.043,1,"HER2+","SDAD1"
0.000305476509635631,2.1229115044413,0.789,0.565,1,"HER2+","RPGRIP1L"
0.000306339503752582,4.10138901335436,0.526,0.087,1,"HER2+","HIBADH"
0.000306339503752582,2.25568049981941,0.526,0.087,1,"HER2+","EFNA5"
0.000307212455827022,2.65139989051166,0.921,0.696,1,"HER2+","HMGN2"
0.000307212455827022,2.38813895943554,0.868,0.783,1,"HER2+","RPL27A"
0.000307509554999504,3.85427946723527,0.684,0.304,1,"HER2+","CCT7"
0.000307942049866353,1.13891459676101,0.789,0.435,1,"HER2+","DECR2"
0.000308390263052993,3.49295146601525,0.868,0.609,1,"HER2+","DST"
0.000309179401152333,4.64906600676047,0.842,0.739,1,"HER2+","RPL8"
0.000311273902443859,2.78814121119696,0.842,0.609,1,"HER2+","PSMB2"
0.0003113100340021,2.57593816554449,0.816,0.435,1,"HER2+","FAM114A1"
0.000312361619670874,1.98327941529934,0.737,0.478,1,"HER2+","FAM210A"
0.000312559849172756,3.27911320561467,0.711,0.304,1,"HER2+","ZGRF1"
0.000312559849172756,1.97386101166815,0.711,0.304,1,"HER2+","RBM34"
0.000312782272531218,3.766976746978,0.553,0.13,1,"HER2+","EMP1"
0.000312974310651941,1.73207312608074,0.895,0.696,1,"HER2+","UBA1"
0.000313303663643289,1.16949099094105,0.868,0.522,1,"HER2+","MTREX"
0.000314397396589461,2.13255463981977,0.842,0.522,1,"HER2+","NDUFB5"
0.000315478411493949,1.50814080236802,0.763,0.391,1,"HER2+","LETM2"
0.000315478411493949,2.90172461002831,0.737,0.435,1,"HER2+","HELLS"
0.00031692005081946,2.44706828431827,0.658,0.348,1,"HER2+","CREB3L1"
0.000317166779665765,1.83177744844849,0.737,0.391,1,"HER2+","ATG2A"
0.00031740741725408,1.83226177180963,0.842,0.652,1,"HER2+","ENOSF1"
0.000318000709058404,3.59531481289492,0.605,0.174,1,"HER2+","MYDGF"
0.000318000709058404,1.827081921877,0.605,0.174,1,"HER2+","RAD9A"
0.000319413032694978,1.45703051153052,0.658,0.304,1,"HER2+","EIF2D"
0.000319863222002531,1.68762574189987,0.658,0.261,1,"HER2+","MREG"
0.000321044487383287,2.79992260935913,0.579,0.13,1,"HER2+","BAIAP2L1"
0.000323903403447071,2.90039723714664,0.632,0.217,1,"HER2+","LANCL1"
0.000325355688566102,2.3752942446656,0.921,0.696,1,"HER2+","SRD5A1"
0.000326476329231643,1.39178482376103,0.763,0.478,1,"HER2+","ZC3H13"
0.000326599606855731,2.08545268651552,0.684,0.304,1,"HER2+","NAA30"
0.000327338384716484,2.98347010537843,0.632,0.174,1,"HER2+","TTC17"
0.00032743800779733,4.58043312550587,0.526,0.087,1,"HER2+","NAXE"
0.00032743800779733,3.98328097978717,0.526,0.087,1,"HER2+","SELENOP"
0.00032815650029322,2.09113475271855,0.632,0.13,1,"HER2+","SCML4"
0.00032975098968522,1.02702995609807,0.684,0.217,1,"HER2+","QARS1"
0.000329978201544192,2.14327272418,0.763,0.522,1,"HER2+","RRP7A"
0.000331449146583481,3.8963468083922,0.868,0.739,1,"HER2+","COX6C"
0.000331833300967387,2.46543718971783,0.711,0.304,1,"HER2+","FAM162A"
0.000331833300967387,1.46186993945866,0.711,0.304,1,"HER2+","D2HGDH"
0.000332208634976762,2.69717177882121,0.816,0.478,1,"HER2+","KLHDC4"
0.000333103576232011,3.75483572893728,0.789,0.609,1,"HER2+","RPL36"
0.000333743304142561,5.68631616965635,0.553,0.13,1,"HER2+","CRIP2"
0.000334798848105031,2.37494849307494,0.895,0.739,1,"HER2+","HIF1A"
0.000336186973938104,2.03789315225357,0.895,0.565,1,"HER2+","DHRS7"
0.000336663205753861,1.63110899424789,0.737,0.348,1,"HER2+","CABP4"
0.000336663205753861,2.85343770340494,0.711,0.391,1,"HER2+","PEX2"
0.000336977135326601,2.79223754790089,0.868,0.696,1,"HER2+","LCLAT1"
0.000337557523702081,2.3103913891856,0.921,0.739,1,"HER2+","SSR2"
0.000337557523702081,2.11500857372482,0.895,0.783,1,"HER2+","LYRM2"
0.000338218197026933,1.68809033697749,0.658,0.217,1,"HER2+","ZNF71"
0.000341846271486586,2.65322048142403,0.868,0.652,1,"HER2+","CCZ1"
0.00034227558763089,3.87030887771697,0.579,0.13,1,"HER2+","CNIH1"
0.000344508810727578,2.80556731652382,0.632,0.217,1,"HER2+","TTC39A"
0.000344508810727578,2.05909272037767,0.632,0.217,1,"HER2+","KIF3B"
0.00034596191083585,1.80942140285817,0.868,0.609,1,"HER2+","FLCN"
0.000346050624587861,1.54393235922218,0.789,0.435,1,"HER2+","CEP126"
0.000346751168147299,0.823076177876897,0.947,0.565,1,"HER2+","LUC7L3"
0.000347438603598921,3.79980546424634,0.579,0.174,1,"HER2+","HEXB"
0.000349599310867883,2.85291611597082,0.868,0.87,1,"HER2+","ALDH2"
0.00034968996643454,1.77486256378888,0.816,0.435,1,"HER2+","HSPA4"
0.000349890479896357,0.894257777004061,0.526,0.087,1,"HER2+","OR8D1"
0.00035155473931469,3.98146586542571,0.868,0.522,1,"HER2+","GPRC5A"
0.00035155473931469,2.39816979875185,0.868,0.522,1,"HER2+","ARHGAP22"
0.000351991942431251,2.15897901595066,0.789,0.522,1,"HER2+","PMM2"
0.000352214499032633,2.33657430320752,0.711,0.304,1,"HER2+","THEM4"
0.000352214499032633,2.11567351356011,0.711,0.304,1,"HER2+","TRMT2B"
0.000352847261731736,2.02413494059042,0.842,0.522,1,"HER2+","CCNC"
0.000354732981609017,2.6642494293274,0.763,0.391,1,"HER2+","TRAPPC3"
0.000354732981609017,3.34847901939666,0.737,0.435,1,"HER2+","ADCY2"
0.000356778665351697,1.78522822457928,0.737,0.391,1,"HER2+","URGCP"
0.000357357224449446,2.44242907694112,0.842,0.87,1,"HER2+","RPS27A"
0.000359953841247541,2.56263819787573,0.789,0.478,1,"HER2+","HSD17B2"
0.000360474803454947,3.00448727936346,0.605,0.174,1,"HER2+","THOC3"
0.000360474803454947,0.892324728059712,0.605,0.174,1,"HER2+","BEAN1"
0.000366314506209848,2.29939997076239,0.868,0.609,1,"HER2+","ZC3H14"
0.000366335461456284,2.26919466656005,0.632,0.217,1,"HER2+","EIF2B3"
0.000366335461456284,2.42932845388999,0.632,0.217,1,"HER2+","TRIP13"
0.000366335461456284,1.41651574016692,0.632,0.217,1,"HER2+","MYH14"
0.000367152608154027,1.15122758192577,0.474,0.043,1,"HER2+","TRIT1"
0.000367152608154027,1.00993547645919,0.474,0.043,1,"HER2+","SAC3D1"
0.000367152608154027,4.32543099574415,0.474,0.043,1,"HER2+","PYCR1"
0.000367152608154027,2.8480759772135,0.474,0.043,1,"HER2+","NDUFAF8"
0.000367380584011061,2.21532045998165,0.763,0.348,1,"HER2+","POMT1"
0.000367380584011061,1.40285866762664,0.763,0.348,1,"HER2+","KCNK3"
0.000369790921120813,1.71011011547473,0.895,0.522,1,"HER2+","ZNF3"
0.000370051883123262,4.02624321085537,0.579,0.174,1,"HER2+","JUP"
0.000370564295186937,0.904196628344979,0.632,0.174,1,"HER2+","VWA3B"
0.000371500223698465,3.94809185527933,0.895,0.696,1,"HER2+","HSP90AA1"
0.000372872917384007,3.14322604521745,0.789,0.522,1,"HER2+","MVP"
0.000372872917384007,2.69748991584315,0.789,0.522,1,"HER2+","LSM7"
0.000372872917384007,2.41206121547267,0.763,0.565,1,"HER2+","NLN"
0.000372872917384007,2.42265103771353,0.763,0.565,1,"HER2+","TBC1D31"
0.000373761886601353,3.13748458704962,0.684,0.348,1,"HER2+","PSMD5"
0.000373761886601353,2.35298049252923,0.684,0.348,1,"HER2+","RHPN2"
0.000373761886601353,2.57392689582271,0.684,0.348,1,"HER2+","EXOSC1"
0.000373776648119237,2.89018113821082,0.526,0.087,1,"HER2+","SSRP1"
0.000373776648119237,2.3219994813902,0.526,0.087,1,"HER2+","RBPMS"
0.000373776648119237,0.428291105043199,0.526,0.087,1,"HER2+","SPDYE16"
0.000373776648119237,1.04745046797604,0.526,0.087,1,"HER2+","KLHL23"
0.00037451864745425,1.3823334893136,0.5,0.043,1,"HER2+","HCK"
0.00037451864745425,1.97749976277744,0.5,0.043,1,"HER2+","FASTKD2"
0.000378276484084363,3.0203441010662,0.737,0.391,1,"HER2+","MSH2"
0.000378727277439854,3.38734193956841,0.763,0.304,1,"HER2+","RANBP2"
0.000379287127642758,3.86756090319383,0.658,0.348,1,"HER2+","SRI"
0.000379666699466446,3.49187926763979,0.553,0.13,1,"HER2+","TMX2"
0.000381332199181881,3.24030747845616,0.789,0.478,1,"HER2+","TRIM59"
0.000382040401092281,4.6226487216303,0.632,0.261,1,"HER2+","LAPTM4A"
0.000382040401092281,3.30461700489975,0.632,0.261,1,"HER2+","TTLL5"
0.000382040401092281,2.9980046077008,0.632,0.261,1,"HER2+","MRPL38"
0.000382645413310569,0.981913327342632,0.684,0.261,1,"HER2+","IGF2BP1"
0.000382645413310569,4.2871331809055,0.658,0.304,1,"HER2+","ARFGEF3"
0.000383063411569923,2.66252782951449,0.842,0.565,1,"HER2+","GNL2"
0.000383063411569923,2.45210348354063,0.789,0.652,1,"HER2+","TBC1D24"
0.000384779905157461,2.01048809981789,0.789,0.565,1,"HER2+","OR5A2"
0.000385751589554081,2.99313041582437,0.947,0.913,1,"HER2+","RPLP1"
0.000385984135784249,1.87302046860534,0.868,0.783,1,"HER2+","CEBPZOS"
0.000388536085610382,2.13895091394735,0.789,0.435,1,"HER2+","MRTFB"
0.000388536085610382,2.18350264116646,0.763,0.478,1,"HER2+","PRMT1"
0.000388536085610382,3.22086412272291,0.763,0.478,1,"HER2+","JPT1"
0.000389473857329367,0.895985179497235,0.763,0.348,1,"HER2+","PALM"
0.000390735773336876,1.89736841655388,0.684,0.304,1,"HER2+","NOTCH3"
0.00039246100451156,2.06921747656867,0.763,0.522,1,"HER2+","UMPS"
0.000393353440330247,2.36840299867672,0.474,0.043,1,"HER2+","RAD51"
0.000393353440330247,2.67167513968427,0.474,0.043,1,"HER2+","MPDZ"
0.000393353440330247,1.69578428255829,0.474,0.043,1,"HER2+","FBLN5"
0.000393353440330247,2.01616130324744,0.474,0.043,1,"HER2+","NR2F6"
0.000393353440330247,3.7900179318906,0.474,0.043,1,"HER2+","NUDT8"
0.000393353440330247,4.69220056239376,0.474,0.043,1,"HER2+","EIF6"
0.000394035356859256,4.82134261574785,0.579,0.174,1,"HER2+","CYC1"
0.000394139837490762,2.86801869542149,0.816,0.609,1,"HER2+","SRGAP1"
0.000395660870796742,1.97426181265592,0.789,0.609,1,"HER2+","TIAL1"
0.00039594677502719,2.49778622247355,0.816,0.522,1,"HER2+","MYADM"
0.000396536669375513,1.42298317511927,0.684,0.348,1,"HER2+","SMIM8"
0.000396536669375513,3.37693396521707,0.684,0.348,1,"HER2+","TUFT1"
0.00039743459370895,3.710731118403,0.974,0.957,1,"HER2+","EEF1A1"
0.000398519439770043,1.57676381696138,0.737,0.435,1,"HER2+","ZRANB3"
0.000398519439770043,2.88706098171228,0.737,0.435,1,"HER2+","SNX14"
0.000398951841337811,2.91520937375099,0.842,0.652,1,"HER2+","SEH1L"
0.000405890276759415,2.83580169952187,0.658,0.217,1,"HER2+","IWS1"
0.000406200962330506,2.48621239531263,0.658,0.304,1,"HER2+","SCAPER"
0.000407396092146623,2.37025972666856,0.658,0.261,1,"HER2+","RPP38"
0.000407415869191515,1.81173960864096,0.842,0.478,1,"HER2+","UBE3C"
0.000407415869191515,4.46623712810854,0.789,0.565,1,"HER2+","MIA3"
0.000414115961045469,1.6557414387412,0.579,0.13,1,"HER2+","SLC41A2"
0.000414115961045469,2.19983706738905,0.579,0.13,1,"HER2+","BLOC1S4"
0.000414608245539037,4.11105874035395,0.684,0.304,1,"HER2+","PRRC1"
0.000415634892365178,2.56541327676546,0.763,0.522,1,"HER2+","PMPCA"
0.000416544011190223,4.973543499058,0.421,0,1,"HER2+","TFAP2B"
0.000416544011190223,3.64237737313775,0.421,0,1,"HER2+","PAFAH1B3"
0.000416544011190223,0.316275806069551,0.421,0,1,"HER2+","SEPTIN3"
0.000416544011190223,2.56368285599305,0.421,0,1,"HER2+","CPSF3"
0.000416544011190223,2.81118590983316,0.421,0,1,"HER2+","TTC9"
0.000416544011190223,2.58065982242192,0.421,0,1,"HER2+","ZNF593"
0.000416544011190223,1.88861482296602,0.421,0,1,"HER2+","IGSF3"
0.000416544011190223,0.964748493134299,0.421,0,1,"HER2+","TRMT10A"
0.000416544011190223,1.64339484105274,0.421,0,1,"HER2+","HK2"
0.000416544011190223,2.14942364385137,0.421,0,1,"HER2+","RRP1B"
0.000416544011190223,3.4254586276436,0.421,0,1,"HER2+","STK36"
0.000416544011190223,3.73070224445599,0.421,0,1,"HER2+","TMEM208"
0.000416544011190223,2.36392226050754,0.421,0,1,"HER2+","TLN2"
0.000416544011190223,3.63966946407684,0.421,0,1,"HER2+","CERS6"
0.000416544011190223,3.36731885012073,0.421,0,1,"HER2+","AGR3"
0.000416544011190223,2.9483310873517,0.421,0,1,"HER2+","AEN"
0.000416544011190223,3.46244759425886,0.421,0,1,"HER2+","SPINK8"
0.000417741259567902,2.13024391249484,0.737,0.478,1,"HER2+","TESMIN"
0.000418153902521107,2.92421305561456,0.789,0.522,1,"HER2+","SHPRH"
0.000418153902521107,2.42396002100933,0.763,0.565,1,"HER2+","CHEK1"
0.000419465105425781,1.91685106243752,0.605,0.13,1,"HER2+","DNHD1"
0.000419465105425781,0.593145049576664,0.605,0.13,1,"HER2+","LOC100419458"
0.000420113946967577,3.12674625596255,0.895,0.739,1,"HER2+","RPS3"
0.000420602927457727,2.23137523675551,0.684,0.348,1,"HER2+","COX19"
0.000421293258939534,0.81601045290795,0.474,0.043,1,"HER2+","DNAH5"
0.000421293258939534,2.41188968397721,0.474,0.043,1,"HER2+","SPOUT1"
0.000422259643860557,2.12547777425535,0.763,0.391,1,"HER2+","LPGAT1"
0.000422259643860557,2.83750976673162,0.763,0.391,1,"HER2+","NKAPD1"
0.000422259643860557,2.34550106306971,0.737,0.435,1,"HER2+","PIGX"
0.000424952322673027,3.42715117028113,0.737,0.391,1,"HER2+","MGAT4A"
0.000425664484688975,2.33657596692889,0.684,0.435,1,"HER2+","NDUFS3"
0.000426190196123885,2.44424599134741,0.526,0.087,1,"HER2+","MPHOSPH10"
0.000428701466729002,1.9641518164311,0.5,0.043,1,"HER2+","MAGI3"
0.000429853862077868,1.39683000501572,0.947,0.826,1,"HER2+","ATP9B"
0.000431125310282007,2.07591418179367,0.632,0.261,1,"HER2+","MSH3"
0.000435857418118616,1.60634299310209,0.789,0.435,1,"HER2+","CLN6"
0.000435857418118616,2.31394796047617,0.789,0.435,1,"HER2+","TTC8"
0.000435857418118616,2.8926502929192,0.737,0.522,1,"HER2+","TUBGCP5"
0.000438470099478843,2.76187010159966,0.842,0.609,1,"HER2+","TRIM38"
0.000439837465416239,1.83230710130791,0.684,0.304,1,"HER2+","MRPS12"
0.000439837465416239,2.84032579980291,0.684,0.304,1,"HER2+","SEC11C"
0.000440081804255103,2.64021326367797,0.763,0.522,1,"HER2+","USP16"
0.000441037426416126,1.03368700049922,0.579,0.13,1,"HER2+","MS4A6A"
0.000442673391511565,1.99658540627048,0.789,0.522,1,"HER2+","MAN2B2"
0.000443290335824934,1.80475272984618,0.868,0.478,1,"HER2+","RGS12"
0.000443290335824934,3.23603816681443,0.816,0.565,1,"HER2+","VPS35"
0.000443290335824934,1.59079715298813,0.816,0.565,1,"HER2+","APOOL"
0.000443290335824934,2.16546369195188,0.816,0.565,1,"HER2+","NUDT9"
0.000445506796311267,3.06037787698469,0.605,0.217,1,"HER2+","TMEM25"
0.000446027730792484,1.54308946764312,0.711,0.304,1,"HER2+","MAP7D3"
0.000446420984017646,2.77933613210735,0.579,0.174,1,"HER2+","CASD1"
0.000446420984017646,3.43507733786889,0.579,0.174,1,"HER2+","DUSP10"
0.000446420984017646,3.75129357822902,0.579,0.174,1,"HER2+","PSMC2"
0.000447315301032581,2.43026411388496,0.763,0.391,1,"HER2+","TARBP1"
0.000447315301032581,1.26339934674748,0.763,0.391,1,"HER2+","HELZ2"
0.000447315301032581,2.73473849982749,0.737,0.435,1,"HER2+","CEP295"
0.000447930420893741,1.93037699568826,0.921,0.739,1,"HER2+","KTN1"
0.000449753079818947,2.90719176152752,0.737,0.304,1,"HER2+","NARS1"
0.000449753079818947,2.11026016720347,0.684,0.391,1,"HER2+","TYW3"
0.000449753079818947,2.56012554085927,0.684,0.391,1,"HER2+","COMMD6"
0.000451119536198927,2.82352713185561,0.684,0.435,1,"HER2+","ALG5"
0.000452802537464763,2.78259439371524,0.789,0.478,1,"HER2+","DBR1"
0.000452982783466654,1.2374350766454,0.711,0.261,1,"HER2+","ABCG1"
0.00045392946089155,1.97128633335022,0.921,0.565,1,"HER2+","GFPT1"
0.00045392946089155,4.35824903804586,0.816,0.739,1,"HER2+","SLC38A1"
0.000454898819361359,2.30698551415843,0.526,0.087,1,"HER2+","UCK2"
0.000455321201577816,2.0160136063933,0.763,0.435,1,"HER2+","SYT12"
0.000456467219948784,2.07006373054021,0.789,0.565,1,"HER2+","GART"
0.000457430129926892,3.70337832498823,0.658,0.304,1,"HER2+","DDX1"
0.000457430129926892,2.81316328615777,0.658,0.304,1,"HER2+","GALE"
0.000457430129926892,2.16787030925279,0.658,0.304,1,"HER2+","NOL3"
0.000459450057550796,1.95727520022175,0.868,0.609,1,"HER2+","BCL7C"
0.00045973847186053,1.78004882374349,0.553,0.13,1,"HER2+","ELP1"
0.000463892110601448,1.83128397001541,0.816,0.652,1,"HER2+","UTP6"
0.000467135671355992,2.40061197264298,0.816,0.609,1,"HER2+","RBM8A"
0.000467231747806785,2.89909897579244,0.632,0.217,1,"HER2+","RALA"
0.000468529706975131,2.74909655837315,0.763,0.565,1,"HER2+","SCNM1"
0.000469063600449516,2.34222361919238,0.789,0.609,1,"HER2+","CLCC1"
0.000469563480181011,2.44734775838247,0.816,0.522,1,"HER2+","EIF3G"
0.000469563480181011,2.18858878878738,0.816,0.522,1,"HER2+","QTRT1"
0.000472533933929767,1.61898037646626,0.895,0.565,1,"HER2+","MPPE1"
0.000472881258172655,2.08438774350021,0.737,0.261,1,"HER2+","STAC2"
0.000472881258172655,2.12432901749689,0.684,0.348,1,"HER2+","FDX1"
0.000472881258172655,1.94322365796487,0.684,0.348,1,"HER2+","NUP35"
0.000473480727913307,1.35860872749915,0.632,0.174,1,"HER2+","FAM178B"
0.000474908047823087,5.61541091040998,0.5,0.087,1,"HER2+","GGCT"
0.000474908047823087,4.30040068164509,0.5,0.087,1,"HER2+","GLO1"
0.000474908047823087,4.51631961365326,0.5,0.087,1,"HER2+","ALDH3B2"
0.00047498678212734,3.23778537790187,0.579,0.174,1,"HER2+","ACLY"
0.000476675227636375,2.0030635983414,0.737,0.304,1,"HER2+","PPP2R1B"
0.000477989590550941,3.2666724692955,0.711,0.391,1,"HER2+","SNRPG"
0.000479279902896118,2.81155918297652,0.789,0.478,1,"HER2+","B4GALNT2"
0.000479279902896118,1.46120146384812,0.789,0.478,1,"HER2+","TIMM23B"
0.000480114643947725,2.35047920211359,0.868,0.652,1,"HER2+","FEM1A"
0.000480114643947725,2.05325773289319,0.842,0.696,1,"HER2+","C17orf75"
0.000480380467315933,0.376325320281424,0.711,0.261,1,"HER2+","CTBP2"
0.000480464137887756,2.13083686010734,0.789,0.652,1,"HER2+","SIDT2"
0.000482818085046182,3.18228563159476,0.474,0.043,1,"HER2+","AP1AR"
0.000485248531016172,1.53197871213511,0.684,0.261,1,"HER2+","LCTL"
0.00048604891542453,3.17030712329507,0.658,0.217,1,"HER2+","HSPH1"
0.00048604891542453,3.16911083912894,0.632,0.261,1,"HER2+","HID1"
0.000488516416760841,4.30715909207254,0.737,0.522,1,"HER2+","MYO6"
0.000488516416760841,2.12829524672939,0.737,0.522,1,"HER2+","AP4M1"
0.000489756340487031,2.27809159346588,0.553,0.13,1,"HER2+","CEP70"
0.000489756340487031,3.73005636323788,0.553,0.13,1,"HER2+","BZW2"
0.000489756340487031,1.07772026357087,0.553,0.13,1,"HER2+","MDH1B"
0.000489756340487031,2.23918943780787,0.553,0.13,1,"HER2+","PPOX"
0.000489756340487031,1.51189547637657,0.553,0.13,1,"HER2+","PATE2"
0.000490220623223246,2.4806587901871,0.553,0.087,1,"HER2+","VEGFA"
0.000490987198108532,3.42437675812161,0.605,0.174,1,"HER2+","ARRDC1"
0.000496229418806434,2.46237925417222,0.789,0.609,1,"HER2+","TMEM241"
0.000497208623791102,2.35587970986997,0.974,0.957,1,"HER2+","USP8"
0.000499750852181748,0.498765113599172,0.895,0.565,1,"HER2+","SRRM1"
0.000500453635810126,2.40753539818464,0.868,0.696,1,"HER2+","RNASEH2A"
0.000501642803248093,2.7729985060874,0.737,0.435,1,"HER2+","ZDHHC13"
0.000505140127500744,1.52050741281258,0.737,0.391,1,"HER2+","TLCD3B"
0.000505140127500744,1.73266157975969,0.737,0.391,1,"HER2+","CYP4F8"
0.000505250388428637,2.81458517142384,0.579,0.174,1,"HER2+","CEACAM5"
0.000505250388428637,4.16931939978265,0.579,0.174,1,"HER2+","MCM3"
0.000506346561404765,2.17867757215027,0.737,0.348,1,"HER2+","AFG3L2"
0.000506346561404765,2.20708051989836,0.711,0.391,1,"HER2+","TMC6"
0.000507126849391232,3.83255090476952,0.5,0.087,1,"HER2+","PHPT1"
0.000507126849391232,4.12018852951681,0.5,0.087,1,"HER2+","PXN"
0.000507126849391232,5.18684220339571,0.5,0.087,1,"HER2+","TACSTD2"
0.000507195741538119,2.07445665555115,0.789,0.478,1,"HER2+","ATP7A"
0.000509317508920528,1.31355565914013,0.658,0.348,1,"HER2+","FOXP4"
0.000514589893747599,1.7041286632868,0.895,0.652,1,"HER2+","EIF3L"
0.000514638310754233,1.30958156126147,0.684,0.261,1,"HER2+","EEF1AKMT2"
0.000514638310754233,6.14721025640232,0.658,0.304,1,"HER2+","S100A11"
0.000514638310754233,2.40474055360248,0.658,0.304,1,"HER2+","ZMYM1"
0.00051589539052023,2.63436305838588,0.632,0.261,1,"HER2+","CLSPN"
0.000516631773445325,3.07696604494189,0.474,0.043,1,"HER2+","FN3KRP"
0.000516631773445325,3.00057873158874,0.474,0.043,1,"HER2+","MRPL21"
0.000516917280604368,2.43967158313259,0.658,0.261,1,"HER2+","DGAT2"
0.000517016885862059,2.47936285205607,0.763,0.478,1,"HER2+","BCLAF3"
0.000518166056629397,1.76723886842316,0.921,0.783,1,"HER2+","XIAP"
0.000518913339305007,3.4351625849768,0.816,0.652,1,"HER2+","RPL7A"
0.000519803658393273,2.39872940212845,0.711,0.435,1,"HER2+","NUP62"
0.000519889399997663,2.02755484020129,0.711,0.348,1,"HER2+","SOWAHC"
0.000521891373545347,2.95898779707541,0.605,0.174,1,"HER2+","BHLHE40"
0.000522486165304684,1.4969448856224,0.553,0.087,1,"HER2+","APTX"
0.000524387836916937,1.42769168856839,0.684,0.304,1,"HER2+","TIPIN"
0.000524522418040016,4.3785408679643,0.763,0.565,1,"HER2+","HSP90AB1"
0.000524763169789266,1.85238843891087,0.974,0.87,1,"HER2+","PHC3"
0.000524856551961605,1.78445044737305,0.842,0.522,1,"HER2+","CREBBP"
0.000525401999584687,2.40306216755389,0.895,0.739,1,"HER2+","SEC11A"
0.000525401999584687,2.15032274589521,0.895,0.739,1,"HER2+","SHISA9"
0.000526893629842576,1.185892579976,0.632,0.217,1,"HER2+","FBXW8"
0.000528423745315802,2.56166746170363,0.842,0.652,1,"HER2+","QTRT2"
0.000528423745315802,2.77104193474334,0.842,0.652,1,"HER2+","TOMM7"
0.000529097639970207,2.09854587260815,0.868,0.696,1,"HER2+","GSTO2"
0.000531057215948294,1.99316260046762,0.737,0.435,1,"HER2+","TMEM168"
0.00053192562274648,3.11845125159492,0.579,0.13,1,"HER2+","RPA3"
0.000534410633536322,3.12029335944865,0.605,0.217,1,"HER2+","LRATD2"
0.000534863139083033,2.35449416001501,0.789,0.304,1,"HER2+","ADA2"
0.000536265615287818,3.4741866908776,0.711,0.391,1,"HER2+","SNRPD2"
0.000536621448839683,1.61850338710296,0.789,0.478,1,"HER2+","DTD2"
0.000537303960899406,1.87951159475643,0.579,0.174,1,"HER2+","TFB1M"
0.000540127896390963,1.16264959475965,0.763,0.435,1,"HER2+","B3GALNT2"
0.000541374075032632,4.72634381420115,0.5,0.087,1,"HER2+","SPDEF"
0.000541374075032632,3.28645489842704,0.5,0.087,1,"HER2+","MTX2"
0.000541374075032632,3.79723268615979,0.5,0.087,1,"HER2+","C1orf115"
0.000542880693539105,1.97243499090017,0.658,0.174,1,"HER2+","PHF10"
0.000545680529795618,2.34530234479174,0.658,0.304,1,"HER2+","SPRED1"
0.000547061068706253,1.80216407948183,0.789,0.435,1,"HER2+","HEATR3"
0.000547443116191152,0.829454999936192,0.658,0.217,1,"HER2+","MS4A2"
0.000547443116191152,2.37430752016025,0.632,0.261,1,"HER2+","MET"
0.000547443116191152,3.87717168355332,0.632,0.261,1,"HER2+","PRDX4"
0.000547443116191152,3.07387192344958,0.632,0.261,1,"HER2+","RBPJ"
0.00054865046171197,0.974527838030665,0.895,0.522,1,"HER2+","RICTOR"
0.000550149213827296,1.99337774389856,0.895,0.696,1,"HER2+","IFT22"
0.00055259189908298,1.13422615762757,0.868,0.522,1,"HER2+","FAM3A"
0.00055259189908298,2.32902567267026,0.868,0.522,1,"HER2+","HEXA"
0.000552642345895114,2.1821355476881,0.474,0.043,1,"HER2+","CZIB"
0.000554801125582151,2.71464764195401,0.816,0.478,1,"HER2+","SPTSSA"
0.000555016780610093,1.93686025779295,0.816,0.565,1,"HER2+","ZFYVE26"
0.000555016780610093,2.03870579096398,0.816,0.565,1,"HER2+","POLR2D"
0.000555322455478076,1.56120757905071,0.947,0.652,1,"HER2+","PXMP4"
0.000558623731125201,2.33636350079017,0.842,0.652,1,"HER2+","ZNF7"
0.000559318747468122,2.89653681780999,0.632,0.217,1,"HER2+","DPY30"
0.000562072451738148,4.79098644650468,0.711,0.478,1,"HER2+","IDH1"
0.000566209284524452,1.27491310086715,0.737,0.391,1,"HER2+","CTSV"
0.000566209284524452,1.74172367275169,0.737,0.391,1,"HER2+","RTKN2"
0.000567368822631838,3.15807040031169,0.816,0.739,1,"HER2+","EEF2"
0.000567544593161496,2.56386670287488,0.605,0.217,1,"HER2+","SCAMP3"
0.000567631570029416,2.00791588162468,0.737,0.565,1,"HER2+","CNTNAP2"
0.000567825296099186,1.99053154839116,0.737,0.348,1,"HER2+","SLC25A19"
0.000567825296099186,2.64343536408302,0.737,0.348,1,"HER2+","SLC25A29"
0.000567825296099186,1.66552600499167,0.711,0.391,1,"HER2+","PNPLA4"
0.000567825296099186,2.21421451753134,0.711,0.391,1,"HER2+","COMMD1"
0.000571244102256732,2.04163494563179,0.579,0.174,1,"HER2+","C5"
0.000571526051131476,0.778392838547532,0.842,0.478,1,"HER2+","FOXRED1"
0.000580780565925437,3.22321593542864,0.632,0.261,1,"HER2+","ZNF12"
0.000581441224787387,3.64809405299776,0.658,0.261,1,"HER2+","EML4"
0.000584171621791195,1.38684746803594,0.868,0.522,1,"HER2+","MPV17"
0.000586785017111405,1.63420333469969,0.842,0.522,1,"HER2+","PSMB6"
0.000588922133398841,3.15366640982875,0.684,0.304,1,"HER2+","CEPT1"
0.000588922133398841,1.83273008605314,0.684,0.304,1,"HER2+","PTMS"
0.000590425012345729,1.89124217643665,0.895,0.565,1,"HER2+","HYPK"
0.000591136439264288,3.69485317637096,0.553,0.13,1,"HER2+","NPRL2"
0.000594767981742518,1.68641982709496,0.737,0.435,1,"HER2+","FIBP"
0.000596101963846632,0.939737647646357,0.711,0.304,1,"HER2+","SGSH"
0.000599780513584133,1.90113618773893,0.947,0.826,1,"HER2+","RNPS1"
0.000600114126944132,2.10464132713684,0.737,0.304,1,"HER2+","AARS1"
0.000600303917390801,1.4886291695245,0.789,0.478,1,"HER2+","ARSB"
0.000600303917390801,2.43112988063595,0.737,0.565,1,"HER2+","PCCA"
0.000606172921241911,0.505154452746154,0.711,0.261,1,"HER2+","ABHD14A"
0.000606172921241911,2.64495033248455,0.658,0.348,1,"HER2+","KMO"
0.000607172040772863,3.59028593783283,0.579,0.174,1,"HER2+","GPR160"
0.000607528074854081,1.57812986288133,0.895,0.652,1,"HER2+","ZNF814"
0.000611431658424733,4.10524300516177,0.921,0.783,1,"HER2+","SYTL2"
0.000611456477297778,3.3050309594772,0.605,0.261,1,"HER2+","BRCA2"
0.000612089138247112,3.05841380885677,0.789,0.435,1,"HER2+","PMPCB"
0.000612089138247112,1.53708782995517,0.789,0.435,1,"HER2+","CCDC24"
0.000612945318896701,1.97416838387832,0.868,0.565,1,"HER2+","RBM25"
0.000613065246039323,2.5276593795445,0.658,0.304,1,"HER2+","PPIL2"
0.000613065246039323,2.61048353036913,0.658,0.304,1,"HER2+","NAA35"
0.000613065246039323,1.77952502888885,0.658,0.304,1,"HER2+","HYDIN"
0.000613065246039323,2.08546619535515,0.658,0.304,1,"HER2+","ZNF277"
0.00061600029431186,1.02352545881707,0.658,0.217,1,"HER2+","TRIM25"
0.00061600029431186,1.58569044358071,0.658,0.217,1,"HER2+","ZNF576"
0.00061600029431186,1.42585306125242,0.632,0.261,1,"HER2+","NARS2"
0.000616425655518415,1.406817359117,0.5,0.087,1,"HER2+","SEMA3B"
0.000616444551729035,2.59397247557108,0.658,0.261,1,"HER2+","SNRPC"
0.00061728866514976,2.15848911529935,0.763,0.522,1,"HER2+","ZNF500"
0.00062023942061432,1.43013674153612,0.816,0.565,1,"HER2+","TRPM4"
0.00062023942061432,1.29707353139453,0.816,0.565,1,"HER2+","SLC25A33"
0.00062023942061432,3.59759635694277,0.816,0.565,1,"HER2+","ATP5MF"
0.000620697021308032,2.96866701734341,0.553,0.174,1,"HER2+","IMPACT"
0.000621811350983879,1.88435777957469,0.789,0.391,1,"HER2+","ICOSLG"
0.000624459133763803,2.82492195470336,0.868,0.696,1,"HER2+","ATM"
0.00062582452321249,3.04447434588656,0.605,0.174,1,"HER2+","SRPK1"
0.00062582452321249,1.96754830312511,0.605,0.174,1,"HER2+","DNAJC12"
0.00062582452321249,2.59935969518566,0.605,0.174,1,"HER2+","DUS1L"
0.000627524654907632,1.34740083135655,0.526,0.087,1,"HER2+","DUSP16"
0.000628417590377962,3.17058939931086,0.947,0.739,1,"HER2+","ABCC9"
0.000629057660559564,1.24387892198577,0.553,0.13,1,"HER2+","PRKCZ"
0.000629057660559564,3.62714591345913,0.553,0.13,1,"HER2+","GTF3C4"
0.000629057660559564,0.738569128930305,0.553,0.13,1,"HER2+","GPC2"
0.00062922677507198,0.746893783961358,0.763,0.391,1,"HER2+","EPHA1"
0.00062922677507198,1.46561490916417,0.763,0.391,1,"HER2+","PDZD7"
0.000631269393642029,1.83678143226311,0.684,0.348,1,"HER2+","FERMT2"
0.000631351837357764,1.96366213339795,0.921,0.826,1,"HER2+","ENSA"
0.000634097920302851,2.12264462074614,0.737,0.391,1,"HER2+","ATAD5"
0.000634672366080206,0.423093540856088,0.684,0.217,1,"HER2+","ACVR2B"
0.000639627353742031,1.55229334762014,0.605,0.217,1,"HER2+","RHBDD3"
0.000641828342001587,2.68174784868425,0.895,0.652,1,"HER2+","SBF2"
0.000642094106430914,2.31163405045727,0.711,0.261,1,"HER2+","SLC43A2"
0.000647235795595033,2.14237022379774,0.789,0.435,1,"HER2+","BPNT1"
0.000647235795595033,1.91865569628888,0.763,0.478,1,"HER2+","RPS6KL1"
0.000647659698523026,2.11609348488089,0.868,0.565,1,"HER2+","DHX15"
0.000648923527214806,1.23962163774353,0.947,0.609,1,"HER2+","HEPACAM"
0.000649589016867918,1.50188696013647,0.658,0.304,1,"HER2+","RAD17"
0.000651666331387512,2.69648218783629,0.526,0.13,1,"HER2+","LRRC1"
0.000651666331387512,5.31927917629849,0.526,0.13,1,"HER2+","CLDN3"
0.000652215210613449,2.01929982667111,0.763,0.348,1,"HER2+","XPOT"
0.000652215210613449,2.06493923501405,0.711,0.435,1,"HER2+","METTL2A"
0.000652607693854681,1.7390587171591,0.763,0.522,1,"HER2+","CHCHD5"
0.000652607693854681,3.26475211224334,0.763,0.522,1,"HER2+","NIBAN1"
0.000652607693854681,2.84076640894818,0.763,0.522,1,"HER2+","ZNF468"
0.000653631765548609,2.33611493889637,0.711,0.348,1,"HER2+","MCCC1"
0.000653631765548609,3.23690058177795,0.711,0.348,1,"HER2+","NT5C3B"
0.000654877381736852,1.5106592101081,0.895,0.739,1,"HER2+","NEDD8"
0.000654877381736852,2.41690300327326,0.895,0.739,1,"HER2+","LRCH3"
0.000655461515302643,2.45513495812456,0.789,0.609,1,"HER2+","SGCE"
0.000656594371241311,1.31974440783854,0.816,0.522,1,"HER2+","HPS5"
0.000657593084403565,1.33478422101446,0.789,0.391,1,"HER2+","IFT122"
0.000659298454450774,2.6312108224822,0.447,0.043,1,"HER2+","MNAT1"
0.000659298454450774,2.84858205571261,0.447,0.043,1,"HER2+","AGA"
0.000659298454450774,2.71028766037197,0.447,0.043,1,"HER2+","ACOX3"
0.000659298454450774,3.33863741062113,0.447,0.043,1,"HER2+","FH"
0.000659298454450774,3.39079678234913,0.447,0.043,1,"HER2+","TMEM54"
0.000659298454450774,2.75533175208599,0.447,0.043,1,"HER2+","TFAP2A"
0.000659298454450774,1.54292702629835,0.447,0.043,1,"HER2+","AASDH"
0.000659298454450774,2.55691334162171,0.447,0.043,1,"HER2+","HOXC10"
0.000659298454450774,1.85198711734797,0.447,0.043,1,"HER2+","C9orf152"
0.000664545039298537,1.93078798205123,0.605,0.174,1,"HER2+","ILDR1"
0.000665535428100193,2.86376979082143,0.737,0.435,1,"HER2+","TBRG4"
0.000668088032988422,3.86617320108102,0.632,0.217,1,"HER2+","KDM4C"
0.000670620677334374,3.45921136976394,0.789,0.652,1,"HER2+","FKBP5"
0.000670812937974912,2.123488884382,0.737,0.391,1,"HER2+","MAFF"
0.000672435357134088,2.20588428832713,0.684,0.391,1,"HER2+","THSD4"
0.000674962608510057,2.66040197650146,0.842,0.478,1,"HER2+","NDUFB6"
0.000676193408034196,1.95311287496742,0.763,0.435,1,"HER2+","ORMDL2"
0.000677922801457311,1.57094108014487,0.895,0.652,1,"HER2+","TIMM17B"
0.000679987076163595,1.12434765672599,0.711,0.261,1,"HER2+","PTPRB"
0.000679987076163595,2.06546432776862,0.658,0.348,1,"HER2+","FAF1"
0.00068425195812014,2.42180155515618,0.789,0.435,1,"HER2+","DKC1"
0.00068425195812014,2.752234310377,0.737,0.522,1,"HER2+","RPL18"
0.00068425195812014,2.93762000394415,0.737,0.522,1,"HER2+","MRPS25"
0.00068425195812014,3.27550680504662,0.737,0.522,1,"HER2+","ENPP1"
0.000688128073643486,3.64087479237921,0.658,0.304,1,"HER2+","FANCI"
0.000688128073643486,2.19764065375813,0.658,0.304,1,"HER2+","OSBPL10"
0.000689798571701846,2.50558122782738,0.763,0.522,1,"HER2+","UTP23"
0.000691740842865835,2.76654568443604,0.711,0.348,1,"HER2+","ETF1"
0.000692536311790559,2.10758271598955,0.816,0.565,1,"HER2+","TMEM98"
0.000692941775803145,2.5695488526911,0.789,0.522,1,"HER2+","SCNN1A"
0.000692941775803145,2.74483933771807,0.789,0.522,1,"HER2+","TSNAX"
0.000693699104338064,3.83099888375756,0.526,0.13,1,"HER2+","DDX56"
0.000693699104338064,3.38815753615678,0.526,0.13,1,"HER2+","MRPL9"
0.000693699104338064,3.09671616796213,0.526,0.13,1,"HER2+","SLC35A1"
0.000693807615469873,2.08802379018313,0.816,0.522,1,"HER2+","ACACB"
0.000693807615469873,2.18910396187345,0.816,0.522,1,"HER2+","RASSF6"
0.000699703574517427,2.04016262655341,0.684,0.304,1,"HER2+","MARCHF9"
0.000699703574517427,2.03233479214642,0.684,0.304,1,"HER2+","PIGA"
0.000701067345860967,4.11871172666371,0.5,0.087,1,"HER2+","TMEM254"
0.000701067345860967,2.52234402704136,0.5,0.087,1,"HER2+","RFC4"
0.000701067345860967,2.65244543772964,0.5,0.087,1,"HER2+","GSTA4"
0.000701439080189247,2.55345796545145,0.553,0.174,1,"HER2+","BOLA2"
0.000703784297227829,2.31883244245738,0.711,0.478,1,"HER2+","PLOD1"
0.000705307322219806,3.70177868898928,0.447,0.043,1,"HER2+","DLG3"
0.000705307322219806,3.79190467397327,0.447,0.043,1,"HER2+","ANAPC13"
0.000705307322219806,1.89963053941667,0.447,0.043,1,"HER2+","MRPL35"
0.000706487034667781,1.89991152458291,0.947,0.826,1,"HER2+","TMED4"
0.000706771859811822,2.05786369644706,0.895,0.609,1,"HER2+","L2HGDH"
0.000707466463618941,2.70198874809205,0.711,0.304,1,"HER2+","E2F5"
0.000707466463618941,2.18307044938712,0.711,0.304,1,"HER2+","GNAL"
0.000707466463618941,1.74457841800524,0.684,0.348,1,"HER2+","XRRA1"
0.000707901641409079,1.36635580145461,0.395,0,1,"HER2+","FHIP1B"
0.000707901641409079,1.5891760502516,0.395,0,1,"HER2+","PIGU"
0.000707901641409079,2.23111526682487,0.395,0,1,"HER2+","SLC35A2"
0.000707901641409079,2.14014158408903,0.395,0,1,"HER2+","USP5"
0.000707901641409079,2.81808418694577,0.395,0,1,"HER2+","LRRC31"
0.000707901641409079,1.45941500897105,0.395,0,1,"HER2+","SLC25A12"
0.000707901641409079,3.24399226573545,0.395,0,1,"HER2+","LYPD3"
0.000707901641409079,1.46138120400401,0.395,0,1,"HER2+","CRB3"
0.000707901641409079,2.30816054464343,0.395,0,1,"HER2+","ZBED3"
0.000707901641409079,3.73197497209846,0.395,0,1,"HER2+","SIGMAR1"
0.000707901641409079,3.54552491239396,0.395,0,1,"HER2+","LAD1"
0.000707901641409079,1.32940448101587,0.395,0,1,"HER2+","MAP9"
0.000707901641409079,3.2091918433168,0.395,0,1,"HER2+","PRR15L"
0.000707901641409079,2.78000355083018,0.395,0,1,"HER2+","LRRC75B"
0.000707901641409079,1.78950990610332,0.395,0,1,"HER2+","ACOT1"
0.000707901641409079,2.07500252579435,0.395,0,1,"HER2+","WDR27"
0.000707901641409079,3.48959692810781,0.395,0,1,"HER2+","SEPTIN10"
0.000707901641409079,0.61926213714023,0.395,0,1,"HER2+","KRT19P1"
0.000707901641409079,2.12103234346754,0.395,0,1,"HER2+","TRIL"
0.000707901641409079,1.39114931956858,0.395,0,1,"HER2+","THSD8"
0.000708511585125628,1.82268196812584,0.632,0.217,1,"HER2+","NAPEPLD"
0.000708511585125628,1.62761930280298,0.632,0.217,1,"HER2+","TRPV3"
0.000711560429726286,1.21136908178946,0.737,0.304,1,"HER2+","PWWP3A"
0.000711560429726286,1.63019194909901,0.684,0.391,1,"HER2+","NABP2"
0.000712166647123153,2.60305476740967,0.711,0.391,1,"HER2+","METAP2"
0.000712293801419833,2.27877558809916,0.526,0.087,1,"HER2+","ATG5"
0.000713140668748881,1.34002987703005,0.842,0.478,1,"HER2+","TRAPPC8"
0.000720151748391662,1.75044053362398,0.605,0.217,1,"HER2+","ADPRHL1"
0.000723228069147925,1.99527864409825,0.816,0.391,1,"HER2+","TGIF1"
0.000723228069147925,1.52546174880735,0.763,0.478,1,"HER2+","ANKS3"
0.000723228069147925,2.61040699113179,0.737,0.522,1,"HER2+","PDHX"
0.000723680780632228,1.11255850760293,0.947,0.609,1,"HER2+","CNDP2"
0.000727968255358618,2.39345725479533,0.579,0.174,1,"HER2+","PMS2"
0.000727968255358618,1.82014249910021,0.579,0.174,1,"HER2+","XRCC3"
0.000728052025956288,2.3863569172958,0.816,0.609,1,"HER2+","STAP2"
0.000728052025956288,2.37761018954658,0.816,0.609,1,"HER2+","ZNF544"
0.000728951516196872,0.848861639994198,0.816,0.435,1,"HER2+","MED22"
0.000729606139218637,4.43167942612271,0.711,0.435,1,"HER2+","NFIA"
0.000731552431693423,3.25776146295024,0.816,0.565,1,"HER2+","ATP5F1B"
0.000731552431693423,2.49700255698509,0.816,0.565,1,"HER2+","TMEM68"
0.000734970105147799,1.57913209906832,0.789,0.391,1,"HER2+","CYP51A1"
0.000734970105147799,1.27169121068614,0.789,0.391,1,"HER2+","RASAL2"
0.000734970105147799,2.16961069355066,0.737,0.478,1,"HER2+","AVL9"
0.000734970105147799,2.6542041863022,0.737,0.478,1,"HER2+","NSUN5P1"
0.000735241516771735,2.23176468391575,0.842,0.652,1,"HER2+","MAPKAPK5"
0.000735241516771735,2.17112028369809,0.842,0.652,1,"HER2+","HSPA4L"
0.000735584814069873,2.23351796985099,0.947,0.696,1,"HER2+","COX5B"
0.000735616340547557,2.30514760416362,0.816,0.783,1,"HER2+","CAPS"
0.000740740140526758,1.19217278960994,0.684,0.304,1,"HER2+","TIMM44"
0.000743273317175286,2.30011701359915,0.921,0.826,1,"HER2+","SFT2D2"
0.000744067635161249,1.81575987693081,0.763,0.391,1,"HER2+","SOAT1"
0.000744067635161249,2.85153613738951,0.737,0.435,1,"HER2+","RRP15"
0.000747326391828476,1.04767886653063,0.5,0.087,1,"HER2+","DUS4L"
0.000747326391828476,3.11969907603693,0.5,0.087,1,"HER2+","MAP7"
0.000748189365792394,2.17082979410364,0.789,0.652,1,"HER2+","HACD2"
0.000751198202063147,3.451953353282,0.632,0.217,1,"HER2+","NDUFA8"
0.000753234995876311,0.989644427024121,0.711,0.391,1,"HER2+","APELA"
0.000753234995876311,1.79656174356217,0.684,0.435,1,"HER2+","CAMKK2"
0.000753234995876311,4.53279061725279,0.684,0.435,1,"HER2+","KIF23"
0.000753317204213989,1.75178245276552,0.842,0.478,1,"HER2+","SPTLC1"
0.000754285143864622,3.44061682729902,0.447,0.043,1,"HER2+","PRMT5"
0.000754285143864622,1.47944847129005,0.447,0.043,1,"HER2+","DIP2C"
0.000754285143864622,3.67809119334025,0.447,0.043,1,"HER2+","JAGN1"
0.000754285143864622,1.79990695640391,0.447,0.043,1,"HER2+","PCLO"
0.000755501245775272,1.68253257696488,0.868,0.609,1,"HER2+","LSM3"
0.000755593981171138,2.07088307253746,0.763,0.435,1,"HER2+","ACTR6"
0.000755593981171138,1.22791873729452,0.763,0.435,1,"HER2+","SULT1A1"
0.00076385576878541,1.87897121034928,0.605,0.217,1,"HER2+","UNG"
0.00076385576878541,3.30859344775973,0.605,0.217,1,"HER2+","PDPR"
0.00076385576878541,2.23413284844606,0.605,0.217,1,"HER2+","NSUN5"
0.00076398944186599,2.29908948587875,0.868,0.739,1,"HER2+","SERBP1"
0.000766221889211657,2.88329664069218,0.921,0.87,1,"HER2+","ZNF26"
0.000770160580107416,2.46712078190192,0.763,0.522,1,"HER2+","POLR1G"
0.000771423446929414,2.56599096728738,0.711,0.435,1,"HER2+","LEO1"
0.000771660963750495,2.96051082754245,0.658,0.304,1,"HER2+","BTF3L4"
0.000771660963750495,2.07507690376014,0.658,0.304,1,"HER2+","PMS2CL"
0.000774184435486017,1.61704776930408,0.816,0.522,1,"HER2+","DDX24"
0.000776278350437575,1.55106433587557,0.895,0.565,1,"HER2+","FUS"
0.000776278350437575,1.94804209757979,0.842,0.652,1,"HER2+","CARS2"
0.000776754176599233,2.63312798450551,0.737,0.478,1,"HER2+","TAF1B"
0.000776754176599233,2.01570457405917,0.737,0.478,1,"HER2+","PTRH1"
0.000776997981191825,1.0673799130296,0.658,0.261,1,"HER2+","KCTD21"
0.000777704910862837,2.28595154528699,0.632,0.261,1,"HER2+","AAR2"
0.000777704910862837,2.02421027464963,0.632,0.261,1,"HER2+","MARVELD2"
0.000785425655677575,2.89801687855267,0.526,0.13,1,"HER2+","AK2"
0.000786483730730519,2.29310466598284,0.763,0.391,1,"HER2+","CSTF3"
0.000786483730730519,2.56226598590382,0.737,0.435,1,"HER2+","PHAF1"
0.000786483730730519,2.49701981988863,0.737,0.435,1,"HER2+","DCLRE1C"
0.00078784015174342,1.95801349351544,0.921,0.565,1,"HER2+","UBE2V2"
0.000790024808227442,2.50977853907228,0.789,0.652,1,"HER2+","ZDHHC24"
0.000791853706339095,2.11705236631931,0.553,0.174,1,"HER2+","LAMB1"
0.000791853706339095,3.72784697772972,0.553,0.174,1,"HER2+","RANBP1"
0.000791853706339095,1.80294559599082,0.553,0.174,1,"HER2+","MRAS"
0.000796493584996364,1.63554570215343,0.737,0.348,1,"HER2+","CPS1"
0.000796493584996364,2.02608634364235,0.711,0.391,1,"HER2+","DMAC2"
0.000796493584996364,2.34102055026721,0.711,0.391,1,"HER2+","STX2"
0.000796493584996364,2.01219157080487,0.711,0.391,1,"HER2+","ZNHIT6"
0.000797843156440119,2.90161861111554,0.842,0.739,1,"HER2+","PSMC1"
0.000805618207523404,2.15343076393593,0.816,0.652,1,"HER2+","COQ5"
0.000806374456615015,1.62331339159358,0.868,0.739,1,"HER2+","COPS5"
0.000806405741317965,1.66260096142319,0.447,0.043,1,"HER2+","SIX1"
0.000806405741317965,3.38015272893955,0.447,0.043,1,"HER2+","TMTC3"
0.000806405741317965,3.44322595620437,0.447,0.043,1,"HER2+","CRACR2B"
0.000806405741317965,3.45638859038709,0.447,0.043,1,"HER2+","MRPL12"
0.000806502906046382,1.85335462043068,0.711,0.261,1,"HER2+","YTHDC2"
0.000807441347352225,2.76624834402079,0.789,0.435,1,"HER2+","NAA25"
0.000807441347352225,2.65863278992461,0.737,0.522,1,"HER2+","PCYOX1"
0.000813523786882296,2.49749783553664,0.763,0.522,1,"HER2+","GTPBP4"
0.000815781953042952,2.56421415981514,0.816,0.565,1,"HER2+","PDHB"
0.000816089160253894,1.75138472543364,0.579,0.13,1,"HER2+","MECOM"
0.000816839909642491,1.77523272725035,0.816,0.478,1,"HER2+","TTF2"
0.000816870605385627,2.36209309519519,0.658,0.304,1,"HER2+","ATR"
0.000818815769560688,1.82521915800747,0.711,0.348,1,"HER2+","SRSF7"
0.000818815769560688,2.23919259836866,0.711,0.348,1,"HER2+","ZNF669"
0.000819433006148972,1.64637104639286,0.842,0.652,1,"HER2+","AP2A1"
0.00082262274402449,1.54803801856022,0.474,0.043,1,"HER2+","ATG16L1"
0.00082262274402449,1.54587879871471,0.474,0.043,1,"HER2+","TMEM101"
0.000823878517578042,2.62693918325113,0.632,0.261,1,"HER2+","ORC5"
0.000827841507502267,1.20652413935706,0.974,0.739,1,"HER2+","ZNHIT1"
0.000831135052267587,1.78732029969462,0.737,0.435,1,"HER2+","PSME1"
0.000831135052267587,2.56263795205079,0.737,0.435,1,"HER2+","ANKRD36B"
0.000834022777871736,2.81476399712589,0.789,0.652,1,"HER2+","AKTIP"
0.000835397732147211,2.31922123767965,0.526,0.13,1,"HER2+","DRG2"
0.000837915188457286,1.52132275168257,0.684,0.348,1,"HER2+","CYB5R2"
0.000838337610400489,1.8135752787336,0.737,0.391,1,"HER2+","EFR3B"
0.000841991345895088,1.94752548616599,0.737,0.304,1,"HER2+","MEIOC"
0.000842048389518918,1.30053957422139,0.684,0.435,1,"HER2+","SLC25A26"
0.000842787661515395,3.05769482543284,0.605,0.174,1,"HER2+","GLUD1"
0.000842787661515395,1.69432367140488,0.605,0.174,1,"HER2+","SLX4IP"
0.000843825900796815,1.64133040863438,0.632,0.217,1,"HER2+","P4HA2"
0.000843825900796815,0.876327430019096,0.632,0.217,1,"HER2+","C1R"
0.000848464945593704,2.60305112188806,0.5,0.087,1,"HER2+","TGS1"
0.000848464945593704,2.70047644396107,0.5,0.087,1,"HER2+","LIMK2"
0.000850345692779979,1.62946619501156,0.842,0.609,1,"HER2+","ARL16"
0.000850345692779979,2.23835907985616,0.816,0.652,1,"HER2+","KAT7"
0.000852879252629892,2.87520074056454,0.789,0.435,1,"HER2+","MACROH2A1"
0.000852879252629892,1.90657976972274,0.763,0.478,1,"HER2+","WHAMM"
0.000859143269441948,1.91875207722488,0.816,0.435,1,"HER2+","TOR1AIP1"
0.000861191818751717,1.84067154986998,0.868,0.478,1,"HER2+","GRAMD4P3"
0.000861191818751717,1.72389130710591,0.789,0.609,1,"HER2+","SKA1"
0.000861812715888779,3.51022580233184,0.711,0.435,1,"HER2+","CD44"
0.00086185187985425,2.81823485808502,0.447,0.043,1,"HER2+","MRPL24"
0.00086185187985425,1.13583820942798,0.447,0.043,1,"HER2+","WNK2"
0.00086250973827209,2.89728519796464,0.789,0.522,1,"HER2+","POLR2B"
0.00086250973827209,2.4251366955613,0.789,0.522,1,"HER2+","RSPRY1"
0.00086250973827209,2.29099664290391,0.789,0.522,1,"HER2+","COX11"
0.00086452748259319,2.22480013504563,0.658,0.304,1,"HER2+","NOP2"
0.000867015866118831,4.25738277359742,0.737,0.478,1,"HER2+","SLC25A6"
0.000867949493086822,4.81551187715037,0.579,0.217,1,"HER2+","MDH2"
0.000870783114462771,2.54751637005131,0.579,0.174,1,"HER2+","FGFR2"
0.000870783114462771,3.37292398176804,0.579,0.174,1,"HER2+","HMGN3"
0.000872584610150467,1.21154740121216,0.632,0.261,1,"HER2+","PLA2G4D"
0.000873395224184856,2.33975758562026,0.947,0.783,1,"HER2+","AP1M1"
0.000877469455720525,2.23597561314778,0.842,0.696,1,"HER2+","MRPL48"
0.000877649222911275,1.43107308067393,0.684,0.304,1,"HER2+","RASSF8"
0.000882265943380942,2.63936386406179,0.474,0.087,1,"HER2+","SH2D4A"
0.000882265943380942,3.69198787294135,0.474,0.087,1,"HER2+","MRPS26"
0.000882265943380942,3.04001227733239,0.474,0.087,1,"HER2+","MRPL50"
0.000882265943380942,2.4144831748707,0.474,0.087,1,"HER2+","ABCA12"
0.000886135840797215,4.08507324084028,0.658,0.391,1,"HER2+","RPS2P5"
0.000886807717408322,2.73882572794906,0.789,0.565,1,"HER2+","PLEKHA3"
0.0008901784496199,2.67035628011721,0.684,0.391,1,"HER2+","CCDC149"
0.000893082490470752,2.63164506353462,0.868,0.87,1,"HER2+","RPL13A"
0.000896220902455644,3.16197663629714,0.632,0.304,1,"HER2+","ERH"
0.000897366993624079,1.97978103817383,0.842,0.609,1,"HER2+","ZNF639"
0.000897366993624079,2.5116628649864,0.842,0.609,1,"HER2+","WDR12"
0.000897366993624079,2.32411565234961,0.842,0.609,1,"HER2+","ZNF292"
0.000897765647541855,2.4110333327183,0.895,0.696,1,"HER2+","GSTK1"
0.000900678866699547,1.74980666527269,0.737,0.522,1,"HER2+","ACACA"
0.000904297310830085,2.22215784868694,0.816,0.609,1,"HER2+","DNAJC2"
0.000908368761566639,1.46676013515729,0.553,0.13,1,"HER2+","ARL8A"
0.000910184315533345,2.37521058230182,0.605,0.217,1,"HER2+","MRPL10"
0.000910184315533345,2.05668519605686,0.605,0.217,1,"HER2+","BCDIN3D"
0.000910537755522313,1.18047581648965,0.816,0.478,1,"HER2+","SNRPA1"
0.000910602180905541,3.26450345921842,0.711,0.435,1,"HER2+","EIF3A"
0.000910602180905541,2.47011189377036,0.711,0.435,1,"HER2+","MLF1"
0.000911080934705964,1.60082652612933,0.816,0.522,1,"HER2+","ABCB9"
0.000912496357971923,2.40108246753362,0.842,0.652,1,"HER2+","UFC1"
0.000912496357971923,2.28058950371585,0.842,0.652,1,"HER2+","UEVLD"
0.000920130695156927,3.33077125068745,0.605,0.261,1,"HER2+","PHYH"
0.000920130695156927,2.01658721743232,0.605,0.261,1,"HER2+","GPHN"
0.000920815647561724,2.67354294427172,0.447,0.043,1,"HER2+","PAXX"
0.000923889082784045,1.92500976499119,0.579,0.174,1,"HER2+","GEMIN7"
0.000923948994910129,2.08096683310686,0.632,0.261,1,"HER2+","TAF6"
0.000923948994910129,1.49626685418602,0.632,0.261,1,"HER2+","NBPF11"
0.000925746733441856,1.97276880805261,0.895,0.609,1,"HER2+","EIF4G1"
0.000928266597457095,1.33543772125989,0.684,0.304,1,"HER2+","GUF1"
0.000928915868464103,1.54085737798739,0.842,0.565,1,"HER2+","ICE2"
0.000929381461392123,1.18340958381996,1,1,1,"HER2+","RPL21"
0.000932036924931988,2.77998577687615,0.789,0.478,1,"HER2+","EXOSC10"
0.000935968632844906,4.21690610021465,0.789,0.565,1,"HER2+","NME2"
0.000940406065607944,4.4085730097286,0.474,0.087,1,"HER2+","MRPS35"
0.000940406065607944,7.31961066374168,0.474,0.087,1,"HER2+","CRABP2"
0.000940406065607944,3.68915945862113,0.474,0.087,1,"HER2+","YIF1A"
0.000940493224416711,2.8704916366805,0.711,0.391,1,"HER2+","CEP152"
0.000940493224416711,2.4443706023844,0.711,0.391,1,"HER2+","IFI30"
0.00094091128723803,2.78289551448412,0.684,0.391,1,"HER2+","ZNF761"
0.000940992016638521,2.12103537586504,0.763,0.435,1,"HER2+","DNAH14"
0.000944305360027972,1.51667405522174,0.526,0.13,1,"HER2+","SDSL"
0.000946788636655191,2.06347141530505,0.789,0.696,1,"HER2+","CPPED1"
0.000947675262013907,2.73601710067953,0.605,0.174,1,"HER2+","TMEM126B"
0.000947926470747216,2.33722371714347,0.553,0.174,1,"HER2+","ZNF285"
0.000948492305867908,1.04442132427732,0.684,0.217,1,"HER2+","DNASE2"
0.000950951336621878,2.88202530825802,0.763,0.478,1,"HER2+","ANKRD17"
0.000950951336621878,1.66349283189997,0.763,0.478,1,"HER2+","PGAM5"
0.000950951336621878,3.7209251311928,0.711,0.565,1,"HER2+","RPS10"
0.000952914658160688,1.29812398646778,0.974,0.87,1,"HER2+","FAM177A1"
0.000954577366160139,3.06413104848325,0.658,0.348,1,"HER2+","NECTIN4"
0.000954577366160139,2.74779119159499,0.658,0.348,1,"HER2+","KIFBP"
0.000957580997399582,0.729263382025191,0.763,0.522,1,"HER2+","NUDT15"
0.000961912850243479,2.19786135386633,0.921,0.739,1,"HER2+","PPP1CB"
0.000961940847422867,2.05305925827202,0.763,0.348,1,"HER2+","MEFV"
0.000964829423065226,2.74919209339216,0.553,0.13,1,"HER2+","SLC39A10"
0.000966922264013079,2.99076254189565,0.737,0.478,1,"HER2+","QRICH1"
0.000967668140102459,2.71359586932353,0.658,0.304,1,"HER2+","DNAJC13"
0.000967668140102459,1.96059457240887,0.658,0.304,1,"HER2+","QNG1"
0.000971553682309384,2.0843194239077,0.921,0.826,1,"HER2+","ZNF562"
0.000974500608897771,3.47142854301219,0.605,0.261,1,"HER2+","PHB2"
0.000976475250670704,2.38078748174168,0.816,0.739,1,"HER2+","DBT"
0.000978102952621952,2.82821945901525,0.632,0.261,1,"HER2+","ARFIP1"
0.000979590859726134,1.65080028247351,0.737,0.435,1,"HER2+","MTBP"
0.000980026334341196,1.93613515841222,0.842,0.565,1,"HER2+","NUDC"
0.000981577448980157,2.30879435145366,0.684,0.304,1,"HER2+","PMF1"
0.000987644179023206,1.7018622857142,0.842,0.478,1,"HER2+","SAMD8"
0.000987644179023206,1.91940937111681,0.842,0.478,1,"HER2+","POLR2A"
0.000987644179023206,2.39448163505644,0.789,0.565,1,"HER2+","MAPK13"
0.000987644179023206,2.14286255001818,0.789,0.565,1,"HER2+","ACSF3"
0.000988460866502079,2.55730825862714,0.842,0.739,1,"HER2+","SDHC"
0.000988603581872694,1.99688252230248,0.737,0.391,1,"HER2+","ZNF195"
0.000988620397360466,1.977550910607,0.868,0.609,1,"HER2+","TMEM192"
0.000993618361085016,2.40200710452851,0.763,0.304,1,"HER2+","LGALS3BP"
0.000994311532272831,3.90675410292926,0.684,0.391,1,"HER2+","PRSS8"
0.000998721479946573,1.45353415139832,0.842,0.609,1,"HER2+","SLC30A4"
0.000998721479946573,2.19988758702134,0.842,0.609,1,"HER2+","CDK10"
0.00100207853075822,1.22248818259643,0.474,0.087,1,"HER2+","DIAPH2"
0.00100207853075822,3.45371911487821,0.474,0.087,1,"HER2+","MYO5B"
0.00100356041326216,3.68903939172784,0.526,0.13,1,"HER2+","PDIA4"
0.00100357573110876,2.20609511364268,0.632,0.304,1,"HER2+","GPATCH2"
0.00100724827790985,2.63023546819517,0.895,0.739,1,"HER2+","COX7A2"
0.00100928320725598,0.37802922661488,0.658,0.348,1,"HER2+","WNT9B"
0.00101062535254579,2.00665655009122,0.816,0.435,1,"HER2+","TMEM181"
0.00101186761469607,2.01504401586206,0.789,0.609,1,"HER2+","KLHL7"
0.00101411380670119,2.41115483602342,0.816,0.478,1,"HER2+","CCDC47"
0.00101411380670119,1.9713614796935,0.789,0.522,1,"HER2+","SERINC5"
0.00101411380670119,2.10636581583614,0.763,0.565,1,"HER2+","ISG20L2"
0.00101446109528071,2.14793321386422,0.763,0.609,1,"HER2+","FNBP1"
0.0010152742799079,2.30674647475669,0.895,0.565,1,"HER2+","PDCD6"
0.00101594917279613,1.55595908147632,0.711,0.435,1,"HER2+","ZNF417"
0.00102173540715756,1.10043233483341,0.605,0.217,1,"HER2+","IL10"
0.00102173540715756,2.99433638659393,0.605,0.217,1,"HER2+","RABGGTB"
0.00102205134083256,1.26797581470851,0.711,0.348,1,"HER2+","ERCC8"
0.00102340759246693,1.78246524331934,0.684,0.261,1,"HER2+","DVL3"
0.00102340759246693,2.69327603576111,0.658,0.304,1,"HER2+","LTA4H"
0.00102340759246693,1.71582772422824,0.658,0.304,1,"HER2+","TEDC1"
0.00102417989265351,2.57796964527632,0.5,0.087,1,"HER2+","ATP11C"
0.00102417989265351,3.16248411335659,0.5,0.087,1,"HER2+","PIP4K2C"
0.00102452547846223,1.19648952319334,0.553,0.13,1,"HER2+","CLASRP"
0.00102976754965382,1.92049872782252,0.895,0.609,1,"HER2+","SAG"
0.00102976754965382,1.46200043520954,0.868,0.652,1,"HER2+","NDUFS1"
0.00103221444372748,2.99201438414886,0.658,0.261,1,"HER2+","FAF2"
0.00103413947830319,3.08662540029953,0.579,0.217,1,"HER2+","TEX264"
0.00103429657735317,1.59551949172758,0.763,0.391,1,"HER2+","NOP56"
0.00103429657735317,3.37763712154683,0.737,0.435,1,"HER2+","ADCY7"
0.00103429657735317,1.10348378325469,0.737,0.435,1,"HER2+","CACNB3"
0.00103468542215758,3.01035774319862,0.526,0.087,1,"HER2+","USP36"
0.00103468542215758,1.08954575480637,0.5,0.13,1,"HER2+","MVK"
0.00103518343344313,0.604470508301433,0.658,0.217,1,"HER2+","NATD1"
0.00103921591443336,4.29698478957495,0.553,0.217,1,"HER2+","PARP1"
0.00104195063822639,2.07444220621793,0.842,0.478,1,"HER2+","TMEM65"
0.00104399345557219,3.46941195573236,0.684,0.478,1,"HER2+","CARHSP1"
0.0010466660310331,1.38970093105816,0.658,0.391,1,"HER2+","IL17RC"
0.001048736697957,1.4590105631642,0.763,0.435,1,"HER2+","RABL6"
0.00105011339148831,0.68715653205946,0.447,0.043,1,"HER2+","COQ3"
0.00105011339148831,2.60700803604456,0.447,0.043,1,"HER2+","C17orf58"
0.00105011339148831,2.52816082721771,0.447,0.043,1,"HER2+","NUDT16"
0.00105298310274051,1.91633283034241,0.868,0.739,1,"HER2+","AFMID"
0.00105298310274051,1.90165352687341,0.816,0.826,1,"HER2+","MSI2"
0.0010532808570017,2.08081768149735,0.868,0.565,1,"HER2+","COPS6"
0.0010532808570017,2.38026878773145,0.842,0.609,1,"HER2+","SH2D3A"
0.00105938248120475,3.4121896729767,0.737,0.522,1,"HER2+","RAN"
0.00106160786904046,2.03216777514155,0.632,0.304,1,"HER2+","PAQR5"
0.00106160786904046,2.26661819049628,0.632,0.304,1,"HER2+","TRMT44"
0.00106165486543862,1.55534186051816,0.632,0.217,1,"HER2+","DOCK9"
0.00106454603227811,1.57685600117782,0.605,0.174,1,"HER2+","MATN2"
0.00106637850430696,2.29432172484121,0.763,0.522,1,"HER2+","WDR3"
0.00106637850430696,3.12698788562677,0.763,0.522,1,"HER2+","USP14"
0.00106637850430696,2.15405711051992,0.763,0.522,1,"HER2+","RNF41"
0.00106728537310398,1.35024926399874,0.816,0.565,1,"HER2+","ZCCHC9"
0.00106728537310398,2.50205508356362,0.789,0.609,1,"HER2+","PKNOX1"
0.00106728537310398,2.30293566897122,0.789,0.609,1,"HER2+","ABCF1"
0.00106731643289583,4.12840289604631,0.553,0.174,1,"HER2+","NDUFV1"
0.00106747715129798,1.41290772725087,0.474,0.087,1,"HER2+","ABHD15"
0.00106989599050687,1.60089198411009,0.789,0.522,1,"HER2+","CCDC91"
0.00106989599050687,2.39318940090142,0.763,0.565,1,"HER2+","CYP4V2"
0.00107740122340614,2.42171156344053,0.737,0.478,1,"HER2+","MACC1"
0.00108213705739999,1.2491797637538,0.605,0.217,1,"HER2+","ALDH1B1"
0.00108574068508031,2.22634282613406,0.842,0.696,1,"HER2+","MRPL30"
0.00108574068508031,1.92320646298713,0.816,0.739,1,"HER2+","MRPL52"
0.00108762434004536,5.50113560751899,0.526,0.174,1,"HER2+","PERP"
0.00108762434004536,3.1279441053305,0.526,0.174,1,"HER2+","POR"
0.00108762434004536,2.61734015031834,0.526,0.174,1,"HER2+","FANCF"
0.00109014665029416,2.01726508913451,0.842,0.565,1,"HER2+","CRCP"
0.00109227271165307,0.318771678345684,0.605,0.261,1,"HER2+","PRR27"
0.00109533325653329,1.50793975815397,0.632,0.261,1,"HER2+","ZNF133"
0.00109927899811929,3.61461082838715,0.816,0.696,1,"HER2+","HSPA8"
0.00109927899811929,1.89427974852588,0.816,0.696,1,"HER2+","SLC37A3"
0.00110003281946425,2.64813999285898,0.5,0.13,1,"HER2+","DBNDD1"
0.00110174733741655,5.55744029968122,0.553,0.217,1,"HER2+","PLK2"
0.00110589336372346,2.06552793830656,0.711,0.304,1,"HER2+","POLQ"
0.00110589336372346,0.636751290951006,0.684,0.348,1,"HER2+","CSTF1"
0.00110678896539144,2.47403963719661,0.711,0.522,1,"HER2+","MED6"
0.00110962652860492,2.34501255590695,0.684,0.391,1,"HER2+","VLDLR"
0.00111058672390027,2.25059906112189,0.816,0.652,1,"HER2+","UBE3A"
0.00111778696477636,1.60365757207745,0.763,0.478,1,"HER2+","UTP11"
0.00111778696477636,1.95445644322937,0.737,0.522,1,"HER2+","PROM2"
0.00112850496728608,3.19686426982962,0.763,0.565,1,"HER2+","IQGAP1"
0.001128609245941,0.816952371477536,0.816,0.522,1,"HER2+","ZNF414"
0.001128609245941,2.35687924375493,0.763,0.609,1,"HER2+","PHF6"
0.00113209338484199,1.39996480545456,0.553,0.174,1,"HER2+","NEO1"
0.00113248165836549,3.24218973750247,0.711,0.435,1,"HER2+","CDK5RAP3"
0.00113248165836549,3.18484169468426,0.711,0.435,1,"HER2+","PNPLA8"
0.00113248165836549,1.74643689523253,0.711,0.435,1,"HER2+","ERLIN2"
0.00113248165836549,3.15137079289886,0.711,0.435,1,"HER2+","ATOX1"
0.0011368050088143,1.95900811682505,0.474,0.087,1,"HER2+","ATP13A1"
0.0011368050088143,1.51358649090163,0.474,0.087,1,"HER2+","CCDC160"
0.00113691642100765,3.30907193863811,0.737,0.478,1,"HER2+","CHID1"
0.00113808120153301,1.78032502772474,0.947,0.783,1,"HER2+","GPI"
0.0011544982352969,1.78313324523205,0.658,0.261,1,"HER2+","DIP2B"
0.00115870131430834,0.41120090495994,0.658,0.217,1,"HER2+","SPAAR"
0.00115870131430834,0.99086977613888,0.632,0.261,1,"HER2+","HYAL4"
0.00115899390202723,1.89692212610304,0.684,0.304,1,"HER2+","LRRN4CL"
0.001163994888242,1.47099355596767,0.421,0.043,1,"HER2+","LRP6"
0.001163994888242,3.32014666887601,0.421,0.043,1,"HER2+","FAHD2A"
0.001163994888242,3.33780357555692,0.421,0.043,1,"HER2+","PMEPA1"
0.001163994888242,3.41630315743547,0.421,0.043,1,"HER2+","SOX9"
0.001163994888242,2.63135137225254,0.421,0.043,1,"HER2+","TYMS"
0.001163994888242,2.07662782199114,0.421,0.043,1,"HER2+","CISD3"
0.00116987694871549,2.5240985364946,0.895,0.696,1,"HER2+","FBXO15"
0.00117012007378426,1.33249947198232,0.711,0.391,1,"HER2+","RHBDL2"
0.00117076380962599,2.72346891903541,0.842,0.609,1,"HER2+","KIAA0586"
0.00117076380962599,2.35909975664603,0.842,0.609,1,"HER2+","ECHDC2"
0.00117181073969768,2.69811942582354,0.684,0.391,1,"HER2+","ALG8"
0.00117915624064254,1.51115338484369,0.816,0.391,1,"HER2+","KCNV1"
0.00117966047670932,2.22282478831401,0.895,0.739,1,"HER2+","CYB561A3"
0.00118598148306887,2.58399495201834,0.368,0,1,"HER2+","RHBDF1"
0.00118598148306887,1.5314316994175,0.368,0,1,"HER2+","TEAD3"
0.00118598148306887,4.04813298750593,0.368,0,1,"HER2+","UBE2T"
0.00118598148306887,2.13689663918217,0.368,0,1,"HER2+","EPB41L4B"
0.00118598148306887,0.940348447283217,0.368,0,1,"HER2+","WHRN"
0.00118598148306887,2.3761209165244,0.368,0,1,"HER2+","RASSF7"
0.00118598148306887,2.10661597740155,0.368,0,1,"HER2+","MTHFSD"
0.00118598148306887,0.706921873788518,0.368,0,1,"HER2+","HAGHL"
0.00118598148306887,2.81123909005498,0.368,0,1,"HER2+","RHOV"
0.00118598148306887,1.68240851598437,0.368,0,1,"HER2+","CAP2"
0.00118598148306887,3.96029534257581,0.368,0,1,"HER2+","CEP15"
0.00118598148306887,2.19694816196368,0.368,0,1,"HER2+","MAD2L2"
0.00118598148306887,3.49253041606083,0.368,0,1,"HER2+","CLCA2"
0.00118598148306887,1.72856708547931,0.368,0,1,"HER2+","TARBP2"
0.00118598148306887,2.55299171105597,0.368,0,1,"HER2+","GRB7"
0.00118598148306887,1.84469026386992,0.368,0,1,"HER2+","LYSET"
0.00118598148306887,1.40350306451295,0.368,0,1,"HER2+","MED19"
0.00118598148306887,1.19241140062908,0.368,0,1,"HER2+","YDJC"
0.00118598148306887,0.92918592764138,0.368,0,1,"HER2+","ALOX15"
0.00118598148306887,0.595763391205441,0.368,0,1,"HER2+","LRP5"
0.00118598148306887,1.31112160886434,0.368,0,1,"HER2+","IGSF8"
0.00118598148306887,2.21746752477349,0.368,0,1,"HER2+","KLHDC9"
0.00118598148306887,1.80175532086631,0.368,0,1,"HER2+","HDAC11"
0.00118598148306887,2.40433159140073,0.368,0,1,"HER2+","COA6"
0.00118598148306887,1.55877236260219,0.368,0,1,"HER2+","CMTM8"
0.00118598148306887,2.4999118738271,0.368,0,1,"HER2+","CTSF"
0.00118598148306887,0.262773525171672,0.368,0,1,"HER2+","KY"
0.00118598148306887,1.93469289166601,0.368,0,1,"HER2+","SEZ6L2"
0.00118598148306887,0.82932697729345,0.368,0,1,"HER2+","NCKAP5"
0.00118598148306887,2.89917564738033,0.368,0,1,"HER2+","CA8"
0.00118598148306887,1.7879572944538,0.368,0,1,"HER2+","CDC42EP4"
0.00118598148306887,5.10037089817894,0.368,0,1,"HER2+","PHLDA2"
0.00118598148306887,2.57838876299396,0.368,0,1,"HER2+","TMEM30B"
0.00118598148306887,2.68339159695662,0.368,0,1,"HER2+","SLC25A10"
0.00118598148306887,2.18517752714476,0.368,0,1,"HER2+","MORN2"
0.00118598148306887,5.00211755500916,0.368,0,1,"HER2+","SPTSSB"
0.00118598148306887,0.541508074003294,0.368,0,1,"HER2+","LSM2"
0.00118598148306887,1.89649182536437,0.368,0,1,"HER2+","FANCG"
0.00118598148306887,0.540459160887047,0.368,0,1,"HER2+","NPM1P40"
0.00118598148306887,1.02441128284193,0.368,0,1,"HER2+","PSG2"
0.00118898986485453,1.61513021811201,0.868,0.696,1,"HER2+","ZBTB8OS"
0.00118909432163649,1.52342093370443,0.632,0.217,1,"HER2+","NADK"
0.00118909432163649,1.15248946069011,0.632,0.217,1,"HER2+","IL12RB2"
0.0011896719453935,2.95008376021047,0.842,0.652,1,"HER2+","SLC9A4"
0.00119006992763138,1.016512763415,0.816,0.478,1,"HER2+","MMAB"
0.00119129674835338,2.26659127963085,0.711,0.261,1,"HER2+","CCNG2"
0.00119462961709066,2.99314908914805,0.605,0.174,1,"HER2+","ERCC6L2"
0.00119527226660342,1.81125947867913,0.711,0.435,1,"HER2+","NOM1"
0.00119527226660342,2.27856845020414,0.711,0.435,1,"HER2+","RNF135"
0.00119920899049239,4.91290049742859,0.895,0.87,1,"HER2+","RPS2"
0.00120048822434963,4.34904910305404,0.553,0.174,1,"HER2+","GALNT7"
0.00120260596013707,1.85563227782157,0.526,0.13,1,"HER2+","UGT2B4"
0.00120260596013707,2.83543586552894,0.526,0.13,1,"HER2+","CEP290"
0.00120409618636945,1.98033845190082,0.711,0.348,1,"HER2+","ZNF704"
0.00120622113159606,2.22697471868807,0.868,0.652,1,"HER2+","UGGT2"
0.00120622113159606,2.36216491129146,0.842,0.696,1,"HER2+","SRGAP3"
0.00121027481297623,4.02294550148094,0.474,0.087,1,"HER2+","FBP1"
0.00121161590797314,2.24223561119329,0.842,0.565,1,"HER2+","RAD51D"
0.0012129662706862,2.54240382853696,0.605,0.217,1,"HER2+","MYNN"
0.0012129662706862,0.525162087619504,0.605,0.217,1,"HER2+","TMC1"
0.00121583521889282,2.58981632993483,0.763,0.391,1,"HER2+","RLIG1"
0.00121583521889282,1.85364731342434,0.737,0.435,1,"HER2+","MAN1C1"
0.00121583521889282,2.33306768524706,0.737,0.435,1,"HER2+","SMIM19"
0.00121583521889282,2.19681998411547,0.737,0.435,1,"HER2+","AP5Z1"
0.00121844427703947,3.00997376732591,0.789,0.478,1,"HER2+","PHGDH"
0.00122309092506781,2.25275374864271,0.605,0.261,1,"HER2+","PTRH2"
0.00123190699591432,2.5352510162781,0.763,0.435,1,"HER2+","SOX4"
0.00123190699591432,1.79024877118708,0.711,0.522,1,"HER2+","ACSF2"
0.00123375103443789,0.665366273441946,0.711,0.304,1,"HER2+","RAB33B"
0.00123375103443789,1.90910025512005,0.684,0.348,1,"HER2+","CDK5RAP1"
0.00123375103443789,1.83075245828247,0.684,0.348,1,"HER2+","B4GALT5"
0.00123394176956348,2.49733802881888,0.816,0.652,1,"HER2+","RUVBL2"
0.00123511439385871,2.51719788707378,0.711,0.391,1,"HER2+","NSA2"
0.00123511439385871,2.7659715528686,0.684,0.435,1,"HER2+","TROAP"
0.00124232245367745,5.65890412645298,0.5,0.13,1,"HER2+","MDK"
0.00124232245367745,3.51539391914501,0.5,0.13,1,"HER2+","SERINC2"
0.00124232245367745,6.05847415276237,0.5,0.13,1,"HER2+","CALML5"
0.00124340068215522,2.2672415471676,0.421,0.043,1,"HER2+","NTHL1"
0.00124340068215522,2.21392803307368,0.421,0.043,1,"HER2+","SERTAD4"
0.00124340068215522,0.807296621089059,0.421,0.043,1,"HER2+","SPDYE8"
0.00124362592648948,1.49445233445429,0.816,0.391,1,"HER2+","ZBTB3"
0.0012438776070061,2.46691579676694,0.816,0.609,1,"HER2+","LRMDA"
0.0012508305397078,3.08707958822957,0.789,0.609,1,"HER2+","ELP2"
0.00125116477732222,2.01300553804271,0.763,0.522,1,"HER2+","S1PR3"
0.0012513417325284,1.25782620834233,0.895,0.783,1,"HER2+","SPPL2A"
0.00125453245160672,2.14737295726273,0.763,0.609,1,"HER2+","SMURF2"
0.00125453245160672,2.56224953885701,0.763,0.609,1,"HER2+","RBIS"
0.00125472519419109,1.57031497454764,0.789,0.522,1,"HER2+","BCL11A"
0.0012650401098885,1.80057731919211,0.605,0.174,1,"HER2+","CBFB"
0.00127740205098792,1.31704351074689,0.684,0.261,1,"HER2+","SPATA13"
0.00128260890400365,1.74256071445442,0.737,0.435,1,"HER2+","GEMIN2"
0.00128260890400365,1.98832982010804,0.711,0.478,1,"HER2+","DDX55"
0.00128372338897455,2.46843068432068,0.605,0.217,1,"HER2+","TIMM10"
0.00128372338897455,2.13508086898001,0.605,0.217,1,"HER2+","TNFRSF11A"
0.00128810926945378,2.38859127360493,0.474,0.087,1,"HER2+","TM9SF4"
0.00128810926945378,1.68017660908009,0.474,0.087,1,"HER2+","SPAG1"
0.00128810926945378,3.19318543081687,0.474,0.087,1,"HER2+","ALG3"
0.00129550933539555,2.87963647178106,0.684,0.478,1,"HER2+","HILPDA"
0.00129571932774388,2.06251581257704,0.632,0.261,1,"HER2+","PIEZO1"
0.00129571932774388,1.47656882353222,0.632,0.261,1,"HER2+","RALGPS1"
0.00129912676479933,2.65233965679577,0.526,0.174,1,"HER2+","CASZ1"
0.00130267708753067,1.27399114633229,0.711,0.304,1,"HER2+","MPDU1"
0.00130267708753067,1.35328469639687,0.711,0.304,1,"HER2+","MZB1"
0.00130342860519525,1.6415868933693,0.711,0.391,1,"HER2+","UTP20"
0.00131079343209751,2.94731918606572,0.816,0.609,1,"HER2+","SKA2"
0.00131082368321031,0.77996590016436,0.579,0.174,1,"HER2+","ALDH1L2"
0.00131082368321031,0.525343386729754,0.579,0.174,1,"HER2+","NACA4P"
0.00131821736370907,2.08572157154151,0.816,0.565,1,"HER2+","BOLA2-SMG1P6"
0.00131967149881783,2.1622730900824,0.5,0.13,1,"HER2+","PAM16"
0.00131983040267303,2.62802695770767,0.816,0.783,1,"HER2+","DNTTIP2"
0.00132224651926409,2.46211713731675,0.763,0.609,1,"HER2+","CSNK1D"
0.00132261038558482,1.44752890561732,0.816,0.478,1,"HER2+","DTWD2"
0.00132261038558482,2.31009964089916,0.763,0.565,1,"HER2+","NDUFA10"
0.00132261038558482,2.71608317959381,0.763,0.565,1,"HER2+","BPHL"
0.0013261644290214,1.87059621213377,0.632,0.304,1,"HER2+","YARS2"
0.0013261644290214,2.81509630022464,0.632,0.304,1,"HER2+","PHLDB2"
0.00132778276155196,3.19090626041144,0.421,0.043,1,"HER2+","ATP2C2"
0.00132778276155196,3.78140136392751,0.421,0.043,1,"HER2+","DYNC2I2"
0.00132778276155196,1.12803765777277,0.421,0.043,1,"HER2+","PPAN"
0.00132778276155196,1.92868412624219,0.421,0.043,1,"HER2+","GALNT5"
0.00132778276155196,3.31353743415716,0.421,0.043,1,"HER2+","KIF15"
0.00132778276155196,2.18777444739093,0.421,0.043,1,"HER2+","MRPL58"
0.00132900306513534,2.20012116287761,0.658,0.348,1,"HER2+","GCFC2"
0.00133054093631938,2.16470820752504,0.632,0.217,1,"HER2+","ODR4"
0.00133060920779246,1.97575411526043,0.711,0.435,1,"HER2+","NETO2"
0.00133894894210208,2.32844152571151,0.895,0.609,1,"HER2+","ZNF793"
0.00134375083728863,1.76375862759922,0.921,0.696,1,"HER2+","CCDC57"
0.00134886725948432,2.20166499274449,0.553,0.174,1,"HER2+","PFN2"
0.00134886725948432,3.29287714739971,0.553,0.174,1,"HER2+","SEPHS1"
0.00134941375925761,1.57316878823098,0.658,0.304,1,"HER2+","TNFSF14"
0.00135275354122308,6.34499980999407,0.711,0.478,1,"HER2+","CENPF"
0.00135425694903022,1.97898556791092,0.789,0.478,1,"HER2+","SMU1"
0.00135492736729495,2.28083517746568,0.526,0.13,1,"HER2+","ARHGEF2"
0.00135492736729495,1.30176252705301,0.526,0.13,1,"HER2+","LRRN2"
0.0013682500973092,2.45056894609559,0.605,0.261,1,"HER2+","GPRC5C"
0.00136969933741877,0.807916140313766,0.658,0.217,1,"HER2+","PNMA8A"
0.00136969933741877,1.59678742935491,0.632,0.261,1,"HER2+","GATB"
0.00136969933741877,1.7422204686861,0.632,0.261,1,"HER2+","SCAP"
0.00136969933741877,1.40303300369265,0.632,0.261,1,"HER2+","SELENOM"
0.00136984450863578,1.76884317739843,0.868,0.565,1,"HER2+","TSPAN31"
0.00136984450863578,1.64156011293937,0.842,0.609,1,"HER2+","CACUL1"
0.00136984450863578,1.70252614805493,0.842,0.609,1,"HER2+","TM2D1"
0.00136984450863578,1.70053561584215,0.842,0.609,1,"HER2+","ANXA4"
0.00137054145672931,3.96260725471459,0.474,0.087,1,"HER2+","GDF15"
0.00137514179910698,1.53271901937221,0.684,0.348,1,"HER2+","SLC25A40"
0.00137514179910698,1.65286836282555,0.684,0.348,1,"HER2+","GTPBP3"
0.00137766610446317,2.84341908475824,0.526,0.174,1,"HER2+","NOL10"
0.00137766610446317,5.08835737074181,0.526,0.174,1,"HER2+","MAL2"
0.00137766610446317,0.602979163183449,0.526,0.174,1,"HER2+","HNRNPA1L3"
0.00137820490323288,0.914629274001306,0.737,0.304,1,"HER2+","WWP2"
0.00138243609038967,1.96549107364141,0.789,0.435,1,"HER2+","KIAA1143"
0.00138827792120624,1.62283368301419,0.579,0.174,1,"HER2+","RCC1L"
0.00138894037782478,2.20837957469108,0.816,0.565,1,"HER2+","PARP6"
0.00138894037782478,2.33578736489352,0.789,0.609,1,"HER2+","ITGA3"
0.00139011932678304,2.37699929321999,0.868,0.696,1,"HER2+","HNRNPH1"
0.00139139539908197,2.78875401985129,0.842,0.652,1,"HER2+","COMT"
0.00139139539908197,3.27910371657003,0.842,0.652,1,"HER2+","EEF1G"
0.00139331916022672,1.73800162744389,0.816,0.522,1,"HER2+","SLC1A2"
0.00140144328466749,1.07726491864358,0.5,0.13,1,"HER2+","TRAF3"
0.00140144328466749,1.115747300705,0.5,0.13,1,"HER2+","TLCD1"
0.00140323225454629,2.60086280143469,0.658,0.348,1,"HER2+","SPIDR"
0.0014102504829145,2.26096567070795,0.868,0.652,1,"HER2+","IRGQ"
0.0014156997871325,2.16130913699522,0.711,0.348,1,"HER2+","C19orf53"
0.00141741605634098,2.49194229696071,0.789,0.652,1,"HER2+","EXTL3"
0.00141742120985781,1.57430578333273,0.421,0.043,1,"HER2+","NHERF2"
0.00141742120985781,2.95077396612448,0.421,0.043,1,"HER2+","COQ9"
0.00141742120985781,3.66726603553311,0.421,0.043,1,"HER2+","TBC1D9"
0.00141742120985781,2.45313076118944,0.421,0.043,1,"HER2+","PPL"
0.00141742120985781,2.77770303779696,0.421,0.043,1,"HER2+","SLC35B2"
0.00141742120985781,2.75829172030175,0.421,0.043,1,"HER2+","MRPL17"
0.00142515422649189,1.91998356970035,0.632,0.348,1,"HER2+","HIP1"
0.00142642206903905,1.60191944108357,0.789,0.348,1,"HER2+","ZNF260"
0.00142642206903905,0.554635819164294,0.711,0.478,1,"HER2+","EHMT2"
0.00142654365631019,2.08151458996171,0.895,0.652,1,"HER2+","POGZ"
0.0014272790021838,2.66004178856397,0.737,0.565,1,"HER2+","FZD3"
0.00142923940697777,3.60142788394206,0.553,0.174,1,"HER2+","HTATSF1"
0.00142923940697777,3.5146630650672,0.553,0.174,1,"HER2+","GORASP2"
0.00142923940697777,2.58471907289004,0.553,0.174,1,"HER2+","WRN"
0.0014367995116726,1.23993356726367,0.579,0.261,1,"HER2+","GARNL3"
0.00143758773146302,2.48908412594136,0.526,0.13,1,"HER2+","APOO"
0.00144016885133423,0.964506767556337,0.658,0.261,1,"HER2+","CHRM5"
0.00144285465599489,2.01311778366885,0.816,0.652,1,"HER2+","ICMT"
0.00144664223665827,1.77822846484216,0.605,0.261,1,"HER2+","AHCYL2"
0.00144755813043397,1.20396061035737,0.632,0.261,1,"HER2+","PKD2L2"
0.00144755813043397,2.38725012704102,0.632,0.261,1,"HER2+","PFDN2"
0.00144755813043397,2.57117610570433,0.605,0.304,1,"HER2+","MYO1E"
0.00145063278676813,1.91745009687891,0.711,0.391,1,"HER2+","EXOSC7"
0.00145063278676813,1.64322613933451,0.711,0.391,1,"HER2+","ZNF514"
0.00145130837497485,2.33018051000029,0.684,0.348,1,"HER2+","MZT2B"
0.00145130837497485,1.94929060917666,0.684,0.348,1,"HER2+","B3GALT1"
0.00145469712532724,2.07680734375688,0.816,0.609,1,"HER2+","COQ6"
0.00145707541246806,1.86816139133791,0.737,0.522,1,"HER2+","VPS11"
0.00145781521171455,1.70027503219466,0.474,0.087,1,"HER2+","GNB1L"
0.00145781521171455,3.07825228383149,0.474,0.087,1,"HER2+","S100A13"
0.00145781521171455,3.48833701718288,0.474,0.087,1,"HER2+","ATP6V1E2"
0.00146056413583231,4.12417742215098,0.526,0.174,1,"HER2+","COA3"
0.0014631479529882,2.4804961324053,0.816,0.565,1,"HER2+","ABL2"
0.0014631479529882,1.62737190338889,0.816,0.565,1,"HER2+","PTPN14"
0.0014679000056095,3.94463458131842,0.763,0.609,1,"HER2+","STEAP4"
0.0014679000056095,2.63534610317698,0.763,0.609,1,"HER2+","TKT"
0.00146865650356658,1.76188191319351,0.789,0.522,1,"HER2+","SPACA9"
0.00146865650356658,3.07278964368368,0.711,0.652,1,"HER2+","ATP5ME"
0.00146993343530071,4.61563727847147,0.553,0.217,1,"HER2+","TUFM"
0.00147996335334797,1.46851556720696,0.711,0.435,1,"HER2+","CCDC86"
0.00147996335334797,2.93622868299802,0.711,0.435,1,"HER2+","TMEM161B"
0.00147996335334797,1.79023093337624,0.711,0.435,1,"HER2+","RPUSD4"
0.00148013408179176,2.8963261281519,0.632,0.304,1,"HER2+","RARS1"
0.00148071734535456,0.903904674702116,0.5,0.087,1,"HER2+","NUS1"
0.00148274617065813,1.85459681608397,0.737,0.478,1,"HER2+","FGGY"
0.00148786479017728,2.81116449797503,0.5,0.13,1,"HER2+","KCNMA1"
0.00148991476129307,2.39105407886091,0.868,0.783,1,"HER2+","NUBP2"
0.00149288007866179,2.15600532452506,0.789,0.652,1,"HER2+","ZFHX3"
0.00149288007866179,2.14791649021106,0.789,0.652,1,"HER2+","DCTN5"
0.00149352610581943,1.47735686208863,0.711,0.348,1,"HER2+","TTC23"
0.00149352610581943,2.17401263722062,0.658,0.435,1,"HER2+","RMND1"
0.00149352610581943,3.01888529149061,0.658,0.435,1,"HER2+","CEP83"
0.00150367814656702,1.10293656545386,0.868,0.609,1,"HER2+","IAH1"
0.00150377341900734,2.73548231893717,0.711,0.478,1,"HER2+","OGFOD3"
0.00150479676744017,1.53887284985819,0.658,0.304,1,"HER2+","ELMOD1"
0.00150479676744017,2.85570003823,0.658,0.304,1,"HER2+","NCBP2"
0.0015126097162538,1.1528275046969,0.421,0.043,1,"HER2+","SYT13"
0.0015126097162538,2.79269087407404,0.421,0.043,1,"HER2+","GCN1"
0.00151400590437396,2.0321462655771,0.553,0.174,1,"HER2+","DOP1A"
0.00151400590437396,1.37151834381468,0.553,0.174,1,"HER2+","FSD1L"
0.00151400590437396,2.15943207946544,0.553,0.174,1,"HER2+","DNAJC1"
0.00151400590437396,1.89871755423076,0.553,0.174,1,"HER2+","DPP3"
0.00151943674283538,1.45199080741229,0.842,0.609,1,"HER2+","ELOF1"
0.00151949145927237,2.48112017738306,0.605,0.217,1,"HER2+","BMP7"
0.00152111902158632,1.72561054337503,0.658,0.261,1,"HER2+","TP53RK"
0.00152487457189431,3.28920648291693,0.526,0.13,1,"HER2+","REPIN1"
0.00152947819017348,1.13830388516109,0.632,0.261,1,"HER2+","DPYSL5"
0.00153134651767726,0.437027580499764,0.684,0.348,1,"HER2+","FOXK2"
0.00153541318511902,2.09920115085646,0.763,0.478,1,"HER2+","INMT"
0.0015409941544498,2.8946732119418,0.816,0.565,1,"HER2+","RRP12"
0.0015409941544498,1.89818096450578,0.789,0.609,1,"HER2+","EBNA1BP2"
0.0015427512764423,1.9315477602952,0.579,0.217,1,"HER2+","GPATCH1"
0.0015427512764423,1.35007502027043,0.579,0.217,1,"HER2+","TCFL5"
0.0015427512764423,0.301058642670757,0.579,0.217,1,"HER2+","POU6F2"
0.00154292268491526,1.66836676153493,0.842,0.652,1,"HER2+","LDLR"
0.00154363931391697,2.01286957068151,0.763,0.522,1,"HER2+","GCLC"
0.00154363931391697,1.64388300812214,0.763,0.522,1,"HER2+","TXNDC15"
0.00154363931391697,2.09871449675484,0.763,0.522,1,"HER2+","ORC2"
0.0015461444386535,1.95806075337661,0.763,0.609,1,"HER2+","CFAP68"
0.00154712466808485,1.72844150843256,0.789,0.522,1,"HER2+","SPRYD4"
0.00154712466808485,2.78095256295538,0.763,0.565,1,"HER2+","ERVK3-1"
0.00154712466808485,2.22579745024319,0.763,0.565,1,"HER2+","ZNF480"
0.00154803781740666,0.711611863100924,0.553,0.13,1,"HER2+","ZNF574"
0.00155018552406383,1.64847427403354,0.474,0.087,1,"HER2+","WDR36"
0.00155599461491035,2.21934821275223,0.579,0.174,1,"HER2+","MED21"
0.00155599461491035,0.533413140970989,0.579,0.174,1,"HER2+","OR51B5"
0.00155599461491035,0.840615484807976,0.579,0.174,1,"HER2+","ZNF808"
0.00156029807793435,2.30871118062077,0.711,0.435,1,"HER2+","TRIM44"
0.0015626126758325,2.49341761205952,0.737,0.478,1,"HER2+","USP53"
0.0015626126758325,2.33236228108118,0.737,0.478,1,"HER2+","ICA1L"
0.00156314704780704,2.70689038374803,0.632,0.304,1,"HER2+","MED24"
0.00156314704780704,2.51712560464401,0.632,0.304,1,"HER2+","SF3B5"
0.00156314704780704,1.96768181608263,0.632,0.304,1,"HER2+","MAN1B1"
0.00156328467344543,2.45854289210279,0.658,0.348,1,"HER2+","PDLIM3"
0.00156328467344543,1.72001287404599,0.658,0.348,1,"HER2+","PRKAA2"
0.00156346563078744,2.08916720830397,0.895,0.609,1,"HER2+","HAT1"
0.00156346563078744,1.66638214435052,0.868,0.652,1,"HER2+","ARSG"
0.00157917303445919,0.60197087987041,0.5,0.13,1,"HER2+","CNGA1"
0.0015866906735909,1.87661319111244,0.737,0.652,1,"HER2+","EMC1"
0.00158852164019349,1.97251431822901,0.684,0.261,1,"HER2+","RSL24D1"
0.00159793596536591,1.26800429998714,0.921,0.87,1,"HER2+","SPCS1"
0.00160195383806264,0.931845169257851,0.737,0.391,1,"HER2+","ZNF969P"
0.00160195383806264,1.78732794153073,0.684,0.478,1,"HER2+","COG7"
0.00160624199976312,3.74561957454616,0.605,0.348,1,"HER2+","TMEM14C"
0.00160624199976312,1.41954837258795,0.605,0.348,1,"HER2+","CHMP4C"
0.00160654753414847,1.19656023379519,0.579,0.261,1,"HER2+","ZNF135"
0.00160663947784725,5.2071259991468,0.447,0.087,1,"HER2+","TNFRSF12A"
0.00160663947784725,3.07678651625608,0.447,0.087,1,"HER2+","TMEM205"
0.00160663947784725,3.23220344966325,0.447,0.087,1,"HER2+","RAB25"
0.00160663947784725,3.61309468284327,0.447,0.087,1,"HER2+","DCTPP1"
0.00160663947784725,2.02663618307585,0.447,0.087,1,"HER2+","SAPCD2"
0.00160663947784725,3.40165097458433,0.447,0.087,1,"HER2+","MCRS1"
0.00160663947784725,1.51779038877166,0.447,0.087,1,"HER2+","BOP1"
0.00160900131680515,1.50486908534537,0.947,0.652,1,"HER2+","NDUFA11"
0.00160900131680515,1.57825862858073,0.895,0.739,1,"HER2+","NDUFS7"
0.00161302652652238,1.28870381167789,0.711,0.391,1,"HER2+","CATIP"
0.00161302652652238,1.7322438933265,0.684,0.435,1,"HER2+","NUP37"
0.00161302652652238,1.94680705312529,0.684,0.435,1,"HER2+","PIGM"
0.00161303822414103,3.44279590941216,0.868,0.522,1,"HER2+","NUB1"
0.00161303822414103,1.80831271371064,0.816,0.609,1,"HER2+","SANBR"
0.00161365609877102,2.16265682276041,0.421,0.043,1,"HER2+","CIP2A"
0.00161365609877102,1.50567952263969,0.421,0.043,1,"HER2+","ZFP3"
0.00161365609877102,1.88652329403647,0.421,0.043,1,"HER2+","SLC26A6"
0.00161543263099718,0.769455590278197,0.711,0.304,1,"HER2+","OR4K13"
0.00161543263099718,1.68113832578333,0.711,0.304,1,"HER2+","TFDP1"
0.00161564939477872,2.30216758849007,0.605,0.304,1,"HER2+","PPAT"
0.00161598476752828,3.32296072341012,0.605,0.261,1,"HER2+","KNSTRN"
0.00161761369222289,2.12846264476266,0.763,0.478,1,"HER2+","SLC29A4"
0.00161768004777638,1.16023189352482,0.737,0.304,1,"HER2+","PSMD10"
0.0016194151581511,1.79683764695034,0.895,0.783,1,"HER2+","SSR1"
0.00162222200166312,2.06616620131074,0.816,0.783,1,"HER2+","TBCE"
0.00162263891450202,2.50089225935594,0.816,0.565,1,"HER2+","ZPR1"
0.00162600057521271,1.75280533829233,0.763,0.522,1,"HER2+","PLEKHH3"
0.00162777733792693,1.35407084951324,0.947,0.739,1,"HER2+","HAGH"
0.00162821376943855,1.64291475983002,0.816,0.522,1,"HER2+","HACE1"
0.00162943758370725,1.4434666435205,0.789,0.522,1,"HER2+","CEP63"
0.00162943758370725,2.1211400027879,0.763,0.565,1,"HER2+","SNIP1"
0.00163430039091288,2.35560544328881,0.921,0.826,1,"HER2+","CTNNA1"
0.00164569087806484,2.36149623937571,0.816,0.739,1,"HER2+","PAK2"
0.00164667440724922,1.33322411569472,0.579,0.174,1,"HER2+","FANCA"
0.00164667440724922,1.35762125407055,0.553,0.217,1,"HER2+","UTP14A"
0.00164716232950386,1.5996725923958,1,0.913,1,"HER2+","RPL15"
0.0016479189390509,1.56065648914207,0.474,0.087,1,"HER2+","CCDC191"
0.0016479189390509,2.49372231565809,0.474,0.087,1,"HER2+","DPAGT1"
0.00165042818618234,2.63663510007398,0.632,0.304,1,"HER2+","ASNS"
0.00165042818618234,0.968166687775664,0.632,0.304,1,"HER2+","C19orf12"
0.00166113098027238,1.50365702410341,0.711,0.348,1,"HER2+","ZNF107"
0.00166113098027238,2.84976694866998,0.658,0.435,1,"HER2+","SEC61B"
0.00166638585144892,1.95566211514101,0.868,0.609,1,"HER2+","CARD14"
0.00166868057933277,2.30613673917721,0.789,0.478,1,"HER2+","PDLIM2"
0.00166868057933277,1.72446799787421,0.737,0.565,1,"HER2+","UBA2"
0.00167561542696782,3.18470360336526,0.5,0.13,1,"HER2+","KRT10"
0.00167651626541814,1.19296138357283,0.684,0.261,1,"HER2+","ZNF286A"
0.00167997892385498,1.73196963239883,0.947,0.609,1,"HER2+","BUB3"
0.00167997892385498,2.15035560806003,0.921,0.652,1,"HER2+","IDH2"
0.0016839494444435,1.73795475666743,0.868,0.565,1,"HER2+","GJC1"
0.0016839494444435,1.96130443113767,0.816,0.652,1,"HER2+","GOLGA3"
0.0016839494444435,1.84322410308218,0.816,0.652,1,"HER2+","ECD"
0.00168835243542233,1.78464397229549,0.737,0.391,1,"HER2+","ARMC9"
0.00169319478746848,2.76266045113672,0.895,0.739,1,"HER2+","TTL"
0.00169759241334994,0.877805401350821,0.553,0.174,1,"HER2+","FAM83H"
0.00169802257753017,2.47576510895789,0.816,0.609,1,"HER2+","GATD1"
0.00170035185687045,1.91248413639964,0.737,0.348,1,"HER2+","OXR1"
0.00170035185687045,3.27569633444798,0.711,0.391,1,"HER2+","FAM110D"
0.00170035185687045,2.66803211908378,0.711,0.391,1,"HER2+","RANBP17"
0.00170035185687045,2.31078747144676,0.684,0.435,1,"HER2+","MRPS28"
0.00170375002819536,2.58699641898859,0.658,0.391,1,"HER2+","DROSHA"
0.00170384749112798,0.949730975889591,0.789,0.435,1,"HER2+","HMGA2"
0.00170384749112798,2.18973236737247,0.737,0.522,1,"HER2+","PIGH"
0.00170565343242937,0.278305161327538,0.737,0.304,1,"HER2+","SLC15A4"
0.00170626925295038,2.96869093667918,0.632,0.261,1,"HER2+","ITGAV"
0.00170626925295038,0.850734288586075,0.632,0.261,1,"HER2+","GPR37L1"
0.00170626925295038,2.83458239587721,0.605,0.304,1,"HER2+","FGFR4"
0.00170626925295038,0.787520218233866,0.605,0.304,1,"HER2+","ONECUT3"
0.00170626925295038,1.79790146676423,0.605,0.304,1,"HER2+","C1orf210"
0.0017071903283086,1.82011437626458,0.868,0.696,1,"HER2+","ATP6V1D"
0.00170937663180011,1.94376217840632,0.447,0.087,1,"HER2+","EPN3"
0.00171576392087806,1.41992471870171,0.789,0.522,1,"HER2+","EEF2K"
0.00172088283913051,2.67322463627226,0.421,0.043,1,"HER2+","NOB1"
0.00172088283913051,1.7082178338161,0.421,0.043,1,"HER2+","MIS18A"
0.00172088283913051,1.49831693506793,0.421,0.043,1,"HER2+","SRR"
0.00172564081439679,1.43630315067832,0.579,0.217,1,"HER2+","MAPK8"
0.00172564081439679,1.55069804108582,0.579,0.217,1,"HER2+","TRMT5"
0.00172564081439679,2.14751869071565,0.579,0.217,1,"HER2+","NR6A1"
0.00173187879746945,1.97472225902286,0.868,0.652,1,"HER2+","ZNF621"
0.00173187879746945,2.14852967842751,0.816,0.739,1,"HER2+","SAR1A"
0.00173314064585478,2.49310141801703,0.711,0.435,1,"HER2+","DARS2"
0.00173314064585478,3.13401552838238,0.711,0.435,1,"HER2+","TRAPPC11"
0.00173435354239283,1.87868556046567,0.789,0.391,1,"HER2+","ZNF776"
0.00173435354239283,1.93054136816045,0.737,0.478,1,"HER2+","RGPD6"
0.00173679420620789,0.830277285629127,0.868,0.783,1,"HER2+","TMEM106B"
0.00173679420620789,1.80676109443804,0.868,0.783,1,"HER2+","FARP1"
0.00173999783678037,2.49465243757991,0.658,0.348,1,"HER2+","RAB27A"
0.0017421738880471,1.17242210521877,0.632,0.304,1,"HER2+","ESR2"
0.00174219459878079,1.61487120526745,0.579,0.174,1,"HER2+","TTC21B"
0.0017536767288592,1.84128331450541,0.868,0.609,1,"HER2+","CRYZL1"
0.00176897544953889,1.00362200097244,0.684,0.261,1,"HER2+","ZNF721"
0.00177221137025007,1.74943243246059,0.842,0.609,1,"HER2+","EIF3B"
0.00177221137025007,1.99322336620072,0.816,0.652,1,"HER2+","SLC9A7"
0.00177221137025007,2.1781537140667,0.789,0.696,1,"HER2+","SFXN1"
0.00177745012467667,1.98089291500877,0.5,0.13,1,"HER2+","SYT17"
0.00177745012467667,2.98307840997901,0.5,0.13,1,"HER2+","ERP27"
0.00177745012467667,2.39081071304072,0.5,0.13,1,"HER2+","ETNK2"
0.00177745012467667,2.00398688482118,0.5,0.13,1,"HER2+","FRS2"
0.0017871081139774,1.72351498871428,0.868,0.522,1,"HER2+","ZNF320"
0.00178978443370882,1.38256562098576,0.658,0.261,1,"HER2+","LRRC47"
0.00179200687643545,1.81591924484857,0.737,0.348,1,"HER2+","ACSL1"
0.00179200687643545,3.72826537164263,0.684,0.435,1,"HER2+","HSP90B1"
0.00179429160022604,1.70760596604735,0.789,0.435,1,"HER2+","SPCS2"
0.00179429160022604,2.77602846093229,0.711,0.565,1,"HER2+","TBL2"
0.00179623487812933,1.74099069519353,0.868,0.696,1,"HER2+","C12orf43"
0.00179687063619586,2.55287976819509,0.553,0.174,1,"HER2+","MSRB2"
0.00179687063619586,1.53215587354299,0.553,0.174,1,"HER2+","CADPS"
0.00179687063619586,2.44081121167946,0.553,0.174,1,"HER2+","PLEC"
0.00179800809284674,1.23282216790055,0.684,0.391,1,"HER2+","GRINA"
0.00180154314400791,3.61705403626202,0.605,0.304,1,"HER2+","ATP6V0E2"
0.00180154314400791,1.05628685357058,0.605,0.304,1,"HER2+","IRGM"
0.00180893991554574,1.61571589232759,0.895,0.87,1,"HER2+","SPG7"
0.00181812532632952,2.60769675454092,0.447,0.087,1,"HER2+","EPB41L5"
0.00181812532632952,2.720598889742,0.447,0.087,1,"HER2+","IFRD2"
0.00182658327701931,1.78975204886291,0.737,0.478,1,"HER2+","ARHGEF39"
0.00182658327701931,2.96934710158723,0.737,0.478,1,"HER2+","FAM111A"
0.00183324384193599,2.04731569056903,0.789,0.652,1,"HER2+","PRR11"
0.00183324384193599,2.69865881866054,0.789,0.652,1,"HER2+","GEMIN6"
0.00183462762907687,1.68628617204889,0.421,0.043,1,"HER2+","PITPNM3"
0.00183462762907687,2.22738121350401,0.421,0.043,1,"HER2+","THEM6"
0.00183507975917726,1.36252194911276,0.658,0.348,1,"HER2+","MTX3"
0.00184022366200196,2.28108911641829,0.553,0.13,1,"HER2+","ZNF302"
0.00184022366200196,1.89234813736263,0.553,0.13,1,"HER2+","SLC5A3"
0.00184022366200196,1.93094536313562,0.526,0.174,1,"HER2+","CD302"
0.00184515413323724,1.39736796272021,0.868,0.609,1,"HER2+","TMCO3"
0.00185123519607453,3.29853737540097,0.737,0.652,1,"HER2+","RPL29"
0.00185340593947811,1.14257275532042,0.737,0.435,1,"HER2+","C5orf24"
0.00185340593947811,2.82177499915302,0.711,0.478,1,"HER2+","GTF2H1"
0.0018594914588621,1.59231484930282,0.868,0.739,1,"HER2+","NAGK"
0.001864708210241,0.289719175130595,0.868,0.565,1,"HER2+","NBEAL1"
0.001864708210241,2.0238593082816,0.868,0.565,1,"HER2+","SPIRE2"
0.001864708210241,1.76556023856806,0.816,0.652,1,"HER2+","ZNF665"
0.00186707834562011,1.20852749513151,0.447,0.043,1,"HER2+","TBX3"
0.00188439010007932,3.82587332482867,0.632,0.391,1,"HER2+","MTCH1"
0.00188494639609373,2.76083338533615,0.5,0.13,1,"HER2+","FUBP3"
0.00188818338317633,1.19149507111851,0.711,0.391,1,"HER2+","BICRA"
0.00188818338317633,2.62585937340239,0.711,0.391,1,"HER2+","GANAB"
0.00188861222020549,1.86046861525719,0.658,0.261,1,"HER2+","PRKCI"
0.00189205558633248,1.15215300343477,0.842,0.522,1,"HER2+","ENTREP3"
0.00189384774965007,2.32940369093798,0.711,0.304,1,"HER2+","ANKRD36C"
0.00189384774965007,2.00657220565833,0.684,0.348,1,"HER2+","ITGA10"
0.00189907690589539,1.67040489729335,0.816,0.522,1,"HER2+","MTAP"
0.00190168456211334,1.61346361633586,0.632,0.261,1,"HER2+","KIAA0825"
0.0019025472052713,0.956836899608239,0.947,0.783,1,"HER2+","PSMD9"
0.0019168320484734,2.26792331968418,0.895,0.609,1,"HER2+","ATP5MC3"
0.0019168320484734,1.30805784281438,0.816,0.739,1,"HER2+","DCAF10"
0.00192330067169636,2.64459745055749,0.737,0.478,1,"HER2+","EIF2AK4"
0.00192330067169636,2.3775481402643,0.737,0.478,1,"HER2+","GLMP"
0.00192330067169636,2.43926422416281,0.737,0.478,1,"HER2+","CSKMT"
0.00192343578260474,2.58541517609805,0.711,0.435,1,"HER2+","GALNT11"
0.00192828236398063,2.79687662555381,0.579,0.217,1,"HER2+","RALGAPA2"
0.00192828236398063,1.63066955356886,0.579,0.217,1,"HER2+","ZNF43"
0.00193319948788922,2.9079215124152,0.447,0.087,1,"HER2+","MFSD10"
0.00193319948788922,2.37219796972498,0.447,0.087,1,"HER2+","DCUN1D5"
0.00193491485177068,1.79200188142475,0.658,0.348,1,"HER2+","MYH7B"
0.00193988350692598,1.80376635032841,0.632,0.304,1,"HER2+","NCAPH2"
0.00193988350692598,2.39497871545354,0.632,0.304,1,"HER2+","AIMP2"
0.00194345072790121,2.01430896772371,0.868,0.87,1,"HER2+","ST13"
0.0019451834056645,1.87650494189032,0.711,0.348,1,"HER2+","HEATR5B"
0.0019451834056645,1.50235049946412,0.711,0.348,1,"HER2+","ZSCAN2"
0.00194805176043525,2.19924996444568,0.789,0.565,1,"HER2+","CYBRD1"
0.00194836016558457,3.04382453406323,0.526,0.174,1,"HER2+","URM1"
0.00194868924648773,1.46618230841917,0.579,0.174,1,"HER2+","YPEL1"
0.00194868924648773,0.94431468584882,0.579,0.174,1,"HER2+","MTND2P12"
0.00195177833887461,1.49167901812742,0.711,0.478,1,"HER2+","SDHAF4"
0.00195524392791346,0.982296482061198,0.421,0.043,1,"HER2+","PAK6"
0.00195570786423025,2.40801075357869,0.868,0.739,1,"HER2+","ALG14"
0.00195620447734456,0.534658811488626,0.053,0.391,1,"HER2+","GIPC3"
0.00196013393764565,0.759067535743539,0.342,0,1,"HER2+","ARHGAP33"
0.00196013393764565,1.2939124974257,0.342,0,1,"HER2+","LRRC23"
0.00196013393764565,1.0071953436209,0.342,0,1,"HER2+","NCDN"
0.00196013393764565,1.37398662968974,0.342,0,1,"HER2+","EIPR1"
0.00196013393764565,2.51604976989103,0.342,0,1,"HER2+","ISOC2"
0.00196013393764565,3.21261365165628,0.342,0,1,"HER2+","NGEF"
0.00196013393764565,2.54396812623938,0.342,0,1,"HER2+","PHKA1"
0.00196013393764565,0.900264345202853,0.342,0,1,"HER2+","TRAF4"
0.00196013393764565,3.14970936316744,0.342,0,1,"HER2+","EDN1"
0.00196013393764565,3.29477895878196,0.342,0,1,"HER2+","RRAGB"
0.00196013393764565,1.57144961247219,0.342,0,1,"HER2+","FOLH1"
0.00196013393764565,2.57098054047798,0.342,0,1,"HER2+","ITPR3"
0.00196013393764565,0.382921785451548,0.342,0,1,"HER2+","SLC5A1"
0.00196013393764565,2.37636993531854,0.342,0,1,"HER2+","BIK"
0.00196013393764565,1.11289981164777,0.342,0,1,"HER2+","CNFN"
0.00196013393764565,3.49142198256732,0.342,0,1,"HER2+","VAT1"
0.00196013393764565,1.13842830698994,0.342,0,1,"HER2+","PRPF40B"
0.00196013393764565,2.099771549786,0.342,0,1,"HER2+","LIN7A"
0.00196013393764565,2.37338020236755,0.342,0,1,"HER2+","AMOTL2"
0.00196013393764565,2.59232167283381,0.342,0,1,"HER2+","FGF12"
0.00196013393764565,2.93930348998437,0.342,0,1,"HER2+","MTERF2"
0.00196013393764565,1.21148202983574,0.342,0,1,"HER2+","RAB17"
0.00196013393764565,1.64073553315349,0.342,0,1,"HER2+","NCLN"
0.00196013393764565,1.69838211626228,0.342,0,1,"HER2+","AMOT"
0.00196013393764565,2.11106651038089,0.342,0,1,"HER2+","AIF1L"
0.00196013393764565,4.15962145749026,0.342,0,1,"HER2+","PPP1R1B"
0.00196013393764565,1.62219168696957,0.342,0,1,"HER2+","UTP3"
0.00196013393764565,0.939862358568806,0.342,0,1,"HER2+","DPH2"
0.00196013393764565,2.23892944317158,0.342,0,1,"HER2+","LTV1"
0.00196013393764565,0.932128296623286,0.342,0,1,"HER2+","HS6ST1"
0.00196013393764565,2.90047824264573,0.342,0,1,"HER2+","SLC49A4"
0.00196013393764565,1.17382685055807,0.342,0,1,"HER2+","PEX5"
0.00196013393764565,4.17604723359924,0.342,0,1,"HER2+","NCEH1"
0.00196013393764565,0.727618885852817,0.342,0,1,"HER2+","TPBG"
0.00196013393764565,0.500271702648614,0.342,0,1,"HER2+","EDNRA"
0.00196013393764565,2.561777668952,0.342,0,1,"HER2+","SH3RF1"
0.00196013393764565,2.54675737499692,0.342,0,1,"HER2+","RHPN1"
0.00196013393764565,0.754317954435104,0.342,0,1,"HER2+","CFAP410"
0.00196013393764565,1.22274347856828,0.342,0,1,"HER2+","ANKRD23"
0.00196013393764565,0.972298116755683,0.342,0,1,"HER2+","CDC25A"
0.00196013393764565,1.57711656327898,0.342,0,1,"HER2+","PLXNB1"
0.00196013393764565,2.20796966942698,0.342,0,1,"HER2+","TRPV6"
0.00196013393764565,1.77028623637543,0.342,0,1,"HER2+","MFSD3"
0.00196013393764565,2.33173691264346,0.342,0,1,"HER2+","KCNS3"
0.00196013393764565,2.46015743303888,0.342,0,1,"HER2+","TMEM126A"
0.00196013393764565,1.16299833756959,0.342,0,1,"HER2+","SCRIB"
0.00196013393764565,1.12694736204985,0.342,0,1,"HER2+","NR2C2AP"
0.00196013393764565,1.29730780153721,0.342,0,1,"HER2+","KIF24"
0.00196013393764565,1.68043123404887,0.342,0,1,"HER2+","ZFP62"
0.00196013393764565,1.3782094799783,0.342,0,1,"HER2+","RAB40C"
0.00196013393764565,1.0787532874865,0.342,0,1,"HER2+","AGAP6"
0.00196013393764565,0.993867244585699,0.342,0,1,"HER2+","AGAP9"
0.00196013393764565,1.88123597867489,0.342,0,1,"HER2+","LOC124906495"
0.00196013393764565,0.303512055623417,0.342,0,1,"HER2+","TMEM238"
0.00196013393764565,0.984530782250515,0.342,0,1,"HER2+","MEX3A"
0.00196162137459418,2.25049764285439,0.816,0.652,1,"HER2+","ZNF652"
0.00196162137459418,2.09762679961835,0.789,0.696,1,"HER2+","PTPN3"
0.00196162137459418,2.29189352043794,0.789,0.696,1,"HER2+","RPLP2"
0.00197068648350289,2.04466435196317,0.895,0.739,1,"HER2+","HNRNPA3"
0.00198725796950774,2.2225828813918,0.868,0.696,1,"HER2+","SPATS2L"
0.00198855227481321,3.12057123594123,0.737,0.522,1,"HER2+","CEP97"
0.00198908043360128,2.61270600485089,0.711,0.391,1,"HER2+","NDUFB3"
0.00199061399125569,1.59974420283406,0.895,0.565,1,"HER2+","SELENBP1"
0.00199061745788128,0.853109380788367,0.842,0.522,1,"HER2+","NUDT19"
0.00199664837090875,1.16893187988464,0.737,0.304,1,"HER2+","RHOT1"
0.00199664837090875,1.78377859052924,0.684,0.391,1,"HER2+","ACTMAP"
0.00199818375005825,2.36371752084375,0.816,0.522,1,"HER2+","SAMHD1"
0.00199838499193904,3.63980391493025,0.5,0.13,1,"HER2+","KIF22"
0.00199838499193904,2.43235351965757,0.5,0.13,1,"HER2+","BACE2"
0.00200060648683782,2.25337466141287,0.763,0.565,1,"HER2+","TAF1"
0.00200060648683782,1.92727824266609,0.763,0.565,1,"HER2+","MRRF"
0.00200691536455482,3.99331590641283,0.605,0.304,1,"HER2+","PDIA6"
0.00201052147652649,1.64098530297104,0.947,0.87,1,"HER2+","RPL35A"
0.00201494783625708,1.89988554621719,0.947,0.957,1,"HER2+","FAM241A"
0.0020159580014496,1.30577355753993,0.921,0.565,1,"HER2+","RNF14"
0.0020159580014496,2.20747301283878,0.816,0.739,1,"HER2+","METTL2B"
0.00202187498982768,0.815271877414005,0.395,0.043,1,"HER2+","LRRC40"
0.00202187498982768,2.91986044287436,0.395,0.043,1,"HER2+","NTN4"
0.00202187498982768,2.5756086635386,0.395,0.043,1,"HER2+","TRIB3"
0.00202187498982768,2.46178187185292,0.395,0.043,1,"HER2+","ANTKMT"
0.00202187498982768,2.51123701228721,0.395,0.043,1,"HER2+","PRPF31"
0.00202187498982768,1.70847097912819,0.395,0.043,1,"HER2+","SORBS3"
0.00202187498982768,2.45942552098848,0.395,0.043,1,"HER2+","SH3BP4"
0.00202187498982768,1.38004506228307,0.395,0.043,1,"HER2+","HIP1R"
0.00202187498982768,0.443260557435758,0.395,0.043,1,"HER2+","NHSL1"
0.00202187498982768,3.46225569285411,0.395,0.043,1,"HER2+","PRADC1"
0.00202187498982768,2.69979007765399,0.395,0.043,1,"HER2+","YTHDF1"
0.00202187498982768,1.96225967481099,0.395,0.043,1,"HER2+","TOR2A"
0.00202187498982768,3.40581580534446,0.395,0.043,1,"HER2+","GASK1B"
0.00202187498982768,4.28361172364413,0.395,0.043,1,"HER2+","SDR16C5"
0.00202187498982768,2.3757357530452,0.395,0.043,1,"HER2+","SSH3"
0.00202187498982768,1.66064561850476,0.395,0.043,1,"HER2+","THAP4"
0.00202187498982768,0.97561035724314,0.395,0.043,1,"HER2+","FBF1"
0.00202187498982768,2.03810703423579,0.395,0.043,1,"HER2+","PARG"
0.00202187498982768,2.11365167034697,0.395,0.043,1,"HER2+","PSMC1P1"
0.00202187498982768,2.41595502790201,0.395,0.043,1,"HER2+","EPPK1"
0.00202561249231422,3.23724787622817,0.711,0.435,1,"HER2+","CACYBP"
0.00202561249231422,2.55471995283253,0.711,0.435,1,"HER2+","KIAA1671"
0.00202894135484262,1.81389273275462,0.789,0.652,1,"HER2+","PEX13"
0.00203759577726635,2.49037803439055,0.579,0.217,1,"HER2+","NAT10"
0.00203759577726635,3.00212948164403,0.579,0.217,1,"HER2+","NOLC1"
0.0020397150339553,2.00754491337879,0.658,0.348,1,"HER2+","SLC16A4"
0.0020397150339553,1.82051010819197,0.658,0.348,1,"HER2+","SYNE4"
0.00204139229057652,1.92749395252975,0.868,0.609,1,"HER2+","TTC19"
0.00204627988217352,1.25943302278681,0.632,0.304,1,"HER2+","PIR"
0.00204906670725887,1.68017827134022,0.789,0.478,1,"HER2+","ZFP30"
0.00204949729890932,2.12788300544938,0.789,0.565,1,"HER2+","CENPK"
0.00204949729890932,2.73976806856875,0.789,0.565,1,"HER2+","ILF2"
0.00205492365340658,1.71951844371671,0.763,0.391,1,"HER2+","IZUMO2"
0.00205492365340658,1.27721650072862,0.737,0.435,1,"HER2+","SMPD4"
0.00205492702409936,1.91323037830556,0.447,0.087,1,"HER2+","SLC9A3"
0.00205492702409936,1.26293246706263,0.447,0.087,1,"HER2+","CEP164"
0.00205492702409936,1.86938774972777,0.447,0.087,1,"HER2+","CDC42EP1"
0.00205492702409936,1.88370627217529,0.447,0.087,1,"HER2+","RAB26"
0.00205647567986339,1.93599909558678,0.816,0.826,1,"HER2+","ELOB"
0.00206313890251013,2.48598773740216,0.816,0.652,1,"HER2+","HSD17B4"
0.00206313890251013,2.98617298686757,0.816,0.652,1,"HER2+","KREMEN1"
0.00207520400030903,4.51569869517461,0.658,0.304,1,"HER2+","HSBP1L1"
0.00207721920945772,1.38765018550423,0.711,0.522,1,"HER2+","XYLB"
0.00208077318751395,2.28245632941581,0.816,0.609,1,"HER2+","CYP20A1"
0.00208491136056307,1.16989137116814,0.947,0.696,1,"HER2+","GSPT1"
0.00209275691332883,1.72656324600219,0.737,0.522,1,"HER2+","PRKCSH"
0.00209275691332883,2.70717587487315,0.711,0.565,1,"HER2+","PARD6B"
0.00209335655240724,1.57211262530407,0.789,0.739,1,"HER2+","PCBD2"
0.00209435877393385,1.03414319686679,0.605,0.174,1,"HER2+","OR6C4"
0.00209490455446721,1.41777828878093,0.711,0.391,1,"HER2+","CAD"
0.0020952081986792,2.02114590876852,0.895,0.826,1,"HER2+","MED17"
0.0021018387044483,1.99763817678789,0.763,0.522,1,"HER2+","MARVELD3"
0.00210323883342207,3.2232805268984,0.868,0.913,1,"HER2+","RPL3"
0.00210325251883616,1.8733385101299,0.711,0.304,1,"HER2+","SEC16A"
0.00210325251883616,1.71091332051926,0.711,0.304,1,"HER2+","AP3M1"
0.00210325251883616,2.78306068885035,0.684,0.348,1,"HER2+","MTF1"
0.00210480295720945,1.80998055536807,0.816,0.478,1,"HER2+","C6orf141"
0.00210480295720945,3.26473201728527,0.789,0.522,1,"HER2+","TFRC"
0.00210480295720945,2.51741683627704,0.789,0.522,1,"HER2+","PLA2G15"
0.00210480295720945,1.65891989416223,0.789,0.522,1,"HER2+","GEN1"
0.00211480537958101,1.23553561897154,0.579,0.261,1,"HER2+","MORN4"
0.00211746602397341,2.95685315594528,0.605,0.304,1,"HER2+","SAE1"
0.00212222495810581,2.08864036121547,0.605,0.261,1,"HER2+","SMG6"
0.00212222495810581,1.40603866726888,0.605,0.261,1,"HER2+","SV2A"
0.00212759767850881,0.762402438241666,0.553,0.174,1,"HER2+","UAP1L1"
0.00212759767850881,1.11525993349954,0.553,0.174,1,"HER2+","ZNF425"
0.00213098483334902,1.86627195898422,0.737,0.478,1,"HER2+","MBD3"
0.00213274824682892,0.720908826744716,0.763,0.348,1,"HER2+","LSM11"
0.00213274824682892,2.90326079044225,0.711,0.435,1,"HER2+","ZDHHC17"
0.00214970027008421,0.974630923775997,0.658,0.348,1,"HER2+","NIPAL2"
0.00214970027008421,2.06044420362477,0.658,0.348,1,"HER2+","EGLN1"
0.00214970027008421,1.10773720646921,0.658,0.348,1,"HER2+","NPAS2"
0.00215256877782348,1.21286022891346,0.579,0.217,1,"HER2+","SERPINF1"
0.00215665064159554,1.48843639488631,0.395,0.043,1,"HER2+","IKZF2"
0.00215665064159554,2.23693134262805,0.395,0.043,1,"HER2+","TRMT11"
0.00215665064159554,2.14648927020585,0.395,0.043,1,"HER2+","CELSR1"
0.00215665064159554,2.62837040565804,0.395,0.043,1,"HER2+","P4HA1"
0.00215665064159554,0.417319087782762,0.395,0.043,1,"HER2+","QRICH2"
0.00215665064159554,2.22267123422569,0.395,0.043,1,"HER2+","C11orf52"
0.00215665064159554,3.17997294639417,0.395,0.043,1,"HER2+","CEBPG"
0.00215665064159554,0.724296795560261,0.395,0.043,1,"HER2+","ZBTB7C"
0.00215665064159554,2.68736733598817,0.395,0.043,1,"HER2+","TCEA3"
0.00216304815875393,2.40361879451968,0.737,0.435,1,"HER2+","MYO9A"
0.00217744065308112,1.67433842142879,0.553,0.217,1,"HER2+","RCCD1"
0.00217744065308112,2.88621186737189,0.553,0.217,1,"HER2+","XPO6"
0.00217744065308112,2.65678869221718,0.553,0.217,1,"HER2+","PPP1R14B"
0.00218184676910738,3.13406795389744,0.474,0.13,1,"HER2+","PROM1"
0.00218184676910738,3.01148037972509,0.474,0.13,1,"HER2+","AAMP"
0.00218184676910738,3.07940215064393,0.474,0.13,1,"HER2+","GADD45GIP1"
0.00218232937174724,2.82255080985615,0.526,0.174,1,"HER2+","MCUB"
0.00218365030189682,2.45566538393768,0.447,0.087,1,"HER2+","HMGXB3"
0.00218365030189682,3.41774448391611,0.447,0.087,1,"HER2+","MRPL19"
0.00218602380430451,0.937497158955203,0.763,0.435,1,"HER2+","C12orf60"
0.00218602380430451,1.78742138415951,0.763,0.435,1,"HER2+","FITM2"
0.00218762522479414,1.97309779027593,0.684,0.261,1,"HER2+","ATF6"
0.00218762522479414,1.26471254671342,0.658,0.304,1,"HER2+","ABCC2"
0.00218762522479414,2.08333708349516,0.632,0.348,1,"HER2+","PRIM2"
0.00218824239894317,1.95410928724925,0.737,0.391,1,"HER2+","FGD2"
0.00219161160059197,1.46972182781315,0.921,0.739,1,"HER2+","RTRAF"
0.00219161160059197,1.39362799336191,0.895,0.783,1,"HER2+","CHURC1"
0.00219676700109257,2.29168583796084,0.868,0.696,1,"HER2+","AACS"
0.00219676700109257,1.97419943897178,0.868,0.696,1,"HER2+","PLLP"
0.00219676700109257,1.97360057826408,0.816,0.783,1,"HER2+","ETFB"
0.00220094227884012,2.03116044837786,0.842,0.652,1,"HER2+","ERP29"
0.00220194840418487,2.90377081611741,0.737,0.522,1,"HER2+","RALGAPA1"
0.00220201756736295,1.52180906580416,0.789,0.609,1,"HER2+","HAUS2"
0.00220586995759174,2.22220732625151,0.711,0.391,1,"HER2+","TAF2"
0.00221077817578676,2.22121947033177,0.763,0.609,1,"HER2+","NOL9"
0.00221395516521323,2.25744762758174,0.763,0.565,1,"HER2+","ACOT9"
0.00221573289735706,1.81505078901574,0.711,0.304,1,"HER2+","TMX3"
0.00221573289735706,1.0468678283633,0.684,0.348,1,"HER2+","C19orf47"
0.00221573289735706,2.24066234212584,0.658,0.391,1,"HER2+","WDR76"
0.00221594201059534,1.12645122650573,0.658,0.261,1,"HER2+","CPSF4"
0.00221699072711315,1.1348737908563,1,0.739,1,"HER2+","UBA52"
0.00222448984188224,1.60922804527243,0.947,0.913,1,"HER2+","PCBP2"
0.0022284597912978,0.819077109756172,0.868,0.652,1,"HER2+","GSS"
0.0022284597912978,2.55692354896081,0.868,0.652,1,"HER2+","LTBR"
0.00223267855996708,0.550111216747672,0.605,0.217,1,"HER2+","ZFP37"
0.00223267855996708,1.59676606403103,0.605,0.217,1,"HER2+","TEX35"
0.00223318055782504,2.26593575862076,0.921,0.696,1,"HER2+","NUCB2"
0.00223357588440451,0.452151818538752,0.632,0.261,1,"HER2+","KIRREL3"
0.00223357588440451,3.60399583893481,0.632,0.261,1,"HER2+","CKS1B"
0.00224236300696726,2.33157423472318,0.789,0.391,1,"HER2+","BPNT2"
0.00224427183993638,2.01842250905823,0.5,0.13,1,"HER2+","SNRPA"
0.00224427183993638,1.82378110495027,0.5,0.13,1,"HER2+","ZNF764"
0.00224505724442746,1.9261035952968,0.711,0.435,1,"HER2+","ATAD3B"
0.00224968365297932,1.37818399466536,0.553,0.174,1,"HER2+","ADSS1"
0.00226509880279263,1.86425446378967,0.658,0.348,1,"HER2+","NOA1"
0.00226707109031648,2.08179241148853,0.789,0.565,1,"HER2+","STK10"
0.00227322527891824,2.63931854921084,0.658,0.435,1,"HER2+","TRMT112"
0.00227346200663954,1.79554472924335,0.579,0.217,1,"HER2+","IL4R"
0.00227530005586413,2.41936918647006,0.632,0.304,1,"HER2+","CCDC141"
0.00227636570235449,2.16495183210129,0.737,0.435,1,"HER2+","DLG5"
0.00227636570235449,2.02421071916496,0.711,0.478,1,"HER2+","SMIM31"
0.00228077346908583,1.25058306116897,0.816,0.652,1,"HER2+","COA8"
0.00228621733074021,0.379352580433205,0.526,0.13,1,"HER2+","TTYH1"
0.00228937856599127,1.68511133937532,0.895,0.739,1,"HER2+","ATP5F1D"
0.00229961767564094,1.68272140979355,0.395,0.043,1,"HER2+","EPB41L2"
0.00229961767564094,2.83034933881033,0.395,0.043,1,"HER2+","SSBP4"
0.00229961767564094,2.66001330949183,0.395,0.043,1,"HER2+","RACGAP1"
0.00229961767564094,2.37808581147923,0.395,0.043,1,"HER2+","MRPL16"
0.00229961767564094,1.66161862448244,0.395,0.043,1,"HER2+","HRAS"
0.00229961767564094,2.46593839579808,0.395,0.043,1,"HER2+","MAGEF1"
0.00230047563983833,1.79097714505954,0.868,0.522,1,"HER2+","PRELP"
0.00230047563983833,1.84900644427713,0.816,0.609,1,"HER2+","COX20"
0.00230081935675637,0.33176807213588,0.579,0.174,1,"HER2+","LAMP3"
0.00230081935675637,2.10381670886378,0.579,0.174,1,"HER2+","CNOT6"
0.00230081935675637,0.48978320195174,0.553,0.217,1,"HER2+","GRAMD1C"
0.00230081935675637,4.42611678257272,0.553,0.217,1,"HER2+","KPNA2"
0.00230322078548889,1.04972193324283,0.737,0.391,1,"HER2+","CA6"
0.0023056039034043,3.02875435239059,0.632,0.348,1,"HER2+","PILRB"
0.0023056039034043,4.17661137691157,0.632,0.348,1,"HER2+","PPT1"
0.00230872841451057,2.12167977336584,0.526,0.174,1,"HER2+","BCKDHA"
0.00231342974262495,1.17519406242093,0.474,0.13,1,"HER2+","HEMK2"
0.00231342974262495,3.15616135805317,0.474,0.13,1,"HER2+","DALRD3"
0.00231526081681329,2.88775106348847,0.789,0.609,1,"HER2+","ATL2"
0.00231633899011111,1.80546733599921,0.763,0.478,1,"HER2+","ITIH5"
0.00231633899011111,3.03682940808537,0.737,0.522,1,"HER2+","SLC25A5"
0.0023197266337771,2.44242682218233,0.447,0.087,1,"HER2+","COIL"
0.00232219875766868,1.41780635948993,0.737,0.348,1,"HER2+","DOC2A"
0.00232467440377265,1.150859202356,0.816,0.522,1,"HER2+","MRPL20"
0.00232827270798214,1.68957040260723,0.789,0.522,1,"HER2+","CCDC159"
0.00235549342099286,1.36516670891544,0.605,0.304,1,"HER2+","TMEM38A"
0.00235549342099286,1.77246566319556,0.605,0.304,1,"HER2+","SLC25A21"
0.00235654427482107,1.4077249122741,0.605,0.217,1,"HER2+","B3GAT1"
0.00235654427482107,2.07831229162659,0.605,0.217,1,"HER2+","JMY"
0.00235862482796666,2.1266665196958,0.842,0.565,1,"HER2+","TSPAN10"
0.00235905206403022,0.872107936534686,0.789,0.391,1,"HER2+","CEACAM1"
0.00235905206403022,4.03464844287431,0.737,0.478,1,"HER2+","UBE2N"
0.00236265188352241,2.62942427978414,0.605,0.261,1,"HER2+","MCM10"
0.00236265188352241,0.950854029190212,0.605,0.261,1,"HER2+","DISC1"
0.00236265188352241,2.97062792191841,0.605,0.261,1,"HER2+","ACBD3"
0.00236276152817646,1.05546015117881,0.711,0.435,1,"HER2+","SVOP"
0.00236276152817646,4.47286080848424,0.711,0.435,1,"HER2+","DMD"
0.00236343247138743,2.07684540866225,0.474,0.087,1,"HER2+","DDX54"
0.00236343247138743,1.48764647296422,0.474,0.087,1,"HER2+","DCC"
0.00237184794699314,1.57078291107824,0.868,0.609,1,"HER2+","ZNF638"
0.00237247112621333,1.63207458744781,0.921,0.783,1,"HER2+","TRIM22"
0.00237734242980593,1.99819596381955,0.5,0.13,1,"HER2+","CIT"
0.00237734242980593,0.944099262375951,0.5,0.13,1,"HER2+","DCDC2"
0.00237734242980593,2.18583780639166,0.5,0.13,1,"HER2+","EBAG9"
0.00237815791112397,3.7183475012337,0.553,0.174,1,"HER2+","PAEP"
0.00237815791112397,0.643844597193221,0.553,0.174,1,"HER2+","FABP2"
0.00237815791112397,0.49392492993539,0.553,0.174,1,"HER2+","KPNB1P1"
0.00238488611552363,1.70866366987683,0.737,0.565,1,"HER2+","HSCB"
0.00238614738954999,3.54137154944296,0.658,0.348,1,"HER2+","USO1"
0.00239509791430473,1.70724459302674,0.763,0.391,1,"HER2+","FSAF1"
0.00239509791430473,1.79451858050073,0.763,0.391,1,"HER2+","ZNF490"
0.00239730141734282,1.55462760455268,0.868,0.565,1,"HER2+","LIMK1"
0.00239730141734282,2.90276677274457,0.816,0.652,1,"HER2+","FBXO22"
0.00241945812546365,1.39386543180331,0.763,0.435,1,"HER2+","PDXDC1"
0.00241975230196191,2.09260311996609,0.526,0.13,1,"HER2+","RNF126"
0.002420170932694,1.89132793800573,0.868,0.826,1,"HER2+","DNASE1"
0.00242653424371256,1.59144338149852,0.632,0.217,1,"HER2+","LARP1B"
0.00242938405353928,1.50475363947148,0.658,0.304,1,"HER2+","PPP5C"
0.00243057120189085,1.445223050197,0.579,0.174,1,"HER2+","N4BP1"
0.00243057120189085,2.32885172872247,0.553,0.217,1,"HER2+","CIAPIN1"
0.00243057120189085,3.2563371862776,0.553,0.217,1,"HER2+","ASCC3"
0.00243614856240976,1.46418746163842,0.737,0.522,1,"HER2+","HSD17B7"
0.00244180042097825,3.51632313356101,0.526,0.174,1,"HER2+","KIAA0040"
0.00244180042097825,1.32022573447149,0.526,0.174,1,"HER2+","TRIM34"
0.00244412119296794,1.3637947939264,0.737,0.348,1,"HER2+","AGMAT"
0.00244412119296794,1.77891339282122,0.711,0.391,1,"HER2+","GPR89B"
0.00244488288424166,3.33870781238783,0.526,0.217,1,"HER2+","MRPL32"
0.0024455227165908,1.94498594062703,0.763,0.522,1,"HER2+","DHX30"
0.00245121785647463,2.4763826658197,0.395,0.043,1,"HER2+","NUDCD1"
0.00245121785647463,3.60246447368278,0.395,0.043,1,"HER2+","PKMYT1"
0.00245121785647463,1.94622527887973,0.395,0.043,1,"HER2+","ZNF827"
0.00245256710869515,2.61830242340526,0.895,0.957,1,"HER2+","ARHGAP26"
0.00245558975036995,1.60330925519598,0.684,0.391,1,"HER2+","ABCB11"
0.00245558975036995,2.03981530726341,0.684,0.391,1,"HER2+","RBFA"
0.00245739658538532,1.01938777672666,0.711,0.304,1,"HER2+","IRAK1"
0.00246131046312854,2.00175252853292,0.868,0.652,1,"HER2+","EPC1"
0.00246583528163217,2.05128515550577,0.921,0.696,1,"HER2+","DNM2"
0.00246649752898343,3.55362706961558,0.553,0.261,1,"HER2+","SELENOS"
0.00248127684589793,1.81398860898128,0.737,0.478,1,"HER2+","RBBP5"
0.00248667294010296,3.00925398798717,0.605,0.217,1,"HER2+","MORC2"
0.00248667294010296,1.79064491828172,0.579,0.261,1,"HER2+","PLBD2"
0.00249199386818796,0.59453399002818,0.605,0.261,1,"HER2+","GBP6"
0.00250562067529829,2.70963440474191,0.789,0.565,1,"HER2+","AK9"
0.00251309154230249,0.659393026585888,0.658,0.348,1,"HER2+","PIGO"
0.00251407738352567,1.98558325995996,0.421,0.043,1,"HER2+","ABRA"
0.00251760080401128,2.31216285968543,0.5,0.13,1,"HER2+","CDC123"
0.00251925593263807,2.01195268131564,0.842,0.609,1,"HER2+","SF3B3"
0.00251929153651574,1.82307977185704,0.658,0.435,1,"HER2+","GLB1L2"
0.00251947442093303,0.967373832265322,0.763,0.391,1,"HER2+","GNG4"
0.00251947442093303,2.07639259260178,0.711,0.478,1,"HER2+","CCDC50"
0.00252758539208335,2.17837949894677,0.632,0.304,1,"HER2+","SGO1"
0.00253410285744958,2.3617326366617,0.579,0.217,1,"HER2+","SLC39A9"
0.00253410285744958,1.28910678824491,0.579,0.217,1,"HER2+","PAQR8"
0.00254124094517728,1.67568314364442,0.816,0.609,1,"HER2+","ZNF532"
0.00254453758740254,1.71913324304232,0.711,0.522,1,"HER2+","ZNF16"
0.00254918765767736,2.94733430293873,0.868,0.696,1,"HER2+","MAP3K20"
0.00254993972813269,1.36618580014156,0.737,0.391,1,"HER2+","EDRF1"
0.00254993972813269,2.21754835168708,0.684,0.478,1,"HER2+","COG4"
0.00255482521404908,2.72375555251265,0.842,0.652,1,"HER2+","PSMD8"
0.0025579010862027,1.32170559287276,0.842,0.522,1,"HER2+","BABAM1"
0.0025579010862027,1.6561381517412,0.816,0.565,1,"HER2+","P3H4"
0.0025579010862027,2.01817731482842,0.789,0.609,1,"HER2+","ATP1A1"
0.0025592187430447,1.22627286243571,0.658,0.304,1,"HER2+","NOD2"
0.00256039109123061,1.33437248769372,0.526,0.13,1,"HER2+","DDAH1"
0.0025616048683413,2.25121054896703,0.763,0.478,1,"HER2+","ZNF548"
0.0025640016939018,1.3470451975977,0.974,0.739,1,"HER2+","PRR13"
0.0025640016939018,1.58812387074422,0.921,0.826,1,"HER2+","TAX1BP1"
0.00256698814936767,1.6737939954755,0.553,0.217,1,"HER2+","ZNF14"
0.00256874193116371,2.61676418399338,0.763,0.609,1,"HER2+","SERPINH1"
0.00257187584879118,1.47590489549263,0.711,0.391,1,"HER2+","CYP27C1"
0.00257187584879118,2.41877460911255,0.684,0.435,1,"HER2+","AKAP5"
0.00258450160249389,1.13560470654878,0.684,0.391,1,"HER2+","PLD1"
0.00258450160249389,3.22482604360442,0.684,0.391,1,"HER2+","TUBG1"
0.00261191304600516,2.25627077212406,0.395,0.043,1,"HER2+","OSBPL5"
0.00261191304600516,1.82504810581114,0.395,0.043,1,"HER2+","PFDN4"
0.00261191304600516,2.20268779382384,0.395,0.043,1,"HER2+","POP7"
0.00261191304600516,0.613019742706196,0.395,0.043,1,"HER2+","DDR1"
0.00261528465505242,2.2188092859174,0.711,0.435,1,"HER2+","GID8"
0.00261528465505242,1.68557611554603,0.711,0.435,1,"HER2+","FUT2"
0.00261779266152768,2.23603739505714,0.605,0.304,1,"HER2+","APEX2"
0.00261779266152768,2.7676050627638,0.605,0.304,1,"HER2+","OCLN"
0.00262334526660519,1.67358241817171,0.605,0.217,1,"HER2+","PAN2"
0.00262778396493595,1.17584605388082,0.605,0.261,1,"HER2+","COMP"
0.002646656360499,1.64641308732051,0.974,0.957,1,"HER2+","C15orf40"
0.00264686103799688,2.07743890588932,0.842,0.609,1,"HER2+","OCIAD1"
0.00264686103799688,2.01759480489628,0.842,0.609,1,"HER2+","OSBPL2"
0.00265125165480958,1.15355574105455,0.711,0.348,1,"HER2+","ZFP82"
0.00265546928552186,1.74950308161081,0.553,0.174,1,"HER2+","SLC39A11"
0.00265898989494773,0.934322312232562,0.474,0.087,1,"HER2+","TMCC1"
0.00266309781278912,1.87082028089162,0.632,0.304,1,"HER2+","HSPA2"
0.00267035744413923,1.46867339351017,0.895,0.783,1,"HER2+","ZKSCAN1"
0.00267442380698318,1.71934828952202,0.579,0.217,1,"HER2+","SASH1"
0.00267550516592593,1.55080874635434,0.763,0.435,1,"HER2+","OR7A17"
0.00267550516592593,1.4059117786409,0.763,0.435,1,"HER2+","PRR19"
0.00268215711241877,1.36751207921677,0.737,0.391,1,"HER2+","RFWD3"
0.00268215711241877,1.92486738047418,0.737,0.391,1,"HER2+","UGT8"
0.00268388718382954,2.24283302913596,0.842,0.652,1,"HER2+","OPA3"
0.00268774782836157,2.09281642016267,0.789,0.609,1,"HER2+","SLC33A1"
0.00269278515109962,1.33365827281158,0.947,0.783,1,"HER2+","ELAVL1"
0.00269294372091045,1.89122240116911,0.763,0.478,1,"HER2+","DMXL2"
0.00269294372091045,1.97317590687463,0.737,0.522,1,"HER2+","STEEP1"
0.00269294372091045,2.36844567717622,0.737,0.522,1,"HER2+","SCIMP"
0.00269294372091045,2.23506539642167,0.711,0.565,1,"HER2+","NUP160"
0.00269537034115665,2.19322318943458,0.658,0.304,1,"HER2+","TRIM28"
0.00270244045609267,1.49826969290648,0.816,0.435,1,"HER2+","NCOR2"
0.00270244045609267,1.73090017850757,0.763,0.522,1,"HER2+","ENTPD4"
0.00270244045609267,2.08820563590788,0.711,0.609,1,"HER2+","IFT74"
0.0027044270950042,2.31775258537279,0.789,0.522,1,"HER2+","MGA"
0.0027044270950042,1.99819324927583,0.737,0.609,1,"HER2+","VSIG10"
0.00270570988354384,1.61146061852966,0.684,0.435,1,"HER2+","SETD4"
0.00270846836270411,1.86046846436582,0.526,0.13,1,"HER2+","DNAJB9"
0.00272047558274852,2.12637340600846,0.868,0.783,1,"HER2+","CNKSR3"
0.00272295996226468,1.18424079374367,0.711,0.304,1,"HER2+","SYNCRIP"
0.00274414131177044,1.98313990801625,0.895,0.652,1,"HER2+","KNTC1"
0.00275058877443817,2.82949311759355,0.711,0.435,1,"HER2+","CDK4"
0.00275062796408861,2.06666717639028,0.868,0.609,1,"HER2+","NMNAT1"
0.00275299108115115,2.13818280571359,0.474,0.13,1,"HER2+","ALG6"
0.00275299108115115,3.44613458167636,0.474,0.13,1,"HER2+","APEH"
0.00275299108115115,6.13895904360691,0.474,0.13,1,"HER2+","S100A16"
0.00275871935700385,0.649637934820779,0.632,0.261,1,"HER2+","ARHGDIG"
0.00276685255198246,4.23635376035912,0.579,0.261,1,"HER2+","PSMB5"
0.0027704117673624,1.74314134493572,0.789,0.478,1,"HER2+","GSK3A"
0.00277588168677982,2.66521833874465,0.447,0.087,1,"HER2+","UBR7"
0.00277588168677982,2.85645955017078,0.447,0.087,1,"HER2+","GCHFR"
0.00278034853745131,2.6268825861083,0.789,0.696,1,"HER2+","PTGR1"
0.00278218588535731,1.88633826865541,0.395,0.043,1,"HER2+","IL20RA"
0.00278218588535731,2.05911866110579,0.395,0.043,1,"HER2+","CDADC1"
0.00278218588535731,1.58649781549715,0.395,0.043,1,"HER2+","CGREF1"
0.00278218588535731,2.78921275032461,0.395,0.043,1,"HER2+","MYD88"
0.0027854046222125,0.997848331624355,0.5,0.174,1,"HER2+","LIN7B"
0.0027854046222125,3.58321510215222,0.5,0.174,1,"HER2+","BLVRA"
0.00278612010381332,2.17768950593206,0.737,0.435,1,"HER2+","EXOC7"
0.00278612010381332,2.8515833451094,0.711,0.478,1,"HER2+","TMEM258"
0.00278950136079238,2.2374249983839,0.658,0.435,1,"HER2+","ZNF552"
0.00280493476908098,0.516608113890369,0.553,0.174,1,"HER2+","SPPL2B"
0.00280493476908098,2.19737709196258,0.553,0.174,1,"HER2+","CCND1"
0.00280522007831265,1.95985061643181,0.632,0.304,1,"HER2+","CLNS1A"
0.00281209286509128,1.46852148217965,0.816,0.783,1,"HER2+","MACROD2"
0.00282107049818164,3.34331649791932,0.5,0.13,1,"HER2+","ARHGAP30"
0.00282181224929039,1.17299858183211,0.579,0.217,1,"HER2+","CRTAM"
0.00282359190766496,1.64137825159433,0.842,0.522,1,"HER2+","RNF7"
0.00282359190766496,2.86728162572313,0.789,0.609,1,"HER2+","SLC35B1"
0.0028304092109183,1.53804310719913,0.711,0.565,1,"HER2+","ZP3"
0.00283811077226792,1.36581274411859,0.632,0.348,1,"HER2+","PRODH"
0.00283994125802597,1.34141788494048,0.763,0.522,1,"HER2+","TONSL"
0.00283994125802597,1.75796612482135,0.763,0.522,1,"HER2+","CATSPER2"
0.00284418469638716,2.64241782394502,0.579,0.304,1,"HER2+","PTS"
0.00284587925727406,1.14642919732947,0.711,0.391,1,"HER2+","HSD17B1"
0.00285793804677551,2.97475812337165,0.632,0.391,1,"HER2+","MLX"
0.00286104184535546,1.16182042904459,0.553,0.217,1,"HER2+","SLC16A12"
0.00286534846828568,2.18370017787671,0.684,0.348,1,"HER2+","XPO5"
0.00286534846828568,2.32423804948426,0.684,0.348,1,"HER2+","ARFGAP3"
0.00286534846828568,2.00298093963117,0.658,0.391,1,"HER2+","TRIP4"
0.0028788485518964,1.44843293809539,0.658,0.261,1,"HER2+","GDA"
0.0028788485518964,4.23488727121945,0.605,0.348,1,"HER2+","SMIM22"
0.00288423973149613,5.06745528829879,0.526,0.174,1,"HER2+","TM4SF1"
0.00288423973149613,0.910853599850665,0.526,0.174,1,"HER2+","ZNF569"
0.00288423973149613,1.15171718194053,0.526,0.174,1,"HER2+","ETV5"
0.00288423973149613,0.461964789200358,0.526,0.174,1,"HER2+","KIAA1210"
0.00289225917915965,1.5729842969157,0.711,0.435,1,"HER2+","FAM161A"
0.00290654425419083,0.864300372668107,0.632,0.261,1,"HER2+","LMX1B"
0.00290671296904924,0.851033866687872,0.789,0.565,1,"HER2+","SPAG7"
0.00291106056693083,2.12333374655762,0.737,0.565,1,"HER2+","ABCB7"
0.00291106056693083,2.8241238139174,0.737,0.565,1,"HER2+","THUMPD3"
0.00291567182363537,2.21777342494092,0.474,0.13,1,"HER2+","UCHL3"
0.00292889047083475,1.89557893314523,0.789,0.348,1,"HER2+","CSNK1G1"
0.00292889047083475,1.66527552872526,0.711,0.478,1,"HER2+","PPIL6"
0.00293188894669926,1.94596166634974,0.658,0.348,1,"HER2+","RNF2"
0.00294525971156451,3.08162202501284,0.447,0.087,1,"HER2+","PIH1D2"
0.00294525971156451,2.91991811399662,0.447,0.087,1,"HER2+","CCNQ"
0.00294529618491365,3.14913071890243,0.5,0.174,1,"HER2+","HAX1"
0.00294581285788114,2.11337652248192,0.816,0.609,1,"HER2+","BUD31"
0.00294581285788114,1.82518358687429,0.816,0.609,1,"HER2+","TBCK"
0.00295423713978243,0.751522048870397,0.632,0.304,1,"HER2+","MAPK8IP2"
0.00295609455466018,1.41202279474341,0.763,0.435,1,"HER2+","FEZ1"
0.00296004953735619,2.21291941196207,0.789,0.739,1,"HER2+","ZNF83"
0.00296254048593879,2.84920083384512,0.395,0.043,1,"HER2+","RAPGEF1"
0.00296254048593879,1.43128345298804,0.395,0.043,1,"HER2+","HOXB3"
0.00296254048593879,2.92117661322539,0.395,0.043,1,"HER2+","TBL3"
0.00296254048593879,1.51563228224764,0.395,0.043,1,"HER2+","IMMP2L"
0.00296556406150929,1.35979194411431,0.737,0.391,1,"HER2+","KLHL21"
0.00296567816593263,1.664476217739,0.816,0.565,1,"HER2+","GPN2"
0.00296567816593263,2.37558638300462,0.789,0.609,1,"HER2+","BMPR1A"
0.0029682465340876,1.67738016339903,0.921,0.826,1,"HER2+","NKAP"
0.0029789945433228,2.64602783850756,0.763,0.609,1,"HER2+","MIA2"
0.00298521302029668,1.68926027840812,0.763,0.565,1,"HER2+","NUP93"
0.002987721772331,2.72776884839155,0.658,0.304,1,"HER2+","TYK2"
0.00299264896251804,1.75572841713985,0.711,0.391,1,"HER2+","LCMT2"
0.00299736321022075,2.26031361053972,0.579,0.304,1,"HER2+","FKTN"
0.00301450376655608,1.13276356836179,0.684,0.348,1,"HER2+","TRIM11"
0.00301450376655608,1.48635630987399,0.658,0.391,1,"HER2+","CIART"
0.00301932013693436,0.492620423317138,0.579,0.174,1,"HER2+","OR5AN1"
0.00301932013693436,0.627110711233131,0.553,0.217,1,"HER2+","ARHGEF26"
0.00302522933678295,1.03038488882565,0.421,0.043,1,"HER2+","AGAP3"
0.00302527036448559,1.72488458376961,0.895,0.652,1,"HER2+","ZNF37A"
0.00303031573366097,1.97272785871806,0.737,0.478,1,"HER2+","RNF168"
0.00304725209766169,2.51323920380071,0.526,0.174,1,"HER2+","B3GALNT1"
0.00304740241194389,2.85947543154223,0.421,0.087,1,"HER2+","AREG"
0.00304740241194389,3.74957824891916,0.421,0.087,1,"HER2+","FOXA1"
0.00304740241194389,1.86243636911874,0.421,0.087,1,"HER2+","ITGB4"
0.00304740241194389,2.40180780476225,0.421,0.087,1,"HER2+","RPL39L"
0.00304740241194389,3.03404763157734,0.421,0.087,1,"HER2+","TLE1"
0.00305291249082108,2.43627091339397,0.789,0.565,1,"HER2+","RANGAP1"
0.00305819789608264,2.31922957463601,0.789,0.478,1,"HER2+","CLUAP1"
0.0030615654965521,1.76516418784191,0.605,0.304,1,"HER2+","TJP1"
0.0030615654965521,2.04702219445806,0.579,0.348,1,"HER2+","TRIM16"
0.0030659380399432,2.51817354716991,0.789,0.696,1,"HER2+","NEK5"
0.00307559189911131,1.68691981223574,0.605,0.217,1,"HER2+","MXD4"
0.00307559189911131,2.71342157370995,0.579,0.261,1,"HER2+","TMEM131"
0.00308708154940631,2.344526888312,0.474,0.13,1,"HER2+","SYBU"
0.00308708154940631,3.3311624041902,0.474,0.13,1,"HER2+","ECI1"
0.00309321168441486,2.18929043514988,0.816,0.609,1,"HER2+","NCL"
0.00310434983563129,2.50654981363996,0.895,0.826,1,"HER2+","CACNA1A"
0.00310623295720833,1.60401435377889,0.711,0.522,1,"HER2+","NDUFAF6"
0.00311425980554325,2.17878559837412,0.868,0.478,1,"HER2+","TUBB"
0.00311425980554325,2.29195355523082,0.789,0.609,1,"HER2+","TMEM116"
0.00311728282927355,0.567006373819726,0.737,0.391,1,"HER2+","TMEM263"
0.00311728282927355,2.99884269174851,0.684,0.478,1,"HER2+","INTS7"
0.00312401907333063,3.05345309292935,0.447,0.087,1,"HER2+","ABCC11"
0.00312473914244956,1.38857274977983,0.763,0.478,1,"HER2+","ANO10"
0.00312473914244956,1.80229430476692,0.737,0.522,1,"HER2+","PTGIS"
0.00313362609784084,1.01380657677358,0.947,0.913,1,"HER2+","UBL5"
0.00313428191539213,1.43908479067699,0.763,0.522,1,"HER2+","ARHGEF10"
0.00314449514770035,1.08912530480667,0.632,0.348,1,"HER2+","CYP4B1"
0.00314449514770035,3.04676696634884,0.632,0.348,1,"HER2+","TIPRL"
0.00314629325728031,1.14966867771777,0.737,0.348,1,"HER2+","C3orf70"
0.00315350312899252,1.44682309349233,0.395,0.043,1,"HER2+","ERBB4"
0.00315760090824642,2.4647967705759,0.5,0.13,1,"HER2+","PPWD1"
0.00315803257533074,2.00063745942846,0.579,0.304,1,"HER2+","TRAF3IP1"
0.00316434163348585,1.29744840695012,0.684,0.304,1,"HER2+","RPL3L"
0.00316440482586764,1.68647191408264,0.684,0.391,1,"HER2+","OMA1"
0.00317070956200815,1.39146697957515,0.684,0.348,1,"HER2+","OAS3"
0.00317070956200815,0.493443039775186,0.684,0.348,1,"HER2+","KCNH1"
0.00317070956200815,1.13483075274589,0.658,0.391,1,"HER2+","PYCR3"
0.00317547052812284,1.81731130996353,0.895,0.652,1,"HER2+","LRRC57"
0.00318392424353538,1.85923641959892,0.816,0.696,1,"HER2+","CMBL"
0.00319133915659193,0.815083368007251,0.658,0.261,1,"HER2+","THUMPD2"
0.00319576631971741,2.37917548273406,0.711,0.435,1,"HER2+","IL12RB1"
0.00319576631971741,1.80194986771491,0.711,0.435,1,"HER2+","CD320"
0.00319831046986609,0.879734416019677,0.316,0,1,"HER2+","MKS1"
0.00319831046986609,0.537769163608,0.316,0,1,"HER2+","SYT7"
0.00319831046986609,2.72584381589905,0.316,0,1,"HER2+","ST6GALNAC2"
0.00319831046986609,1.05463439518258,0.316,0,1,"HER2+","TEAD2"
0.00319831046986609,1.88488739217531,0.316,0,1,"HER2+","ZNF184"
0.00319831046986609,1.08989052632749,0.316,0,1,"HER2+","ABL1"
0.00319831046986609,3.07065606447094,0.316,0,1,"HER2+","KDELR3"
0.00319831046986609,1.42251108618489,0.316,0,1,"HER2+","GPR143"
0.00319831046986609,3.92349996763479,0.316,0,1,"HER2+","RASD1"
0.00319831046986609,2.12227064053723,0.316,0,1,"HER2+","KAT2A"
0.00319831046986609,1.53011909706866,0.316,0,1,"HER2+","GAR1"
0.00319831046986609,0.38858341583881,0.316,0,1,"HER2+","ARHGEF17"
0.00319831046986609,3.30929566129529,0.316,0,1,"HER2+","REEP6"
0.00319831046986609,0.941400452858022,0.316,0,1,"HER2+","IGSF21"
0.00319831046986609,2.37780277265609,0.316,0,1,"HER2+","FAAH"
0.00319831046986609,1.12745888531467,0.316,0,1,"HER2+","WDR35"
0.00319831046986609,2.12462107314275,0.316,0,1,"HER2+","RIOK1"
0.00319831046986609,2.04435293969981,0.316,0,1,"HER2+","CHTF18"
0.00319831046986609,0.555878722110952,0.316,0,1,"HER2+","MNX1"
0.00319831046986609,0.533407795843829,0.316,0,1,"HER2+","ANO1"
0.00319831046986609,1.76009651957879,0.316,0,1,"HER2+","HSPBP1"
0.00319831046986609,1.65559680724741,0.316,0,1,"HER2+","USP44"
0.00319831046986609,0.252927135349422,0.316,0,1,"HER2+","SPDYE1"
0.00319831046986609,1.49116090717176,0.316,0,1,"HER2+","SLC44A3"
0.00319831046986609,2.52938729147505,0.316,0,1,"HER2+","EFNA3"
0.00319831046986609,0.342210134489877,0.316,0,1,"HER2+","SLC18B1"
0.00319831046986609,0.536964062841558,0.316,0,1,"HER2+","SURF2"
0.00319831046986609,2.53186197932327,0.316,0,1,"HER2+","TNKS1BP1"
0.00319831046986609,1.64942957419844,0.316,0,1,"HER2+","KAT14"
0.00319831046986609,0.514053211295469,0.316,0,1,"HER2+","CHCHD6"
0.00319831046986609,0.957751523041289,0.316,0,1,"HER2+","ENTR1"
0.00319831046986609,2.22207544382658,0.316,0,1,"HER2+","PACSIN3"
0.00319831046986609,2.17455713484424,0.316,0,1,"HER2+","PPFIBP2"
0.00319831046986609,1.3696205433233,0.316,0,1,"HER2+","GLMN"
0.00319831046986609,1.753191672275,0.316,0,1,"HER2+","IRX5"
0.00319831046986609,0.777317899561149,0.316,0,1,"HER2+","METRNL"
0.00319831046986609,0.525710901713032,0.316,0,1,"HER2+","MEX3D"
0.00319831046986609,2.14535428809994,0.316,0,1,"HER2+","TOP1MT"
0.00319831046986609,0.79970422402642,0.316,0,1,"HER2+","IPO4"
0.00319831046986609,2.20862228941274,0.316,0,1,"HER2+","MB"
0.00319831046986609,1.13354408015157,0.316,0,1,"HER2+","ZDHHC18"
0.00319831046986609,2.24167332340075,0.316,0,1,"HER2+","RPSAP48"
0.00319831046986609,0.770157116929581,0.316,0,1,"HER2+","FDX2"
0.00320087866242643,1.0228871325402,0.526,0.13,1,"HER2+","TRAPPC13"
0.00320578905638135,2.0552876071204,0.789,0.565,1,"HER2+","HSH2D"
0.00321208776455409,2.51992964625954,0.737,0.565,1,"HER2+","WDR55"
0.00321562655485067,0.662780079427597,0.421,0.043,1,"HER2+","HES4"
0.00321854436266956,1.52915868068524,0.842,0.609,1,"HER2+","S100PBP"
0.00321854436266956,2.28346400310934,0.842,0.609,1,"HER2+","FAM83F"
0.00321854436266956,1.82135387284425,0.842,0.609,1,"HER2+","CHRNA7"
0.00321854436266956,2.44185684600824,0.816,0.652,1,"HER2+","SLC25A16"
0.00321862594792713,0.779663710993368,0.526,0.174,1,"HER2+","FRMD1"
0.0032240919845267,1.83858769543567,0.632,0.261,1,"HER2+","GAS2L3"
0.0032240919845267,0.972269166104968,0.605,0.304,1,"HER2+","ESYT3"
0.00323464545968418,1.08715065399286,0.737,0.435,1,"HER2+","PPARGC1B"
0.00323464545968418,2.73965988441492,0.711,0.478,1,"HER2+","KLK10"
0.00323464545968418,1.45437382502567,0.711,0.478,1,"HER2+","CTTNBP2NL"
0.00323464545968418,1.76685890808253,0.711,0.478,1,"HER2+","GINS4"
0.00323524053301497,3.82156594321396,0.421,0.087,1,"HER2+","ENPP5"
0.00324127672862327,1.76973043755237,0.605,0.261,1,"HER2+","COG6"
0.00324127672862327,1.89972930112637,0.605,0.261,1,"HER2+","WARS1"
0.00324146216307952,0.906024121002236,0.605,0.217,1,"HER2+","HEATR6"
0.00324146216307952,2.07510216527878,0.605,0.217,1,"HER2+","FASTKD1"
0.00324295017308777,1.89290674290517,0.895,0.783,1,"HER2+","CERS5"
0.00324730615038766,2.44274619477925,0.816,0.609,1,"HER2+","ACADSB"
0.00326329310162415,2.27112761731196,0.763,0.435,1,"HER2+","FNDC3B"
0.00326329310162415,2.17376647777593,0.763,0.435,1,"HER2+","TFAP4"
0.00326329310162415,1.57747999061395,0.763,0.435,1,"HER2+","EIF4E2"
0.00326329310162415,1.09010340676506,0.763,0.435,1,"HER2+","LRRD1"
0.00326329310162415,1.75046841367995,0.711,0.522,1,"HER2+","ENDOV"
0.00326763294723556,0.889335786117191,0.474,0.13,1,"HER2+","SLC25A14"
0.00326763294723556,0.41456496213949,0.474,0.13,1,"HER2+","OR6C66P"
0.00326959859679014,3.63588716043721,0.789,0.609,1,"HER2+","COX7C"
0.00328213509180281,2.26603319132163,0.737,0.522,1,"HER2+","COL27A1"
0.00328481482582155,0.818761287898254,0.816,0.522,1,"HER2+","PLIN5"
0.00329164984423908,2.17859653284852,0.763,0.522,1,"HER2+","TBL1X"
0.00329164984423908,1.67396338856562,0.763,0.522,1,"HER2+","CAMK1D"
0.00329184526980441,1.39530414038282,0.947,1,1,"HER2+","NUPR1"
0.00329977569615207,0.597693321164054,0.842,0.696,1,"HER2+","CBFA2T2"
0.00329977569615207,1.15652085750691,0.842,0.696,1,"HER2+","KIAA0319L"
0.00330059872927396,1.42205851366168,0.553,0.174,1,"HER2+","CEBPZ"
0.00330709589996648,2.03365551677008,0.711,0.391,1,"HER2+","GYG1"
0.00330709589996648,1.53024296323236,0.684,0.435,1,"HER2+","ZSCAN5A"
0.00330709589996648,5.51703132594229,0.658,0.478,1,"HER2+","XBP1"
0.00330709589996648,3.03699572023456,0.658,0.478,1,"HER2+","RPS4X"
0.00330873303620277,3.25409374039055,0.632,0.348,1,"HER2+","TNFSF10"
0.00331261737272563,2.62634575443035,0.447,0.087,1,"HER2+","ARMC1"
0.00331261737272563,1.20521800146529,0.447,0.087,1,"HER2+","GALNTL5"
0.00332651550958625,3.08995480381103,0.579,0.304,1,"HER2+","NGDN"
0.00332651550958625,3.54258826143354,0.579,0.304,1,"HER2+","ARPC5L"
0.0033268170407907,1.5273161291108,0.684,0.391,1,"HER2+","FAM219B"
0.00332694759973245,2.78494324980266,0.789,0.652,1,"HER2+","SPIN3"
0.00333243788919455,1.48012000006153,0.842,0.739,1,"HER2+","KANK2"
0.00333243788919455,2.56934996258964,0.789,0.826,1,"HER2+","RPL10"
0.00333924015070868,1.94571408281608,0.5,0.13,1,"HER2+","ZBTB21"
0.00334450625448303,2.48784826519761,0.737,0.478,1,"HER2+","PPIG"
0.00335562297280688,1.39397269891676,0.395,0.043,1,"HER2+","PPIH"
0.00335815998257801,3.13936580096654,0.711,0.435,1,"HER2+","STIP1"
0.00336561128448955,2.26298048415377,0.789,0.565,1,"HER2+","GLRX2"
0.00337804212703577,1.86733967484948,0.868,0.565,1,"HER2+","PSMA3"
0.00337804212703577,0.858851627990785,0.842,0.609,1,"HER2+","NFATC2IP"
0.00337804212703577,3.33917915775801,0.789,0.696,1,"HER2+","ANKRD36"
0.00337804212703577,1.87155529805769,0.789,0.696,1,"HER2+","EXOSC6"
0.00339057048858033,1.37210680917281,0.526,0.217,1,"HER2+","RAI1"
0.00339057048858033,4.25757332741742,0.526,0.217,1,"HER2+","MARCKSL1"
0.00339057048858033,2.96707951895543,0.526,0.217,1,"HER2+","DNAJC19"
0.00339797553856061,1.84250564570921,0.553,0.261,1,"HER2+","BCAT2"
0.00339818519773161,1.43353901161663,0.737,0.435,1,"HER2+","H6PD"
0.00341083808422414,1.00781914185913,0.711,0.348,1,"HER2+","DENND5B"
0.00341083808422414,1.65863533128613,0.658,0.435,1,"HER2+","PIK3R2"
0.00341347677156862,1.5309229636454,0.658,0.348,1,"HER2+","HEXD"
0.00341354276870955,2.1153740260336,0.868,0.696,1,"HER2+","ZNF611"
0.00341544439509978,0.472117649447215,0.605,0.217,1,"HER2+","PCDHA9"
0.00342755592989702,1.90474293460562,0.711,0.522,1,"HER2+","MRI1"
0.00342986271751166,1.38766890784091,0.921,0.826,1,"HER2+","SEC62"
0.00343196508678398,1.85411141528549,0.816,0.565,1,"HER2+","GHITM"
0.00343196508678398,1.86879080447797,0.763,0.652,1,"HER2+","QRSL1"
0.00343357110547098,1.23122148432856,0.421,0.087,1,"HER2+","LFNG"
0.00343357110547098,0.320811035271626,0.421,0.087,1,"HER2+","OR2T7"
0.00344214335557735,2.22104147510723,0.684,0.478,1,"HER2+","SMC6"
0.0034467211317804,1.20232084978569,0.789,0.435,1,"HER2+","RARS2"
0.0034467211317804,2.12164642509546,0.711,0.565,1,"HER2+","MRPS10"
0.00344821341384914,1.90614499744354,0.763,0.609,1,"HER2+","FBLIM1"
0.00345618316805853,2.3796432378854,0.763,0.522,1,"HER2+","PM20D2"
0.00345775767328433,1.79144061742335,0.368,0.043,1,"HER2+","CFAP20"
0.00345775767328433,1.44211356489991,0.368,0.043,1,"HER2+","RBFOX2"
0.00345775767328433,2.23773718464535,0.368,0.043,1,"HER2+","UFSP2"
0.00345775767328433,2.32066260619962,0.368,0.043,1,"HER2+","CISD1"
0.00345775767328433,5.42257797124549,0.368,0.043,1,"HER2+","SLPI"
0.00345775767328433,2.89210362513082,0.368,0.043,1,"HER2+","SCRN1"
0.00345775767328433,1.61148787983918,0.368,0.043,1,"HER2+","SEPTIN8"
0.00345775767328433,1.07328288874209,0.368,0.043,1,"HER2+","TBC1D16"
0.00345775767328433,1.49309137085549,0.368,0.043,1,"HER2+","TRMT61B"
0.00345775767328433,2.38117835204355,0.368,0.043,1,"HER2+","IQCB1"
0.00345775767328433,1.68901923823675,0.368,0.043,1,"HER2+","NSUN7"
0.00345775767328433,1.37847497765957,0.368,0.043,1,"HER2+","FAAP100"
0.00345775767328433,1.82127149267187,0.368,0.043,1,"HER2+","EDARADD"
0.00347535038607418,2.14854780096959,0.684,0.435,1,"HER2+","TMEM132A"
0.00347651984176029,2.36490054615501,0.5,0.174,1,"HER2+","HENMT1"
0.00348074817021158,1.99526026704548,0.658,0.304,1,"HER2+","CIAO1"
0.00348074817021158,3.14269347595995,0.632,0.348,1,"HER2+","EEA1"
0.00348074817021158,1.69419119522917,0.632,0.348,1,"HER2+","PLOD3"
0.00348074817021158,2.16413808392839,0.632,0.348,1,"HER2+","PELP1"
0.00348074817021158,5.27831511646156,0.605,0.391,1,"HER2+","UQCRQ"
0.00348850863873123,1.16529964742816,0.579,0.217,1,"HER2+","SPATA7"
0.00348850863873123,1.85991055811546,0.579,0.217,1,"HER2+","CRNKL1"
0.00348850863873123,2.72279080744922,0.579,0.217,1,"HER2+","COPG1"
0.00350040896412583,2.52707512030097,0.632,0.391,1,"HER2+","ZNF543"
0.00350642829587143,2.07886136793592,0.816,0.696,1,"HER2+","RAD1"
0.00351153075167862,1.16402141582176,0.447,0.087,1,"HER2+","EXD2"
0.00351153075167862,1.12372541719949,0.447,0.087,1,"HER2+","LRIG1"
0.00352803424762266,2.50070557859447,0.711,0.435,1,"HER2+","CACNA1D"
0.00353034658793916,2.90807884461329,0.5,0.13,1,"HER2+","ITFG2"
0.00353034658793916,0.253477629411576,0.5,0.13,1,"HER2+","KRT18P59"
0.00353265676966622,1.72493545422302,0.789,0.565,1,"HER2+","MTARC1"
0.00354326717074607,3.36690687172582,0.553,0.217,1,"HER2+","TMED7"
0.00354326717074607,1.15007125869934,0.553,0.217,1,"HER2+","ELF5"
0.00354326717074607,1.87436195510156,0.553,0.217,1,"HER2+","ELAC1"
0.00354470507287901,1.05270767450016,0.842,0.609,1,"HER2+","KATNBL1"
0.00354949425472444,3.29796974244538,0.842,0.826,1,"HER2+","LPIN1"
0.00355144700278555,4.11550340268117,0.447,0.13,1,"HER2+","RND3"
0.00356921894706454,0.812793624028469,0.737,0.435,1,"HER2+","SAMD5"
0.00356934503535963,1.96038138660336,0.868,0.826,1,"HER2+","POLR2J3"
0.00356947276669017,2.44485274636856,0.395,0.043,1,"HER2+","PREX1"
0.00356947276669017,2.01879887210604,0.395,0.043,1,"HER2+","TMEM43"
0.00356947276669017,1.63092729014477,0.395,0.043,1,"HER2+","TMEM184B"
0.00357309385382719,0.787938689574855,0.526,0.13,1,"HER2+","LZTR1"
0.00357666220728445,0.46382646521306,0.816,0.609,1,"HER2+","PRRC2A"
0.00357724522579424,6.94996484531947,0.526,0.217,1,"HER2+","MUCL1"
0.0035812315961367,1.45210099977352,0.553,0.261,1,"HER2+","LRRC27"
0.00358798243267056,1.95976687340891,0.526,0.174,1,"HER2+","TNFRSF10A"
0.0035915681865713,2.51226335209639,0.842,0.652,1,"HER2+","GCNT3"
0.00359788731341255,1.19034386180405,0.605,0.217,1,"HER2+","RPF2"
0.00359931184476202,2.29359374786883,0.711,0.522,1,"HER2+","TAF1D"
0.00360163880973153,3.0481715770335,0.816,0.565,1,"HER2+","PCLAF"
0.00360163880973153,1.23304314429517,0.789,0.609,1,"HER2+","THADA"
0.00361878599163098,1.55210160644955,0.737,0.522,1,"HER2+","MED9"
0.00361878599163098,1.31025187983873,0.737,0.522,1,"HER2+","CAPN12"
0.00361878599163098,2.13097290888357,0.711,0.565,1,"HER2+","PCNX1"
0.00362803083954348,2.50863786176773,0.816,0.478,1,"HER2+","ABHD11"
0.00362816866864243,0.852403603952191,0.816,0.435,1,"HER2+","DPH6"
0.00362816866864243,1.9972724254094,0.763,0.522,1,"HER2+","SLC3A1"
0.00362816866864243,2.03415294700807,0.763,0.522,1,"HER2+","GGPS1"
0.0036324758555948,1.63272715322635,0.842,0.696,1,"HER2+","GNPTG"
0.0036324758555948,2.08786275691029,0.842,0.696,1,"HER2+","HCAR1"
0.00364290887663903,3.18238901428962,0.421,0.087,1,"HER2+","DELE1"
0.00364290887663903,2.35275157577878,0.421,0.087,1,"HER2+","DHX32"
0.00364290887663903,3.88444417101419,0.421,0.087,1,"HER2+","ST14"
0.00364290887663903,1.30879802323619,0.421,0.087,1,"HER2+","TRIM26"
0.0036513601864365,2.47313673218603,0.684,0.435,1,"HER2+","CTDSPL2"
0.00365789308109507,2.57063558924355,0.474,0.13,1,"HER2+","NSF"
0.00365789308109507,1.69368950164008,0.474,0.13,1,"HER2+","ACAD9"
0.00365789308109507,0.353625176942581,0.474,0.13,1,"HER2+","RD3"
0.00368285780877842,2.99621421812206,0.368,0.043,1,"HER2+","TFAP2C"
0.00368285780877842,3.19753955652159,0.368,0.043,1,"HER2+","PODXL2"
0.00368285780877842,1.51018978672732,0.368,0.043,1,"HER2+","EPAS1"
0.00368285780877842,1.11401594621957,0.368,0.043,1,"HER2+","SLC12A4"
0.00368285780877842,2.45935175748438,0.368,0.043,1,"HER2+","CBR3"
0.00368285780877842,1.79376641387874,0.368,0.043,1,"HER2+","DNAAF2"
0.00368285780877842,1.04424112331128,0.368,0.043,1,"HER2+","ZNF703"
0.00368285780877842,1.54497017908417,0.368,0.043,1,"HER2+","MAP3K3"
0.00368285780877842,2.44918913871215,0.368,0.043,1,"HER2+","CKMT1B"
0.0036846171464723,1.15658040693867,0.711,0.304,1,"HER2+","SCUBE3"
0.0036846171464723,2.28308576767006,0.684,0.348,1,"HER2+","OSBPL9"
0.0036846171464723,2.2823632987763,0.632,0.435,1,"HER2+","NDUFB7"
0.00368809310296853,2.09918153040386,0.737,0.478,1,"HER2+","RNF141"
0.00368809310296853,1.87244336078454,0.737,0.478,1,"HER2+","ZNF568"
0.0036882710137356,1.31084212310638,0.579,0.304,1,"HER2+","WDR54"
0.00370569181182063,1.77906863125445,0.711,0.435,1,"HER2+","CHN2"
0.00371704819378372,0.961714256550084,0.789,0.478,1,"HER2+","CEACAM19"
0.00371704819378372,1.78230948296282,0.737,0.565,1,"HER2+","ASCC1"
0.00371881594426623,0.261872909064485,0.816,0.652,1,"HER2+","RASEF"
0.00373550209480667,1.72366294831614,0.553,0.217,1,"HER2+","PUS7"
0.00373550209480667,3.14577150461122,0.526,0.261,1,"HER2+","EMC7"
0.00374804826645882,1.51928907644279,0.737,0.435,1,"HER2+","DHX57"
0.00374804826645882,3.05575263288169,0.711,0.478,1,"HER2+","PRKX"
0.00375248634073244,1.3529859666537,0.816,0.609,1,"HER2+","IRAK1BP1"
0.00375974882824453,2.27185861085852,0.447,0.13,1,"HER2+","HDHD5"
0.00375974882824453,2.93960138619929,0.447,0.13,1,"HER2+","ERMP1"
0.00375974882824453,0.34470521149694,0.447,0.13,1,"HER2+","RPS2P17"
0.00376658968775995,1.28656156610378,0.711,0.348,1,"HER2+","MVB12A"
0.00376658968775995,1.74686113108641,0.658,0.435,1,"HER2+","IFT56"
0.00376751316957435,1.97268619398508,0.842,0.652,1,"HER2+","HEMK1"
0.00377343010377746,2.21073695512943,0.658,0.348,1,"HER2+","OAS1"
0.00377343435069355,2.15022624941619,0.553,0.261,1,"HER2+","RPL26L1"
0.00377359873166627,0.527463006733638,0.526,0.13,1,"HER2+","CES2"
0.00377886093541855,2.24087389949926,0.763,0.435,1,"HER2+","SNAPC3"
0.00378264442314919,1.50623641682027,0.947,0.826,1,"HER2+","TXNL4A"
0.00378413008662338,2.01554094875844,0.605,0.261,1,"HER2+","RFTN2"
0.00378915203514026,1.78396034685036,0.579,0.261,1,"HER2+","TFAM"
0.00379564957074707,1.40866262204947,0.395,0.043,1,"HER2+","NUBP1"
0.00379564957074707,1.81640868437486,0.395,0.043,1,"HER2+","ABT1"
0.00379836638998451,1.04628769076416,0.947,1,1,"HER2+","HNRNPA2B1"
0.00379862798954558,1.12062573700106,0.763,0.478,1,"HER2+","DAGLB"
0.00379862798954558,1.84670768554312,0.763,0.478,1,"HER2+","ZNF567"
0.00380728222122905,1.59428955649689,0.789,0.522,1,"HER2+","RAB3IP"
0.00381001701993631,1.96761736293779,0.868,0.652,1,"HER2+","KANTR"
0.00383543898680042,0.958205269439523,0.737,0.348,1,"HER2+","ZNF619"
0.00384331252119901,3.13755404548738,0.789,0.652,1,"HER2+","SGO2"
0.00384667038047768,1.66682282486258,0.842,0.739,1,"HER2+","TRIM41"
0.00386064408105144,3.23971259972011,0.632,0.478,1,"HER2+","NEDD9"
0.00386064408105144,4.03577099392979,0.632,0.478,1,"HER2+","CCT5"
0.00386378945297054,2.23030374760364,0.421,0.087,1,"HER2+","BBS4"
0.00386378945297054,2.48121533561914,0.421,0.087,1,"HER2+","MOCS2"
0.00386378945297054,0.780932419697812,0.421,0.087,1,"HER2+","CD300LD"
0.00386851013056478,0.426113984181596,0.474,0.13,1,"HER2+","OR7E14P"
0.00386851013056478,2.2858553865203,0.474,0.13,1,"HER2+","UCKL1"
0.00386865064101159,5.39239371423851,0.632,0.391,1,"HER2+","DBI"
0.00387300984503627,0.456904342533926,0.579,0.217,1,"HER2+","ULBP1"
0.00387784449330691,1.93891884546169,0.842,0.783,1,"HER2+","EFHC1"
0.00388957404846684,1.58686983679406,0.789,0.565,1,"HER2+","HES2"
0.00388957404846684,1.55123619773767,0.789,0.565,1,"HER2+","PRRG4"
0.00388957404846684,1.88983481630868,0.789,0.565,1,"HER2+","NEGR1"
0.00388957404846684,1.07484027706318,0.789,0.565,1,"HER2+","BRF1"
0.00388957404846684,2.00718824572176,0.737,0.652,1,"HER2+","NDUFA1"
0.00390066669803814,1.50414184571448,0.842,0.609,1,"HER2+","SNF8"
0.00390066669803814,1.69311733058917,0.816,0.652,1,"HER2+","PRORP"
0.0039007704976919,1.01614138326158,0.789,0.478,1,"HER2+","DHRS1"
0.0039007704976919,1.56575412367941,0.737,0.565,1,"HER2+","MAPK3"
0.00391080801223793,0.387701024819863,0.658,0.261,1,"HER2+","LLGL1"
0.00392120362149935,2.27036280630771,0.368,0.043,1,"HER2+","ADCK2"
0.00392120362149935,1.19324306620584,0.368,0.043,1,"HER2+","ACOT4"
0.00392120362149935,0.472361567420162,0.368,0.043,1,"HER2+","FANK1"
0.0039349847289522,1.24644499743985,0.737,0.435,1,"HER2+","ZFP64"
0.0039349847289522,2.89777741393238,0.737,0.435,1,"HER2+","WDR19"
0.0039349847289522,2.56707374913393,0.711,0.478,1,"HER2+","RTF1"
0.0039349847289522,2.33086663354924,0.684,0.522,1,"HER2+","CXXC5"
0.00393717085940857,4.19375965919526,0.553,0.217,1,"HER2+","CKS2"
0.00393717085940857,1.11621967053336,0.526,0.261,1,"HER2+","WDR70"
0.00394230323595616,1.24614697162071,0.447,0.087,1,"HER2+","SLC41A3"
0.00394230323595616,1.11207660672467,0.447,0.087,1,"HER2+","CPT1B"
0.00394271010805584,1.62614321589549,0.5,0.13,1,"HER2+","RGP1"
0.00395125710937383,2.06659413670378,0.842,0.652,1,"HER2+","OR7C1"
0.0039558206504888,1.78615065980538,0.605,0.304,1,"HER2+","SUV39H2"
0.0039558206504888,2.44313458518219,0.605,0.304,1,"HER2+","CLSTN1"
0.00395594157912853,1.78502784383524,0.947,0.783,1,"HER2+","FAM120AOS"
0.0039640722966413,1.85442689052836,0.816,0.565,1,"HER2+","GLRX3"
0.00396604898845931,1.80459998732968,0.658,0.348,1,"HER2+","STEAP2"
0.00396604898845931,0.524010828483711,0.658,0.348,1,"HER2+","RNF152"
0.00396651320434098,1.47502078062231,0.711,0.522,1,"HER2+","BLOC1S3"
0.00398267136642043,0.614146873091515,0.605,0.261,1,"HER2+","TLCD5"
0.00398377744276504,2.21521906773446,0.763,0.609,1,"HER2+","TCEANC2"
0.00398655525598258,1.11980359539681,0.789,0.435,1,"HER2+","MGAT1"
0.00398655525598258,0.434766156936814,0.737,0.522,1,"HER2+","NAA15"
0.00398745894392692,1.98138175032567,0.684,0.478,1,"HER2+","TM9SF1"
0.00398961238568175,0.653239717979021,0.605,0.217,1,"HER2+","ERLIN1"
0.00399454526696197,1.87871110829487,0.737,0.609,1,"HER2+","RXYLT1"
0.00399540835776058,2.04344243927796,0.842,0.696,1,"HER2+","FNTA"
0.00399540835776058,2.23870308028715,0.816,0.739,1,"HER2+","TBC1D1"
0.00399550155336761,2.42604842218957,0.5,0.217,1,"HER2+","TOR1B"
0.00401041618682264,1.72498216352615,0.632,0.304,1,"HER2+","TEP1"
0.00401041618682264,2.39152461511996,0.632,0.304,1,"HER2+","CDH18"
0.00402791092851049,1.25570739442553,0.711,0.391,1,"HER2+","SNX30"
0.00402791092851049,1.28008599218566,0.711,0.391,1,"HER2+","APOBEC3D"
0.00402791092851049,3.43346697800287,0.658,0.478,1,"HER2+","CCT8"
0.00403098201383794,2.21566914235943,0.842,0.565,1,"HER2+","ZBTB8B"
0.00403098201383794,1.89095544276911,0.789,0.652,1,"HER2+","RGPD5"
0.00403347865149287,2.6502521163337,0.842,0.739,1,"HER2+","CEP43"
0.00403477548042592,1.60773442461175,0.395,0.043,1,"HER2+","TRIM3"
0.00403477548042592,1.08970654731594,0.395,0.043,1,"HER2+","ZNF711"
0.00403477548042592,2.6028695222359,0.395,0.043,1,"HER2+","EFNA1"
0.0040467488591609,1.52462642370554,0.658,0.304,1,"HER2+","ABCC6"
0.00406347767310333,1.62295208745817,0.737,0.478,1,"HER2+","TMC7"
0.00406347767310333,1.83375139216823,0.737,0.478,1,"HER2+","HAP1"
0.00406566885006808,0.903768531441942,0.684,0.304,1,"HER2+","CCNB3P1"
0.00406585520764358,1.98660567107851,0.868,0.739,1,"HER2+","GUSB"
0.00406813344211509,1.85082136375079,0.684,0.348,1,"HER2+","SLC46A1"
0.00406813344211509,0.655090155260345,0.684,0.348,1,"HER2+","RPS2P45"
0.00406813344211509,1.6542001088775,0.658,0.391,1,"HER2+","MATK"
0.00408004783410519,2.19445389902836,0.789,0.565,1,"HER2+","CPT2"
0.00408561843617074,1.94757791269822,0.711,0.435,1,"HER2+","HAUS8"
0.00408561843617074,1.64027026491935,0.711,0.435,1,"HER2+","CCDC66"
0.00408561843617074,1.34055713171604,0.711,0.435,1,"HER2+","PCDHB13"
0.00409008639810459,0.868995273310365,0.474,0.13,1,"HER2+","PLAT"
0.00409008639810459,2.86083114054169,0.474,0.13,1,"HER2+","ABCF3"
0.00409055871320654,2.37984864940798,0.816,0.652,1,"HER2+","CCDC30"
0.00409357233702087,2.99702073425691,0.5,0.174,1,"HER2+","UFL1"
0.00409357233702087,0.883302197483142,0.5,0.174,1,"HER2+","OR52B5P"
0.00409676989138364,2.7629598653526,0.421,0.087,1,"HER2+","ERI3"
0.00409676989138364,1.16817944535126,0.421,0.087,1,"HER2+","JMJD7-PLA2G4B"
0.00409676989138364,0.681586490738613,0.421,0.087,1,"HER2+","PLEKHG5"
0.00411232225961427,1.41271831240651,0.605,0.348,1,"HER2+","NANOS1"
0.00411232225961427,2.99505533016222,0.605,0.348,1,"HER2+","ZNF600"
0.00413035015343623,3.07533689752039,0.711,0.478,1,"HER2+","EVI5"
0.00413035015343623,1.90767941041324,0.711,0.478,1,"HER2+","NAAA"
0.00413035015343623,2.0061026967431,0.684,0.522,1,"HER2+","PER2"
0.00414695398513292,1.9002992488065,0.921,0.826,1,"HER2+","PPHLN1"
0.00414867868017728,1.78863647704792,0.553,0.217,1,"HER2+","LY75"
0.00415574976684419,1.2163740620626,0.711,0.348,1,"HER2+","NR2C1"
0.00415574976684419,0.777393276418142,0.711,0.348,1,"HER2+","ARL9"
0.00415574976684419,2.4541733911073,0.658,0.435,1,"HER2+","CDCP1"
0.00415574976684419,1.95021834912812,0.658,0.435,1,"HER2+","ZNF609"
0.00415574976684419,1.66909282512272,0.658,0.435,1,"HER2+","TMEM106A"
0.00415743797258136,1.33956093410019,0.842,0.522,1,"HER2+","COX17"
0.00415743797258136,1.87508379600614,0.816,0.565,1,"HER2+","VEZT"
0.00415743797258136,2.30154381597924,0.789,0.609,1,"HER2+","TPR"
0.00416090309914097,2.838157224804,0.632,0.261,1,"HER2+","EDEM3"
0.00416090309914097,2.40367976945147,0.632,0.261,1,"HER2+","POU2F3"
0.00416090309914097,0.711442921617941,0.632,0.261,1,"HER2+","SPATA31C1"
0.00416090309914097,0.729875522017529,0.605,0.304,1,"HER2+","PBOV1"
0.00416258879496125,1.62600498782243,0.763,0.435,1,"HER2+","EFCAB3"
0.00416488303369384,3.57586937607808,0.474,0.174,1,"HER2+","TMEM141"
0.00416755465122769,1.89473849091103,0.658,0.348,1,"HER2+","CHMP7"
0.00416755465122769,1.21439563090754,0.658,0.348,1,"HER2+","GPX8"
0.00416755465122769,1.87696613875953,0.658,0.348,1,"HER2+","KCTD6"
0.00416755465122769,1.12639243989781,0.658,0.348,1,"HER2+","KCNG4"
0.00416755465122769,1.32932206454283,0.658,0.348,1,"HER2+","TOP3A"
0.00417347672257807,1.45296604037039,0.368,0.043,1,"HER2+","CUL7"
0.00417347672257807,2.5636315266741,0.368,0.043,1,"HER2+","TRIB2"
0.00417347672257807,1.84657353723566,0.368,0.043,1,"HER2+","TCTN3"
0.00417347672257807,1.76836416680151,0.368,0.043,1,"HER2+","GTPBP6"
0.00417347672257807,1.76581120495544,0.368,0.043,1,"HER2+","CITED4"
0.00417347672257807,1.77026833600842,0.368,0.043,1,"HER2+","LOC102724428"
0.00417521216344928,2.19912947035238,0.447,0.087,1,"HER2+","MRFAP1L1"
0.00417842498645031,2.65029598613083,0.763,0.609,1,"HER2+","CPLANE1"
0.00418596601531158,1.26657948555408,0.737,0.391,1,"HER2+","LIN28A"
0.00418622465125278,2.58857453338398,0.553,0.261,1,"HER2+","IMP3"
0.00418895369151708,1.25574503673506,0.895,0.609,1,"HER2+","LSM8"
0.00418895369151708,1.21519984987051,0.868,0.652,1,"HER2+","PPARA"
0.00418895369151708,2.19137094660488,0.842,0.696,1,"HER2+","XKR9"
0.0041906256734755,0.589928152276806,0.605,0.261,1,"HER2+","ARHGAP19"
0.00419184973970176,1.7292068967231,0.711,0.609,1,"HER2+","TBC1D32"
0.00419965520937495,2.93765907467698,0.579,0.261,1,"HER2+","SEC13"
0.00420558136340609,1.04979878869548,0.526,0.13,1,"HER2+","ANKRD46"
0.00421000136349066,1.43701427763344,0.447,0.13,1,"HER2+","HECTD2"
0.00421463456919485,2.84863512866117,0.526,0.174,1,"HER2+","TNNT1"
0.00421657269142245,1.16956247727971,0.632,0.304,1,"HER2+","OR9K1P"
0.00422911085005593,2.504165532112,0.684,0.435,1,"HER2+","MEGF9"
0.00422911085005593,1.94083755378667,0.658,0.478,1,"HER2+","CFAP36"
0.00424216082978211,1.27831959092903,0.868,0.609,1,"HER2+","DDA1"
0.00425322148913366,1.59858573932647,0.632,0.348,1,"HER2+","RASL10B"
0.00426388820982848,2.1122280353281,0.737,0.478,1,"HER2+","DDX23"
0.00427175154694245,2.85319510567862,0.632,0.391,1,"HER2+","RPS6KA6"
0.00427175154694245,2.6675347372354,0.632,0.391,1,"HER2+","PSME2"
0.00429316948383154,2.15016968899371,0.789,0.478,1,"HER2+","NME4"
0.00429316948383154,1.70666098888034,0.737,0.565,1,"HER2+","ITPRIPL2"
0.00429316948383154,4.68376463809623,0.684,0.652,1,"HER2+","TMSB10"
0.0043065713545437,0.45468473493959,0.553,0.174,1,"HER2+","TMSB15B"
0.00432036346696788,1.53511595269012,0.5,0.174,1,"HER2+","DNAJC30"
0.00432312026461646,1.03399006996394,0.474,0.13,1,"HER2+","TSGA13"
0.00432916182031837,1.07690091202609,0.868,0.696,1,"HER2+","SSU72"
0.00433185608717367,1.47012933056791,0.947,0.739,1,"HER2+","PDE12"
0.00434242929317764,2.16945653351483,0.421,0.087,1,"HER2+","MED23"
0.00434242929317764,1.87911568854915,0.421,0.087,1,"HER2+","GMDS"
0.00434242929317764,2.48372422056129,0.421,0.087,1,"HER2+","PXMP2"
0.00435932313258696,1.82577016541537,0.789,0.609,1,"HER2+","TCTN2"
0.00435932313258696,0.92527549313111,0.789,0.609,1,"HER2+","MYL6B"
0.00436370379586918,1.40229791220594,0.658,0.435,1,"HER2+","CHRNA5"
0.00437044504041556,0.424968285595789,0.553,0.217,1,"HER2+","SPATA31A7"
0.00437558592033467,1.91180590266512,0.605,0.304,1,"HER2+","ERLEC1"
0.00437830543000838,1.09045371253399,0.658,0.348,1,"HER2+","SLIRP-OT1"
0.00437830543000838,2.24446579668931,0.658,0.348,1,"HER2+","COPS8"
0.00438166177761774,0.991183954944563,0.816,0.522,1,"HER2+","SLC30A9"
0.00438166177761774,1.27857985834599,0.816,0.522,1,"HER2+","HNRNPM"
0.00438166177761774,1.85854334890692,0.816,0.522,1,"HER2+","PPIL3"
0.00438794852313506,1.44966550752074,0.789,0.435,1,"HER2+","MIR9-1HG"
0.00438794852313506,1.77716681082735,0.763,0.478,1,"HER2+","KLC1"
0.00438794852313506,2.58747690110713,0.737,0.522,1,"HER2+","BRD8"
0.00438794852313506,1.37531686654235,0.737,0.522,1,"HER2+","HSD11B1L"
0.00439207455011218,1.86079809978202,0.868,0.783,1,"HER2+","THOC5"
0.00439339703042043,1.48151419109566,0.684,0.478,1,"HER2+","NAALADL2"
0.00439437007326236,1.15635207208927,0.789,0.522,1,"HER2+","CNTN2"
0.00439437007326236,1.70423907408481,0.789,0.522,1,"HER2+","C3orf62"
0.00439437007326236,1.94907336780754,0.763,0.565,1,"HER2+","MRE11"
0.00439835570111756,1.37187824528094,0.5,0.13,1,"HER2+","OXNAD1"
0.00440838293001551,0.747159290610998,0.605,0.261,1,"HER2+","UBE3D"
0.00440838293001551,2.07701110871114,0.605,0.261,1,"HER2+","MDFIC"
0.00440838293001551,1.64167721873218,0.605,0.261,1,"HER2+","SMN1"
0.00441968068107092,1.17213305541685,0.605,0.217,1,"HER2+","CCDC15"
0.00442053689946054,1.97415969146768,0.447,0.087,1,"HER2+","LSM6"
0.00443200623703312,2.2877209955961,0.842,0.739,1,"HER2+","TUT4"
0.00443229633835128,2.75381572335317,0.632,0.304,1,"HER2+","SLC25A32"
0.00444038744087497,2.60815844115458,0.368,0.043,1,"HER2+","METTL13"
0.00444038744087497,2.29738835889527,0.368,0.043,1,"HER2+","AKAP1"
0.00444038744087497,1.33046308545712,0.368,0.043,1,"HER2+","TP53I13"
0.00444038744087497,3.30095365887832,0.368,0.043,1,"HER2+","LRRC45"
0.00444038744087497,2.91580901032988,0.368,0.043,1,"HER2+","ARHGEF37"
0.00444461406505304,2.06070814431016,0.526,0.174,1,"HER2+","LIG3"
0.00444461406505304,1.45859708089837,0.526,0.174,1,"HER2+","MRPL23"
0.00444461406505304,2.25152211598416,0.5,0.217,1,"HER2+","USP40"
0.00445299607750706,0.351429086427911,0.447,0.13,1,"HER2+","LZTS1"
0.00446690242588167,2.05153430945186,0.868,0.739,1,"HER2+","WTIP"
0.00446920326131529,1.6270288684835,0.632,0.348,1,"HER2+","NHLRC3"
0.00447117901925212,1.63619977862172,0.684,0.391,1,"HER2+","LTBP3"
0.00447322179726949,1.53589762430347,0.737,0.478,1,"HER2+","MYO15A"
0.00449610178217448,2.24825444627123,0.947,0.652,1,"HER2+","C12orf50"
0.00450056798179164,1.61465517307198,0.711,0.435,1,"HER2+","KCTD19"
0.00450056798179164,1.34545983813427,0.711,0.435,1,"HER2+","ZNF197"
0.00452106311304831,1.16926725558446,0.579,0.304,1,"HER2+","TBC1D12"
0.00452106311304831,2.09839042680427,0.579,0.304,1,"HER2+","C1orf35"
0.00453930176158529,2.20487396111451,0.842,0.913,1,"HER2+","GOSR1"
0.0045438663642304,2.27005771890383,0.658,0.261,1,"HER2+","ACADM"
0.0045438663642304,4.81956811595961,0.605,0.348,1,"HER2+","ELOVL5"
0.0045438663642304,3.15678565561743,0.605,0.348,1,"HER2+","ERG28"
0.0045477077873848,1.46991695220505,0.737,0.435,1,"HER2+","CDH13"
0.00455449254694963,0.464995294867886,0.395,0.043,1,"HER2+","AGAP5"
0.00457005543546602,1.57677330547195,0.789,0.609,1,"HER2+","GCNT2"
0.00457005543546602,2.11308646767132,0.789,0.609,1,"HER2+","ZNF587"
0.00458104722398836,1.87642615252342,0.711,0.348,1,"HER2+","SMAGP"
0.00458104722398836,1.55154778210877,0.658,0.435,1,"HER2+","KCNA7"
0.00458104722398836,1.29388560402814,0.658,0.435,1,"HER2+","MIER2"
0.00458134259015381,1.35344811117187,0.763,0.435,1,"HER2+","MYCBPAP"
0.00459867146741519,1.9044035971484,0.658,0.348,1,"HER2+","ZNF84"
0.00460026125834003,1.4998068167234,0.605,0.304,1,"HER2+","DCUN1D2"
0.00460026125834003,1.2326254856458,0.605,0.304,1,"HER2+","TMA16"
0.00460136939962102,1.36918856764386,0.421,0.087,1,"HER2+","GRIP1"
0.00460208186629152,1.87129536971689,0.789,0.435,1,"HER2+","MROH7"
0.00460208186629152,2.2267355891212,0.763,0.478,1,"HER2+","MAP3K12"
0.00460208186629152,0.32990298664171,0.763,0.478,1,"HER2+","NOCT"
0.00460235640040969,1.07138237337312,0.921,0.696,1,"HER2+","NUP42"
0.00460235640040969,2.21861251260992,0.816,0.87,1,"HER2+","RPS27"
0.00460290403333951,2.52887811132543,0.553,0.217,1,"HER2+","MLH1"
0.00460290403333951,0.9478135831643,0.553,0.217,1,"HER2+","RPH3AL"
0.00460758903360504,1.15645993023735,0.789,0.522,1,"HER2+","ZZZ3"
0.00460758903360504,2.05950628008105,0.763,0.565,1,"HER2+","ABCD4"
0.00460758903360504,2.22401960985086,0.737,0.609,1,"HER2+","ETFDH"
0.00461010206571116,1.20213278477079,0.737,0.391,1,"HER2+","ADPGK"
0.00461059292475469,1.22484762555535,0.763,0.522,1,"HER2+","KDM2B"
0.00463634624667388,0.835452012745775,0.605,0.261,1,"HER2+","XNDC1N"
0.00463957243848075,2.58758680992685,0.553,0.261,1,"HER2+","NDUFS6"
0.00463957243848075,1.87759117702617,0.553,0.261,1,"HER2+","ZNF783"
0.00464362928423695,0.325566262351058,0.5,0.13,1,"HER2+","EID2B"
0.00464362928423695,0.815206355203198,0.474,0.174,1,"HER2+","PABPC1L"
0.00465010261824308,1.06534878793677,0.579,0.261,1,"HER2+","DNAJB13"
0.00465908892561433,1.94953375787087,0.684,0.435,1,"HER2+","PPP1R12B"
0.00465908892561433,2.03473032922647,0.684,0.435,1,"HER2+","HMGCS1"
0.00465908892561433,1.44329994593586,0.684,0.435,1,"HER2+","AP3S2"
0.00468057925106161,1.97012925254213,0.868,0.739,1,"HER2+","PAPOLA"
0.00468677466569131,1.34264725026108,0.921,0.957,1,"HER2+","CALCOCO2"
0.00469182493097328,2.12469227494164,0.737,0.478,1,"HER2+","NUP88"
0.00469335495179768,1.43109607707398,0.684,0.391,1,"HER2+","NUP133"
0.00469507608030785,1.94726354238644,0.658,0.304,1,"HER2+","CROT"
0.00469507608030785,0.805958311648411,0.658,0.304,1,"HER2+","RNA5-8SP6"
0.00470863201070518,0.976611287905376,0.447,0.13,1,"HER2+","SALL4"
0.00470863201070518,1.15385917697842,0.447,0.13,1,"HER2+","TRAK1"
0.00471088006200679,1.37284137224029,0.895,0.739,1,"HER2+","AGO3"
0.00471160476082307,0.253315634294194,0.658,0.391,1,"HER2+","SOCS7"
0.00471164186363204,1.72886675205853,0.868,0.565,1,"HER2+","TMEM154"
0.00472267564529931,2.18907120820126,0.368,0.043,1,"HER2+","HPF1"
0.00472267564529931,2.57251348447199,0.368,0.043,1,"HER2+","FIGNL1"
0.00472267564529931,0.424307508298858,0.368,0.043,1,"HER2+","TMEM132B"
0.00472267564529931,2.10702063904137,0.368,0.043,1,"HER2+","SMCO4"
0.00472267564529931,1.66277997449735,0.368,0.043,1,"HER2+","ZNF467"
0.00473575387308293,2.5932931212632,0.921,0.739,1,"HER2+","P4HB"
0.00475396141553641,1.88252415248736,0.868,0.696,1,"HER2+","SUDS3"
0.00477039695647524,1.32036021712573,0.711,0.478,1,"HER2+","ASXL1"
0.00477467081199785,0.902618680903143,0.658,0.261,1,"HER2+","CATSPERB"
0.00477467081199785,1.99591868565554,0.658,0.261,1,"HER2+","TOMM70"
0.00478149017954899,2.09883655229153,0.553,0.174,1,"HER2+","ARHGAP9"
0.00478997280686381,2.5355422683108,0.789,0.609,1,"HER2+","COL8A1"
0.00481523666568282,1.0889301635163,0.763,0.609,1,"HER2+","ZNF839"
0.00482563561322164,2.06148011634956,0.763,0.478,1,"HER2+","EYS"
0.00482564739916605,0.30184191282779,0.474,0.13,1,"HER2+","IRF4"
0.00482564739916605,0.313068814832438,0.474,0.13,1,"HER2+","CFAP300"
0.00482903497246465,2.13383736610227,0.658,0.348,1,"HER2+","PAK1"
0.00483013449574628,1.89750288400709,0.737,0.609,1,"HER2+","IGF2R"
0.0048338608653696,1.81154638624618,0.816,0.435,1,"HER2+","TMEM87A"
0.00483533429846097,1.08846757524341,0.632,0.261,1,"HER2+","TLR3"
0.00483533429846097,2.97318733113647,0.605,0.304,1,"HER2+","MLF2"
0.00483533429846097,1.22481043168102,0.605,0.304,1,"HER2+","DCAF4"
0.00483533429846097,2.43096733231178,0.605,0.304,1,"HER2+","PGAP1"
0.00483645963657616,0.993720170253654,0.395,0.043,1,"HER2+","ARHGAP11A"
0.00484650470457883,0.418812256979963,0.553,0.217,1,"HER2+","ADAMTSL5"
0.004867721511551,1.80419147890884,0.842,0.565,1,"HER2+","CHEK2"
0.004867721511551,1.9081880638062,0.842,0.565,1,"HER2+","CXorf38"
0.00487421518826295,2.16863242475404,0.421,0.087,1,"HER2+","ALG2"
0.00487421518826295,1.3019540214485,0.421,0.087,1,"HER2+","GAS8"
0.00487493222216429,0.906408161670218,0.605,0.261,1,"HER2+","ZNF2"
0.00489134879323733,1.92643722158534,0.579,0.261,1,"HER2+","FAM234A"
0.0048940068526122,1.47930259651678,0.632,0.304,1,"HER2+","NCF1"
0.00490122303647227,1.14833820377756,0.5,0.13,1,"HER2+","PEX7"
0.00490122303647227,1.89193242171357,0.5,0.13,1,"HER2+","TMEM243"
0.00490122303647227,2.27954424782142,0.474,0.174,1,"HER2+","TMEM267"
0.00490739805530888,3.13128105949831,0.526,0.217,1,"HER2+","WASHC5"
0.00492005504776568,1.70422075999602,0.737,0.478,1,"HER2+","HMGB3P29"
0.00492547883834471,1.74583535678125,0.684,0.391,1,"HER2+","ZMAT1"
0.00493123432106953,1.19528162867495,0.632,0.348,1,"HER2+","SYP"
0.00493123432106953,1.12404756051754,0.632,0.348,1,"HER2+","ZNF526"
0.00493123432106953,1.22364018130012,0.632,0.348,1,"HER2+","CD34"
0.0049390012660715,0.93812861908838,0.526,0.174,1,"HER2+","PREX2"
0.00494808857945618,0.500502630940858,0.684,0.304,1,"HER2+","ADAM29"
0.00494808857945618,2.02724527683209,0.632,0.391,1,"HER2+","ZNF551"
0.00495334177274404,2.20343490007652,0.711,0.435,1,"HER2+","GTSE1"
0.00495334177274404,1.66553195799623,0.711,0.435,1,"HER2+","BICDL1"
0.00495334177274404,1.59206953956429,0.711,0.435,1,"HER2+","ZNF716"
0.00497748129541029,1.44011307286921,0.447,0.13,1,"HER2+","MYH10"
0.00498020582626836,1.94767774341741,0.816,0.783,1,"HER2+","MDM4"
0.00498268332850943,1.26697199082424,0.868,0.522,1,"HER2+","ZNF529"
0.00498268332850943,1.67619632662837,0.816,0.609,1,"HER2+","ZNF8"
0.00499789697602865,2.39457055864954,0.789,0.739,1,"HER2+","RAD51C"
0.0049983426559168,1.59158775341533,0.579,0.304,1,"HER2+","PIK3C2B"
0.00500290947258423,1.26198366541876,0.737,0.435,1,"HER2+","TMC5"
0.00500290947258423,2.22710420379268,0.684,0.522,1,"HER2+","OBSL1"
0.00500290947258423,1.90462678425418,0.684,0.522,1,"HER2+","PHYHD1"
0.00501832136843314,1.55963565915744,0.947,0.87,1,"HER2+","CISD2"
0.0050211115677293,0.296545558345154,0.368,0.043,1,"HER2+","PODXL"
0.00502950408921235,2.58187913987281,0.395,0.087,1,"HER2+","LRP2"
0.00502950408921235,3.0464946691415,0.395,0.087,1,"HER2+","DNPH1"
0.00503789497184734,2.14111512769509,0.711,0.522,1,"HER2+","KANK1"
0.0050453917985819,2.72172372927908,0.658,0.435,1,"HER2+","ANKFY1"
0.00505109308455198,1.18852067700294,0.895,0.609,1,"HER2+","REX1BD"
0.00505897032650604,2.40665367057122,0.763,0.478,1,"HER2+","AHSA1"
0.00505897032650604,1.21187357012669,0.763,0.478,1,"HER2+","PSMD3"
0.00505897032650604,1.25377844310726,0.737,0.522,1,"HER2+","DBP"
0.00505897032650604,1.69444263650648,0.737,0.522,1,"HER2+","NADK2"
0.00506236138388561,3.1936224177533,0.789,0.522,1,"HER2+","SOX6"
0.00506236138388561,2.14928245717332,0.789,0.522,1,"HER2+","ACBD7"
0.00506979048213313,2.3592355521617,0.658,0.348,1,"HER2+","BLCAP"
0.00507279064468892,1.95674997673239,0.684,0.478,1,"HER2+","KIAA1549"
0.00507279064468892,1.84016496838955,0.684,0.478,1,"HER2+","ZNF585A"
0.00509623190318677,1.76908577454079,0.474,0.13,1,"HER2+","PLEKHS1"
0.00509623190318677,2.77397200553379,0.474,0.13,1,"HER2+","TET3"
0.00510171139447551,1.91697321906413,0.553,0.217,1,"HER2+","ABCA2"
0.00510171139447551,2.71110613879022,0.526,0.261,1,"HER2+","ANKRD26"
0.00511527339594115,1.76863479423702,0.868,0.609,1,"HER2+","A1BG"
0.00512661902470838,1.81602525784006,0.921,0.87,1,"HER2+","DOCK7"
0.00512827507254635,1.99948547154635,0.684,0.435,1,"HER2+","FAM98B"
0.00512827507254635,2.38604547913368,0.684,0.435,1,"HER2+","NBPF15"
0.00512827507254635,3.44814965839169,0.658,0.478,1,"HER2+","MYO5C"
0.00513692957123292,1.15431476241493,0.553,0.261,1,"HER2+","TACO1"
0.00513692957123292,0.687433979044381,0.553,0.261,1,"HER2+","SYVN1"
0.00514080677401604,1.4593718377179,0.632,0.304,1,"HER2+","DNAH9"
0.00514386124524925,1.91002618408632,0.579,0.261,1,"HER2+","KCNJ3"
0.00515617295424497,1.47290373250312,0.289,0,1,"HER2+","NME1-NME2"
0.00515617295424497,1.0213377661583,0.289,0,1,"HER2+","ARHGEF5"
0.00515617295424497,0.331359281406651,0.289,0,1,"HER2+","RAPGEF3"
0.00515617295424497,0.449656703579108,0.289,0,1,"HER2+","CEP170B"
0.00515617295424497,0.564984994498763,0.289,0,1,"HER2+","HMOX1"
0.00515617295424497,1.35171630094845,0.289,0,1,"HER2+","EFS"
0.00515617295424497,1.47561395590721,0.289,0,1,"HER2+","GDPD3"
0.00515617295424497,0.773936365768728,0.289,0,1,"HER2+","PDGFRL"
0.00515617295424497,1.87893848701148,0.289,0,1,"HER2+","FTSJ3"
0.00515617295424497,2.68370617703513,0.289,0,1,"HER2+","NCAPG"
0.00515617295424497,1.40490036154619,0.289,0,1,"HER2+","PPARGC1A"
0.00515617295424497,2.1348442987206,0.289,0,1,"HER2+","RAD51AP1"
0.00515617295424497,1.52618159314475,0.289,0,1,"HER2+","NUDT12"
0.00515617295424497,0.501940714393396,0.289,0,1,"HER2+","SLC9A2"
0.00515617295424497,0.861774216497739,0.289,0,1,"HER2+","B4GALT2"
0.00515617295424497,1.19218609158617,0.289,0,1,"HER2+","MTARC2"
0.00515617295424497,1.44752998661642,0.289,0,1,"HER2+","MND1"
0.00515617295424497,0.613264077527114,0.289,0,1,"HER2+","PDCD2L"
0.00515617295424497,2.45016017822321,0.289,0,1,"HER2+","ELL3"
0.00515617295424497,2.01327054343054,0.289,0,1,"HER2+","CLUH"
0.00515617295424497,2.39180098343986,0.289,0,1,"HER2+","PPIL1"
0.00515617295424497,1.62531358075685,0.289,0,1,"HER2+","IER3"
0.00515617295424497,0.601517512567563,0.289,0,1,"HER2+","MAP3K6"
0.00515617295424497,0.308469978289612,0.289,0,1,"HER2+","ADCY10"
0.00515617295424497,1.68626625835273,0.289,0,1,"HER2+","NUP210L"
0.00515617295424497,2.38510821267156,0.289,0,1,"HER2+","EGFR"
0.00515617295424497,0.54030581354043,0.289,0,1,"HER2+","NR3C2"
0.00515617295424497,1.73294305195392,0.289,0,1,"HER2+","WWC2"
0.00515617295424497,3.39913589762072,0.289,0,1,"HER2+","AKR7A3"
0.00515617295424497,1.54351146883576,0.289,0,1,"HER2+","INHBB"
0.00515617295424497,1.07160785863928,0.289,0,1,"HER2+","DNALI1"
0.00515617295424497,2.12627334357438,0.289,0,1,"HER2+","NFIL3"
0.00515617295424497,2.34089990201804,0.289,0,1,"HER2+","KRT80"
0.00515617295424497,1.20937939510974,0.289,0,1,"HER2+","DOLK"
0.00515617295424497,1.80178422762923,0.289,0,1,"HER2+","ETV4"
0.00515617295424497,1.0259053995801,0.289,0,1,"HER2+","CTXN1"
0.00515617295424497,1.54692684147971,0.289,0,1,"HER2+","HS6ST3"
0.00515617295424497,0.835847780740716,0.289,0,1,"HER2+","IFT140"
0.00515617295424497,1.05112784648548,0.289,0,1,"HER2+","RYR1"
0.00515617295424497,3.0034097656273,0.289,0,1,"HER2+","WDHD1"
0.00515617295424497,1.63913194723353,0.289,0,1,"HER2+","C2orf72"
0.00515828075433676,1.83540329952357,0.737,0.478,1,"HER2+","ARFGAP2"
0.00515828075433676,1.68332095842114,0.737,0.478,1,"HER2+","TINCR"
0.00516161546896423,2.62996125149736,0.421,0.087,1,"HER2+","HELQ"
0.00516161546896423,2.35712921257919,0.421,0.087,1,"HER2+","FARSA"
0.00516550096084346,0.881408618772702,0.842,0.478,1,"HER2+","PUM1"
0.00516793790035351,1.85652350578542,0.684,0.391,1,"HER2+","OGG1"
0.00517167472314452,1.94081713903349,0.474,0.174,1,"HER2+","DNAAF5"
0.00517808509823515,1.8678905456236,0.658,0.304,1,"HER2+","MSL3"
0.00518713595594679,1.53393583274181,0.737,0.565,1,"HER2+","EIF3J"
0.00519036905895249,1.39196322195428,0.684,0.348,1,"HER2+","ACTN4"
0.00519036905895249,1.79970606845335,0.684,0.348,1,"HER2+","AKAP6"
0.0052043947906712,2.59971786810283,0.526,0.174,1,"HER2+","ICE1"
0.00523513571763183,1.55404310720466,0.842,0.652,1,"HER2+","HYKK"
0.00524562187322261,2.36368708728174,0.737,0.435,1,"HER2+","RAD50"
0.00524562187322261,1.21159588491289,0.711,0.478,1,"HER2+","TAMM41"
0.00525367398415748,3.09210976260646,0.579,0.304,1,"HER2+","TCERG1"
0.0052587670773458,1.09941157878116,0.816,0.565,1,"HER2+","LRRC41"
0.00526013701799559,4.03267648346005,0.447,0.13,1,"HER2+","S100P"
0.00526462628196623,2.14162466898499,0.947,0.957,1,"HER2+","MORC4"
0.00528126025377613,1.04721639423968,0.763,0.435,1,"HER2+","TRABD2A"
0.00528903679897793,1.53908783333936,0.868,0.783,1,"HER2+","MPLKIP"
0.00529031029470067,1.48304679396582,0.921,0.565,1,"HER2+","HADH"
0.00529031029470067,2.51341311097983,0.842,0.696,1,"HER2+","TOGARAM2"
0.00530245773006149,2.10758752915414,0.711,0.565,1,"HER2+","MOK"
0.00530331904639407,1.75918794630007,0.553,0.174,1,"HER2+","PPP1R7"
0.00532134512242161,1.47386937341792,0.658,0.348,1,"HER2+","BANP"
0.00533116022583456,0.46155618316387,0.395,0.087,1,"HER2+","LARS2"
0.00533116022583456,2.3229601571649,0.395,0.087,1,"HER2+","POLD3"
0.00533649662492749,0.729405731506473,0.368,0.043,1,"HER2+","LMF1"
0.0053458858652635,1.83267123082767,0.5,0.174,1,"HER2+","CRIM1"
0.00536900407969275,2.61306560192706,0.579,0.174,1,"HER2+","BEST3"
0.00536900407969275,1.31967961742288,0.553,0.217,1,"HER2+","KIF19"
0.00538045740584265,0.823858536751775,0.474,0.13,1,"HER2+","PAX6"
0.005385707780856,2.18884069578089,0.605,0.261,1,"HER2+","DONSON"
0.005385707780856,0.482036165921376,0.605,0.261,1,"HER2+","ARHGEF15"
0.005385707780856,3.24690886891663,0.553,0.348,1,"HER2+","SF3B6"
0.00540325467546645,2.18036760620302,0.553,0.261,1,"HER2+","SNRPB2"
0.00540688205528668,1.72703695564933,0.737,0.478,1,"HER2+","ACP6"
0.00540688205528668,1.80399894768571,0.737,0.478,1,"HER2+","BRI3"
0.00540809659159584,0.937884903465854,0.579,0.261,1,"HER2+","LDB3"
0.00540809659159584,2.7578520488161,0.553,0.304,1,"HER2+","CD276"
0.00540809659159584,2.31287669408436,0.553,0.304,1,"HER2+","THAP9"
0.00541163472795664,0.466800246203197,0.842,0.478,1,"HER2+","NINJ1"
0.00541689470882865,1.78862717334341,0.816,0.652,1,"HER2+","THAP6"
0.00541689470882865,2.25070061776725,0.789,0.696,1,"HER2+","RPS12"
0.00542113152917665,1.64995195032253,0.684,0.391,1,"HER2+","RASA4"
0.00543544355080958,2.03826760329111,0.737,0.565,1,"HER2+","MCM8"
0.0054360485347744,1.07187042315126,0.658,0.304,1,"HER2+","FAHD1"
0.00543983530227093,1.00247844122168,0.921,0.739,1,"HER2+","HNRNPUL1"
0.00544586899291908,1.33730748337125,0.684,0.348,1,"HER2+","DUSP18"
0.00544586899291908,2.32935095680887,0.684,0.348,1,"HER2+","ZNF559"
0.00544586899291908,1.25439234429216,0.684,0.348,1,"HER2+","BNIP3P37"
0.00544692192485837,1.09236899082434,0.711,0.435,1,"HER2+","DHFR2"
0.00544692192485837,1.6207060943588,0.711,0.435,1,"HER2+","LINC02898"
0.00545130284979735,2.17833852323082,0.632,0.391,1,"HER2+","DGUOK"
0.00545554105283888,1.84869750898709,0.474,0.174,1,"HER2+","UBXN8"
0.0054621330134561,2.81867714926763,0.868,0.696,1,"HER2+","ZBTB25"
0.00546424347859013,6.17051406425298,0.421,0.087,1,"HER2+","ASPM"
0.00546424347859013,2.09107878388456,0.421,0.087,1,"HER2+","GRPEL1"
0.00548250190629975,1.64248421018992,0.842,0.652,1,"HER2+","ZNF121"
0.00548260719539508,2.56054339482702,0.5,0.217,1,"HER2+","ASL"
0.00548260719539508,2.86989837405113,0.5,0.217,1,"HER2+","CAPN8"
0.00549892233687603,2.12622512893408,0.711,0.478,1,"HER2+","MCOLN1"
0.00550837308845202,1.48450232459837,0.816,0.565,1,"HER2+","GNAI1"
0.00550837308845202,2.00641435002141,0.816,0.565,1,"HER2+","ADGRF1"
0.00551172957599446,1.94514666877608,1,0.87,1,"HER2+","ORC4"
0.00553213198421791,2.28936922109614,0.605,0.348,1,"HER2+","HARBI1"
0.00553786267718403,0.32043158900435,0.447,0.087,1,"HER2+","UTY"
0.00554103803149644,0.668820733226515,0.579,0.217,1,"HER2+","DNAAF9"
0.00554103803149644,0.359220793707093,0.579,0.217,1,"HER2+","PITPNA"
0.00554103803149644,2.05685791856409,0.579,0.217,1,"HER2+","ARL6IP4"
0.00558411886857846,1.8989611835619,0.658,0.348,1,"HER2+","POLR1B"
0.00558411886857846,1.98021138887932,0.658,0.348,1,"HER2+","TCEAL4"
0.00558411886857846,2.25617766328708,0.658,0.348,1,"HER2+","HMGA1"
0.00558411886857846,0.910955473052995,0.658,0.348,1,"HER2+","FAM151B"
0.00560719315056041,3.64627621688637,0.579,0.348,1,"HER2+","GOLM1"
0.00563091603596978,2.50617874857671,0.842,0.783,1,"HER2+","ZNF766"
0.00564887871362435,1.93216986868516,0.526,0.261,1,"HER2+","TTLL4"
0.00564887871362435,3.48840470272272,0.526,0.261,1,"HER2+","PRELID1"
0.00564906201546828,2.44415751452422,0.395,0.087,1,"HER2+","KIF16B"
0.00564906201546828,2.91523615102537,0.395,0.087,1,"HER2+","EEF2KMT"
0.00564906201546828,2.68625802775229,0.395,0.087,1,"HER2+","XPA"
0.00564906201546828,2.54876773959044,0.395,0.087,1,"HER2+","CCDC167"
0.00566625058033781,1.50932535792261,0.737,0.478,1,"HER2+","FOXRED2"
0.00566842796970991,0.766980346718959,0.632,0.304,1,"HER2+","SLC6A20"
0.0056696642377559,0.44273959638343,0.368,0.043,1,"HER2+","SNCAIP"
0.0056696642377559,1.43535719309527,0.368,0.043,1,"HER2+","BCL3"
0.0056696642377559,2.51278074461348,0.368,0.043,1,"HER2+","PREP"
0.0056696642377559,1.1212696575968,0.368,0.043,1,"HER2+","DNLZ"
0.00567891954378699,1.88481748365017,0.474,0.13,1,"HER2+","PPM1H"
0.00568452633782971,1.1001817749374,0.579,0.261,1,"HER2+","SGCB"
0.00568452633782971,1.04572969413863,0.579,0.261,1,"HER2+","TNFSF15"
0.00568452633782971,1.35687152121476,0.579,0.261,1,"HER2+","C17orf99"
0.00568452633782971,3.95857674372866,0.553,0.304,1,"HER2+","XRN2"
0.00568547153248858,2.13494791876167,0.684,0.391,1,"HER2+","CYB5B"
0.00569473224308385,1.80106273627306,0.895,0.783,1,"HER2+","TSEN15"
0.00570999759767816,1.08261825423804,0.711,0.435,1,"HER2+","GALNS"
0.00571266893144687,1.51690032194165,0.658,0.391,1,"HER2+","MOCOS"
0.00571266893144687,3.5186973059826,0.658,0.391,1,"HER2+","UBE4A"
0.00572786841703678,2.5289234785599,0.526,0.217,1,"HER2+","OGFR"
0.00572786841703678,0.581552088962825,0.526,0.217,1,"HER2+","RNF222"
0.0057403700650129,1.82625040968217,0.789,0.739,1,"HER2+","HAUS3"
0.00575339810702773,3.11407976746827,0.474,0.174,1,"HER2+","SREBF1"
0.0057632109138777,1.32336714020119,0.737,0.435,1,"HER2+","PIGR"
0.0057632109138777,2.05647465647185,0.737,0.435,1,"HER2+","STYX"
0.0057632109138777,2.32778235414424,0.711,0.478,1,"HER2+","RAD54L2"
0.0057632109138777,2.45722143484486,0.684,0.522,1,"HER2+","ANKRD54"
0.0057686228178658,1.90389107616607,0.789,0.609,1,"HER2+","EIF1AX"
0.00577417453520669,0.341361097959134,0.526,0.174,1,"HER2+","KCNN2"
0.00577417453520669,1.58348778012892,0.526,0.174,1,"HER2+","EP400"
0.00577417453520669,0.343161499027589,0.5,0.217,1,"HER2+","EPHB2"
0.00578279747325384,2.27861238454441,0.421,0.087,1,"HER2+","SHMT2"
0.00579997818830712,1.57532718229787,0.579,0.304,1,"HER2+","ALDH3A2"
0.00580009817059733,1.5082181059956,0.711,0.522,1,"HER2+","INTS3"
0.00580774561768104,1.67401317427873,0.605,0.348,1,"HER2+","CDH6"
0.00580774561768104,2.11891508050822,0.605,0.348,1,"HER2+","DDX19B"
0.00582084500614607,1.31389913752854,0.816,0.478,1,"HER2+","OR52A1"
0.00582084500614607,1.28855777145669,0.789,0.522,1,"HER2+","ARFGEF1"
0.00582084500614607,1.93217209358284,0.763,0.565,1,"HER2+","EXPH5"
0.00582084500614607,2.15853532437654,0.763,0.565,1,"HER2+","CHAF1B"
0.00582084500614607,3.711411870786,0.763,0.565,1,"HER2+","RIMS2"
0.00582143465325206,0.98882848662624,0.763,0.478,1,"HER2+","TRIM5"
0.00582143465325206,2.13437887356232,0.711,0.565,1,"HER2+","BRI3BP"
0.00582195356992803,0.777618458876559,0.711,0.348,1,"HER2+","SLC35B4"
0.00582611061879799,2.0846459552354,0.342,0.043,1,"HER2+","GNPDA1"
0.00582611061879799,2.63735693892784,0.342,0.043,1,"HER2+","GOT1"
0.00582611061879799,2.29484052593432,0.342,0.043,1,"HER2+","MRPS9"
0.00582611061879799,1.70776104679654,0.342,0.043,1,"HER2+","SPTBN5"
0.00582611061879799,1.71724632671673,0.342,0.043,1,"HER2+","ACOX2"
0.00582611061879799,1.1279212226812,0.342,0.043,1,"HER2+","SCN8A"
0.00582611061879799,1.91779091775296,0.342,0.043,1,"HER2+","EFNA4"
0.00585854480411665,0.84769550367008,0.658,0.348,1,"HER2+","FPR1"
0.00586934788666505,2.36679393785882,0.447,0.13,1,"HER2+","CTSL"
0.00586934788666505,1.96445893343103,0.447,0.13,1,"HER2+","SLC36A4"
0.00588817974967282,0.855520163411238,0.632,0.261,1,"HER2+","SLC30A8"
0.00588817974967282,0.7457412898012,0.605,0.304,1,"HER2+","PICK1"
0.00588817974967282,2.01687483240689,0.605,0.304,1,"HER2+","KIF18A"
0.00588817974967282,0.576836525171814,0.605,0.304,1,"HER2+","IQSEC2"
0.00591237851006156,1.15997270011169,0.711,0.391,1,"HER2+","OGDH"
0.00591237851006156,2.13383193995025,0.658,0.478,1,"HER2+","ACBD5"
0.00593591324676439,1.84843962559063,0.789,0.565,1,"HER2+","PCNX2"
0.00593678981040695,0.631927798134335,0.737,0.478,1,"HER2+","GAMT"
0.00593678981040695,1.80785053237584,0.737,0.478,1,"HER2+","FCRL2"
0.00593700383803144,2.1047928952689,0.5,0.174,1,"HER2+","RPRD1A"
0.00593700383803144,2.74344824088108,0.5,0.174,1,"HER2+","ZBTB41"
0.00593700383803144,0.352359990635179,0.5,0.174,1,"HER2+","DMBX1"
0.00593862162485671,2.17443496516685,0.789,0.696,1,"HER2+","RPL11"
0.00594184756507174,1.69932796636523,0.553,0.217,1,"HER2+","CRIPT"
0.00594184756507174,2.0070806299905,0.553,0.217,1,"HER2+","KMT5A"
0.00594184756507174,3.60683716567018,0.526,0.261,1,"HER2+","POLR2K"
0.00594184756507174,3.00469636455895,0.526,0.261,1,"HER2+","C1orf122"
0.00594432351631355,3.16113484127742,0.605,0.261,1,"HER2+","CPA4"
0.00595014297084553,1.40510876996172,0.632,0.304,1,"HER2+","PLAUR"
0.00596138237944486,1.77815243140935,0.684,0.391,1,"HER2+","OR52K1"
0.00597361780088614,1.17774219774244,0.553,0.261,1,"HER2+","SLC44A5"
0.00598706052386072,1.04054196724628,0.658,0.304,1,"HER2+","B3GNT7"
0.00598706052386072,3.10488067191774,0.632,0.348,1,"HER2+","POLDIP2"
0.00599223479011511,2.99732922700616,0.474,0.13,1,"HER2+","TCIRG1"
0.00599223479011511,0.730465011784588,0.474,0.13,1,"HER2+","MIX23"
0.00600026632918411,0.564024894843389,0.684,0.304,1,"HER2+","LINC03042"
0.00600026632918411,2.72745531910911,0.632,0.391,1,"HER2+","TMEM62"
0.00602148064590519,1.34805957246547,0.368,0.043,1,"HER2+","AAAS"
0.00602148064590519,1.32911263940539,0.368,0.043,1,"HER2+","FAM86C1P"
0.00603889975600276,0.898237641279533,0.737,0.435,1,"HER2+","PPARD"
0.00603889975600276,1.25820343010002,0.684,0.522,1,"HER2+","ILKAP"
0.00606584176720677,2.13351575467145,0.474,0.174,1,"HER2+","PTER"
0.00607059502069846,2.00362710233637,0.816,0.739,1,"HER2+","WDR90"
0.0060796508026229,2.39998267585605,0.5,0.217,1,"HER2+","DNAJC17"
0.0060955685740269,1.25431533296084,0.789,0.522,1,"HER2+","CNOT9"
0.00609567896372776,1.71757101497885,0.658,0.261,1,"HER2+","GRIA1"
0.00609567896372776,3.48326666136636,0.605,0.348,1,"HER2+","PTPRE"
0.00612443414737108,0.443320605186955,0.579,0.217,1,"HER2+","ZFR2"
0.00616855777257292,0.762796927993038,0.895,0.696,1,"HER2+","GFM1"
0.00618179565623963,1.79663317249881,0.605,0.304,1,"HER2+","CABYR"
0.00619627265090375,3.17833110369848,0.342,0.043,1,"HER2+","ALDH18A1"
0.00619627265090375,2.47491330612651,0.342,0.043,1,"HER2+","WDR77"
0.00619627265090375,0.617895764448425,0.342,0.043,1,"HER2+","PTCH2"
0.00619627265090375,0.73965884934063,0.342,0.043,1,"HER2+","LRRC61"
0.00619627265090375,1.47352504857388,0.342,0.043,1,"HER2+","SMPDL3B"
0.00619627265090375,1.45656621303258,0.342,0.043,1,"HER2+","TICRR"
0.00619627265090375,1.99767328852763,0.342,0.043,1,"HER2+","DIPK1A"
0.00619627265090375,1.72298034494901,0.342,0.043,1,"HER2+","KRTCAP3"
0.00619627265090375,3.00653117791866,0.342,0.043,1,"HER2+","AGPAT2"
0.00619627265090375,3.64738207781986,0.342,0.043,1,"HER2+","HOXB2"
0.00619627265090375,2.16737400641557,0.342,0.043,1,"HER2+","SFXN4"
0.00619627265090375,1.50965951551415,0.342,0.043,1,"HER2+","ZNF138"
0.00619682004997662,1.96024036354627,0.684,0.435,1,"HER2+","TSEN34"
0.006197198457841,2.71161371573518,0.447,0.13,1,"HER2+","LAS1L"
0.006197198457841,1.38951229309641,0.447,0.13,1,"HER2+","PLEKHA6"
0.00621610581398165,2.43904013662806,0.842,0.609,1,"HER2+","SUPT5H"
0.00621610581398165,2.08039494284425,0.842,0.609,1,"HER2+","TIGD1"
0.0062189153022202,1.64113615937942,0.737,0.478,1,"HER2+","ZNF558"
0.00624605539719106,3.38178591572909,0.737,0.565,1,"HER2+","METTL3"
0.00624930144421436,0.820197823455209,0.684,0.391,1,"HER2+","MNT"
0.00625411572815211,1.97810551906,0.5,0.174,1,"HER2+","IGSF9"
0.00625411572815211,0.606352943758317,0.5,0.174,1,"HER2+","PDE1B"
0.00626185669651374,1.63870809651171,0.895,0.826,1,"HER2+","AAK1"
0.00627475857972828,1.5376539589088,0.763,0.696,1,"HER2+","EML2"
0.00627593134214326,0.503215970783214,0.579,0.261,1,"HER2+","RBFOX1"
0.00627593134214326,0.608992768310539,0.579,0.261,1,"HER2+","REDIC1"
0.00627593134214326,1.54462614745571,0.553,0.304,1,"HER2+","ZNF736"
0.0062810167651548,2.42549469878484,0.658,0.304,1,"HER2+","ARL4A"
0.0062810167651548,0.521164034625933,0.632,0.348,1,"HER2+","MCC"
0.0063226348256775,1.67713694337957,0.816,0.565,1,"HER2+","WSB2"
0.00632641334445434,1.95709157853736,0.711,0.478,1,"HER2+","CASK"
0.00633665537869358,2.0917878874894,0.395,0.087,1,"HER2+","STN1"
0.00633665537869358,2.09785351905105,0.395,0.087,1,"HER2+","BOLA1"
0.00633665537869358,2.75861616810745,0.395,0.087,1,"HER2+","ZDHHC9"
0.00635285691514423,2.73965954659109,0.868,0.652,1,"HER2+","ABHD5"
0.00635285691514423,1.97185486105036,0.816,0.739,1,"HER2+","KIF1C"
0.0063597429430886,2.9974439113307,0.421,0.13,1,"HER2+","HDDC2"
0.00636445611461551,2.0418664720939,0.711,0.522,1,"HER2+","GTF2H3"
0.006381916384287,1.78144439949723,0.816,0.478,1,"HER2+","TMEM230"
0.006381916384287,1.30977159527338,0.816,0.478,1,"HER2+","DNAJC21"
0.006381916384287,2.16326438293648,0.763,0.565,1,"HER2+","ADGRG1"
0.00638577188500354,1.39341842763032,0.789,0.435,1,"HER2+","TMUB2"
0.00639127232375057,1.77598536705628,0.763,0.522,1,"HER2+","NOL11"
0.00639284571626105,0.421356464483782,0.368,0.043,1,"HER2+","TAF6L"
0.00639284571626105,1.45285554223957,0.368,0.043,1,"HER2+","DENND4B"
0.00639348813876583,0.756439264566925,0.474,0.174,1,"HER2+","TMEM217"
0.00639640711647945,1.73654479949012,0.605,0.348,1,"HER2+","RFX5"
0.00639640711647945,2.30996143298783,0.605,0.348,1,"HER2+","PUS10"
0.00639640711647945,0.761742683964584,0.605,0.348,1,"HER2+","CCNYL1"
0.00639698661870495,1.26278025865322,0.579,0.304,1,"HER2+","MSRA"
0.00639960830115814,2.37463134434903,0.5,0.217,1,"HER2+","NTMT1"
0.00641852397058346,1.6415265124151,0.737,0.391,1,"HER2+","KNL1"
0.00641852397058346,1.02262445027718,0.737,0.391,1,"HER2+","NSUN6"
0.00643354504033752,1.8681164657957,0.816,0.696,1,"HER2+","TSC1"
0.00644415266133362,1.50328452993344,0.658,0.348,1,"HER2+","GLB1L"
0.00644415266133362,1.7915204679322,0.658,0.348,1,"HER2+","C2orf74"
0.00645694529705151,2.06434701781388,0.921,0.957,1,"HER2+","CDK13"
0.00647060506532215,1.86204771896865,0.421,0.087,1,"HER2+","HMCES"
0.00648853032270433,1.88440704423481,0.605,0.304,1,"HER2+","KLRG1"
0.00649352442163211,1.76065471756166,0.711,0.391,1,"HER2+","CCDC142"
0.00649352442163211,1.38413569224759,0.684,0.435,1,"HER2+","FAXC"
0.00651305491114072,0.920035953809421,0.737,0.478,1,"HER2+","NLRP2"
0.00651305491114072,2.10258871666724,0.737,0.478,1,"HER2+","PTPN4"
0.00651305491114072,1.9483667251098,0.737,0.478,1,"HER2+","SEC24D"
0.00651305491114072,1.32066352562867,0.737,0.478,1,"HER2+","VWA5B1"
0.00653672884965823,0.31167657678508,0.447,0.087,1,"HER2+","DPRXP2"
0.00654144730049295,2.51689051785591,0.447,0.13,1,"HER2+","ADSS2"
0.00654967924751429,2.10958652882853,0.684,0.391,1,"HER2+","ZFP36L1"
0.00655421210192126,1.47267941751449,0.868,0.696,1,"HER2+","TMEM33"
0.00655462820637885,1.07686650982184,0.605,0.261,1,"HER2+","C17orf113"
0.00656920058823522,1.9884811828119,0.553,0.217,1,"HER2+","HUS1"
0.00657098381046007,2.43930621286794,0.921,0.826,1,"HER2+","KYNU"
0.00658525726919723,1.85079161209434,0.658,0.391,1,"HER2+","ATP5IF1"
0.00658525726919723,2.15292325627752,0.632,0.435,1,"HER2+","RUNDC1"
0.00658639505519776,1.317196478878,0.5,0.174,1,"HER2+","ARFGAP1"
0.00658639505519776,1.12432927623575,0.5,0.174,1,"HER2+","PIMREG"
0.00658639505519776,2.04173886416934,0.5,0.174,1,"HER2+","CCSER1"
0.00658747808068849,1.33446388359459,0.342,0.043,1,"HER2+","SEMA3F"
0.00658747808068849,3.67670573687321,0.342,0.043,1,"HER2+","LPAR2"
0.00658747808068849,2.16485537275798,0.342,0.043,1,"HER2+","TRIP6"
0.00658747808068849,2.22152363395798,0.342,0.043,1,"HER2+","KRT23"
0.00658747808068849,3.39253570620068,0.342,0.043,1,"HER2+","EFL1"
0.00658747808068849,2.19346331546766,0.342,0.043,1,"HER2+","KIF2C"
0.00658747808068849,2.25248976757105,0.342,0.043,1,"HER2+","TIFA"
0.00658747808068849,3.64978720809919,0.342,0.043,1,"HER2+","DEGS2"
0.00658747808068849,0.983077882970458,0.342,0.043,1,"HER2+","TRIM27"
0.00658790156985329,0.912859971360633,0.632,0.348,1,"HER2+","CYTH1"
0.00659192681777355,1.15904378182095,0.579,0.261,1,"HER2+","EXD1"
0.00659673645225401,1.79973276465644,0.974,0.826,1,"HER2+","ZNF445"
0.00659767640559412,1.84859053582251,0.553,0.261,1,"HER2+","TMEM69"
0.00659855137759399,1.96672764266463,0.632,0.391,1,"HER2+","SNAPC1"
0.00661721686373382,2.05798672904239,0.816,0.565,1,"HER2+","NDUFS2"
0.00661721686373382,1.48570329992048,0.789,0.609,1,"HER2+","ATG7"
0.00661721686373382,2.77744426215928,0.763,0.652,1,"HER2+","KIAA1958"
0.00662618871589942,1.35992030399916,0.711,0.478,1,"HER2+","CHDH"
0.00664134345844761,2.60099283766943,0.868,0.783,1,"HER2+","RPS6KA5"
0.00664687526786979,1.12188404705633,0.868,0.652,1,"HER2+","POLR1D"
0.00665541423170477,1.62237325299192,0.763,0.609,1,"HER2+","PSME3"
0.00666476713158794,1.62899694731774,0.763,0.435,1,"HER2+","ZNF266"
0.00666476713158794,1.60645777794552,0.711,0.522,1,"HER2+","CIAO3"
0.00667007940027703,0.754906115070761,0.526,0.217,1,"HER2+","NAF1"
0.00667007940027703,1.42868455187329,0.526,0.217,1,"HER2+","CSGALNACT1"
0.00667007940027703,0.638151641795133,0.526,0.217,1,"HER2+","ZNF215"
0.00668600486012647,1.98943283737628,0.684,0.609,1,"HER2+","CSAD"
0.00670370542797663,1.77735477309423,0.842,0.739,1,"HER2+","VPS35L"
0.00670794418050266,0.813565825179834,0.395,0.087,1,"HER2+","CFAP206"
0.0067181322774452,2.00675756889807,0.421,0.13,1,"HER2+","COBL"
0.00672341529051003,1.89446433478537,0.684,0.478,1,"HER2+","SCPEP1"
0.0067369739707832,2.70864498798781,0.474,0.174,1,"HER2+","IMP4"
0.0067369739707832,2.41637134482236,0.474,0.174,1,"HER2+","MIER3"
0.00680294671206727,0.860460089440491,0.711,0.391,1,"HER2+","NFKB2"
0.00680294671206727,2.28991928617578,0.658,0.478,1,"HER2+","FOXM1"
0.00680635159596153,2.07204663848583,0.816,0.652,1,"HER2+","SMARCB1"
0.00680635159596153,1.95747503688495,0.789,0.696,1,"HER2+","AGK"
0.00680635159596153,1.3215943254563,0.789,0.696,1,"HER2+","ZNF326"
0.00680839112192801,1.4060798244873,0.737,0.652,1,"HER2+","GTF2H2"
0.00681964901186867,1.5286242665409,0.737,0.478,1,"HER2+","ANAPC1"
0.00684138554339977,1.09572960827463,0.421,0.087,1,"HER2+","SLC7A2"
0.00686297969576512,0.568889833065071,0.684,0.391,1,"HER2+","TPK1"
0.00686297969576512,1.02297006718194,0.684,0.391,1,"HER2+","SYS1"
0.00687098834640688,0.996543133062179,0.816,0.609,1,"HER2+","SCLY"
0.00687256472057417,0.751254002161972,0.632,0.304,1,"HER2+","NFKBID"
0.00687256472057417,0.499032551677664,0.632,0.304,1,"HER2+","SOX7"
0.00688043318308495,1.9687838872686,0.605,0.261,1,"HER2+","UPK3BL1"
0.00688043318308495,3.10134107918685,0.553,0.348,1,"HER2+","NOL7"
0.0068806902944005,1.73153286821374,0.711,0.435,1,"HER2+","QPCTL"
0.0068806902944005,1.28906332769052,0.711,0.435,1,"HER2+","INTS10"
0.0068806902944005,1.63679254292448,0.711,0.435,1,"HER2+","HIKESHI"
0.00690469388718534,1.33140333843799,0.553,0.217,1,"HER2+","CDAN1"
0.00690469388718534,2.79162907949187,0.553,0.217,1,"HER2+","B4GALT3"
0.00690469388718534,1.69555814961611,0.553,0.217,1,"HER2+","HCN1"
0.00691736577443611,2.13169641002021,0.632,0.391,1,"HER2+","FAT1"
0.00691736577443611,1.34552718969363,0.632,0.391,1,"HER2+","UGT1A1"
0.00692408255336096,1.14694208974864,0.842,0.522,1,"HER2+","ZNF546"
0.00692408255336096,1.13433296257181,0.789,0.609,1,"HER2+","CLPX"
0.00693118227669563,0.810536360968648,0.553,0.261,1,"HER2+","JDP2"
0.00693118227669563,1.43701366787462,0.553,0.261,1,"HER2+","ADGRA3"
0.00693446562225017,3.25047293945462,0.5,0.174,1,"HER2+","ZMYND11"
0.00694648497671923,2.08582219964855,0.868,0.783,1,"HER2+","SNX27"
0.00695307127296757,1.0323515656161,0.816,0.739,1,"HER2+","ZNF765"
0.00696452044213319,1.85230864667732,0.763,0.609,1,"HER2+","TMEM184C"
0.00699119178436479,1.98587908606429,0.789,0.522,1,"HER2+","SLC30A7"
0.00699119178436479,1.41888866779188,0.789,0.522,1,"HER2+","CHST6"
0.00699119178436479,1.60752691202586,0.763,0.565,1,"HER2+","IBA57"
0.00699886771328235,0.492423600296172,0.763,0.478,1,"HER2+","ACSS1"
0.00699886771328235,3.24563229676912,0.763,0.478,1,"HER2+","RHOBTB3"
0.00699886771328235,1.83492045056461,0.737,0.522,1,"HER2+","PLEKHD1"
0.00700075453191348,2.55665373410965,0.342,0.043,1,"HER2+","TSPAN1"
0.00701381456441913,1.55147187971463,0.526,0.217,1,"HER2+","TMEM161A"
0.00702778518870565,1.50865131659255,0.789,0.652,1,"HER2+","COA1"
0.00702778518870565,2.31871227772511,0.789,0.652,1,"HER2+","FOXK1"
0.00702778600092747,1.78559389813514,0.474,0.13,1,"HER2+","MZF1"
0.00704134543156777,1.70838703787047,0.816,0.696,1,"HER2+","VRK3"
0.00708190525723083,1.40038512897388,0.658,0.348,1,"HER2+","HYOU1"
0.00708190525723083,1.09153276700516,0.658,0.348,1,"HER2+","PCDHB9"
0.00708190525723083,1.2836778112473,0.658,0.348,1,"HER2+","RNF216P1"
0.00708534997572079,2.27747103391436,0.5,0.217,1,"HER2+","TLE2"
0.00709457323402696,1.39939066677197,0.421,0.13,1,"HER2+","MTFR1"
0.00709457323402696,3.06307605717477,0.421,0.13,1,"HER2+","UBA5"
0.00709457323402696,3.42343870883486,0.421,0.13,1,"HER2+","TMEM14A"
0.00709457323402696,0.304248886010245,0.421,0.13,1,"HER2+","PDILT"
0.00709695707090042,0.52544890423244,0.474,0.174,1,"HER2+","NPFFR2"
0.00709695707090042,1.43301744603953,0.474,0.174,1,"HER2+","PPP1R36"
0.00709867436424949,0.728027084582956,0.395,0.087,1,"HER2+","KPTN"
0.00709867436424949,1.86362663324517,0.395,0.087,1,"HER2+","NKRF"
0.00710372901042311,1.67988198130638,0.842,0.826,1,"HER2+","GCC2"
0.00712385810161648,1.47613578993004,0.789,0.565,1,"HER2+","ARCN1"
0.00712385810161648,0.852745773422165,0.789,0.565,1,"HER2+","VPS4A"
0.00712385810161648,2.0244869610816,0.737,0.652,1,"HER2+","SUPV3L1"
0.00712555533774797,0.728692594977594,0.737,0.348,1,"HER2+","MRPL49"
0.00713915071666053,1.64940500087981,0.737,0.478,1,"HER2+","GPR157"
0.00714338918549891,1.62255096491142,0.605,0.304,1,"HER2+","ZNF771"
0.00714338918549891,1.4033326015103,0.579,0.348,1,"HER2+","GARRE1"
0.00718968031746869,2.80666413425385,0.684,0.391,1,"HER2+","SUCO"
0.00718968031746869,1.071539567863,0.684,0.391,1,"HER2+","BORCS7"
0.00719157809700147,1.92573291010914,0.5,0.261,1,"HER2+","POLE2"
0.00720113665867302,2.46614274157475,0.842,0.652,1,"HER2+","SPG11"
0.00720519217428033,2.07875207667079,0.711,0.435,1,"HER2+","SUPT7L"
0.00720745449148924,0.968636663935682,0.632,0.304,1,"HER2+","WIPF3"
0.00721457573152598,1.58714931269066,0.895,0.957,1,"HER2+","RPS11"
0.00723114691579472,2.14768067021359,0.421,0.087,1,"HER2+","CDC25B"
0.00723176362299774,0.773125728964844,0.684,0.348,1,"HER2+","TIMM8A"
0.00723176362299774,1.50778573470043,0.658,0.391,1,"HER2+","SDR42E1"
0.00724242803217568,1.21617603353373,0.632,0.348,1,"HER2+","ZNF74"
0.00724242803217568,2.83328669251258,0.605,0.391,1,"HER2+","JADE1"
0.00724367176441781,1.77003709402704,0.789,0.609,1,"HER2+","FCF1"
0.00724367176441781,1.87932489598377,0.763,0.652,1,"HER2+","LETMD1"
0.00726433707147725,1.69567460771722,0.684,0.522,1,"HER2+","FCSK"
0.00726717461083779,2.22847674198868,0.553,0.304,1,"HER2+","LRP11"
0.00726717461083779,0.675390238037993,0.553,0.304,1,"HER2+","C2orf15"
0.0072718780115655,1.46751098705571,0.895,0.609,1,"HER2+","ZNF675"
0.0072718780115655,1.49326218581675,0.842,0.696,1,"HER2+","RBFOX3"
0.00727975456826518,1.7259633481545,0.553,0.261,1,"HER2+","CFHR1"
0.0072819848444783,1.20588984469334,0.447,0.13,1,"HER2+","MISP"
0.00731500363417037,1.53410910159369,0.789,0.522,1,"HER2+","AP1S3"
0.00731500363417037,1.54190259726556,0.789,0.522,1,"HER2+","ABHD18"
0.00732704698644521,1.78681994220379,0.921,0.783,1,"HER2+","TRIM72"
0.00732816111636955,1.35368101375685,0.763,0.522,1,"HER2+","POMT2"
0.00733280178897927,1.10637622119727,0.895,0.652,1,"HER2+","SRSF11"
0.00737253883772151,1.10438852656622,0.684,0.478,1,"HER2+","ERC1"
0.00737337503857523,2.51274451143554,0.526,0.217,1,"HER2+","TBCD"
0.00737337503857523,1.93309750758601,0.526,0.217,1,"HER2+","MRPL36"
0.00738456029296302,1.80675152499346,0.816,0.826,1,"HER2+","OTUB1"
0.00739645611160577,2.74426631856444,0.579,0.304,1,"HER2+","C1orf21"
0.00743716908790823,1.70555899399308,0.342,0.043,1,"HER2+","CAB39L"
0.00743716908790823,2.80924745194602,0.342,0.043,1,"HER2+","H1-3"
0.00743716908790823,1.82066926846709,0.342,0.043,1,"HER2+","NBL1"
0.00743716908790823,1.26451038826887,0.342,0.043,1,"HER2+","SLC16A9"
0.00743716908790823,1.83773177907976,0.342,0.043,1,"HER2+","SPRYD3"
0.00745237362075159,1.6847349720369,0.526,0.174,1,"HER2+","RTCB"
0.00745237362075159,2.50411078426152,0.5,0.217,1,"HER2+","TOM1"
0.00746183227302743,1.80091042727218,0.474,0.783,1,"HER2+","PSMB8"
0.00746183227302743,1.95073292014999,0.684,0.435,1,"HER2+","ETNK1"
0.00747202609070373,0.579526417858719,0.737,0.478,1,"HER2+","CHML"
0.0074741167144023,1.64941748561981,0.474,0.174,1,"HER2+","TSPOAP1"
0.0074741167144023,0.719439570223494,0.474,0.174,1,"HER2+","SDK2"
0.00749256854965999,1.15306989082399,0.632,0.261,1,"HER2+","IFI6"
0.00749256854965999,1.21047081135214,0.605,0.304,1,"HER2+","NOX5"
0.00749256854965999,0.836288055869746,0.579,0.348,1,"HER2+","MFGE8"
0.00749256854965999,1.16133368737182,0.579,0.348,1,"HER2+","PTPN9"
0.007495768180749,1.55002131241836,0.737,0.565,1,"HER2+","SPATA17"
0.007495768180749,1.91575333811896,0.737,0.565,1,"HER2+","TOGARAM1"
0.00749813164359731,0.544186211243678,0.868,0.696,1,"HER2+","PSD4"
0.00750971820774415,3.86968082913298,0.395,0.087,1,"HER2+","CAPG"
0.00750971820774415,1.63053856225069,0.395,0.087,1,"HER2+","OXSR1"
0.00753051707697155,1.84862990955802,0.842,0.652,1,"HER2+","HAMP"
0.00755691813178148,1.89408146731445,0.632,0.304,1,"HER2+","RPE"
0.00755691813178148,2.48862486900367,0.579,0.391,1,"HER2+","NUP85"
0.00755846033951807,2.21572906567041,1,1,1,"HER2+","NOPCHAP1"
0.00757591075472884,0.900107782101732,0.684,0.348,1,"HER2+","BAG2"
0.00757591075472884,1.36056435421216,0.658,0.391,1,"HER2+","TIE1"
0.00757591075472884,1.36957467783145,0.658,0.391,1,"HER2+","GRIK2"
0.00757591075472884,2.20899464404738,0.632,0.435,1,"HER2+","CILK1"
0.00759109198533264,1.14129927244555,0.658,0.304,1,"HER2+","THG1L"
0.00759109198533264,2.02388768613922,0.632,0.348,1,"HER2+","DBF4"
0.00759109198533264,2.22564759095035,0.632,0.348,1,"HER2+","UBIAD1"
0.00759109198533264,1.07612367326136,0.632,0.348,1,"HER2+","PPARG"
0.00759109198533264,0.748951215714191,0.632,0.348,1,"HER2+","MIEF2"
0.00759109198533264,1.19660060679705,0.632,0.348,1,"HER2+","NPIPA6"
0.007594814002651,1.79591986929434,0.921,0.696,1,"HER2+","KANSL1"
0.00759681467954382,0.441945206391519,0.684,0.304,1,"HER2+","ALKBH4"
0.00759681467954382,0.862230421486917,0.632,0.391,1,"HER2+","CPN2"
0.00760364890612103,1.40293524107594,0.737,0.435,1,"HER2+","SCRG1"
0.00760364890612103,2.09650310676654,0.711,0.478,1,"HER2+","PSMA1"
0.00760364890612103,1.47315658663485,0.711,0.478,1,"HER2+","OR56A1"
0.00760364890612103,1.48004578617675,0.711,0.478,1,"HER2+","NPIPA1"
0.00760364890612103,1.42339577038122,0.684,0.522,1,"HER2+","GLOD4"
0.00760374064632274,3.46584465261485,0.816,0.739,1,"HER2+","H4C3"
0.00762221869445546,1.29867976651893,0.553,0.217,1,"HER2+","RND2"
0.00762221869445546,2.67746177967875,0.526,0.261,1,"HER2+","LACTB2"
0.00765220865841249,2.03321081341579,0.789,0.522,1,"HER2+","FAM153CP"
0.00765220865841249,1.64444595508076,0.763,0.565,1,"HER2+","WDR62"
0.00765220865841249,1.56505945233607,0.763,0.565,1,"HER2+","PARN"
0.00765220865841249,1.75024844239625,0.737,0.609,1,"HER2+","G2E3"
0.00765989471350137,1.89509421033328,0.921,0.783,1,"HER2+","CYSLTR1"
0.00766432014991759,1.4963549148551,0.763,0.478,1,"HER2+","GADL1"
0.00766432014991759,1.45252110278574,0.737,0.522,1,"HER2+","ZNF845"
0.00766679646047673,2.1906103357221,0.842,0.739,1,"HER2+","SEC23A"
0.00766679646047673,2.09269020066883,0.842,0.739,1,"HER2+","PCNX4"
0.00770593532238769,1.65576389469831,0.658,0.435,1,"HER2+","FBXW4"
0.00771772944692095,1.8648267318215,0.684,0.478,1,"HER2+","POLR3C"
0.00772036215636659,1.25056649118582,0.842,0.783,1,"HER2+","GTF2IRD2B"
0.00774938459776112,1.36971685294569,0.526,0.217,1,"HER2+","HMGN5"
0.00775949164101012,2.01396901405348,0.579,0.304,1,"HER2+","SS18L2"
0.00781227327517549,0.759798629560787,0.711,0.391,1,"HER2+","FBXL12"
0.00781227327517549,1.00895315686031,0.658,0.478,1,"HER2+","PATE4"
0.00783214286297416,0.292475346389572,0.316,0.652,1,"HER2+","C15orf39"
0.00783635815042335,0.670074205208762,0.5,0.217,1,"HER2+","GLRA3"
0.00784133110551652,2.06903804292674,0.737,0.565,1,"HER2+","CFAP92"
0.00784133110551652,1.86680357680784,0.737,0.565,1,"HER2+","PNO1"
0.00784133110551652,1.83180554443341,0.737,0.565,1,"HER2+","TBC1D8"
0.00785429977807653,1.56872459713017,0.895,0.87,1,"HER2+","GUK1"
0.00785697754855605,0.887341545209655,0.605,0.304,1,"HER2+","TTLL9"
0.00785697754855605,0.79004039173094,0.579,0.348,1,"HER2+","LRP1"
0.00786915404659547,1.50358498641388,0.5,0.13,1,"HER2+","OXCT1"
0.00786915404659547,2.2743678333027,0.474,0.174,1,"HER2+","TCF3"
0.00786915404659547,3.99766840607005,0.474,0.174,1,"HER2+","TRIM2"
0.00788385984141843,2.24822154134847,0.974,0.826,1,"HER2+","TMEM212"
0.00788526170119203,1.19642803355737,0.684,0.391,1,"HER2+","PLCD4"
0.00788526170119203,0.849562514504267,0.684,0.391,1,"HER2+","CCDC85C"
0.00788526170119203,1.0090843021959,0.684,0.391,1,"HER2+","FAM200B"
0.00789569830191054,1.49355509951339,0.711,0.435,1,"HER2+","USP3"
0.00789569830191054,0.92677190006862,0.711,0.435,1,"HER2+","OR8A1"
0.00789782916671362,1.77939640304418,0.342,0.043,1,"HER2+","CRYBG3"
0.00789782916671362,0.520672701771601,0.342,0.043,1,"HER2+","RUNDC3B"
0.00789782916671362,1.50098233773538,0.342,0.043,1,"HER2+","PARP10"
0.00789782916671362,1.21950693771919,0.342,0.043,1,"HER2+","DCAF4L1"
0.00789782916671362,1.48426433742107,0.342,0.043,1,"HER2+","ZNF75D"
0.00789782916671362,2.13280944696819,0.342,0.043,1,"HER2+","RAD54B"
0.00790475346430925,2.19681577824574,0.421,0.13,1,"HER2+","SVEP1"
0.00792284222831701,2.07546154610142,0.789,0.609,1,"HER2+","ZNF331"
0.00792284222831701,1.83873571671374,0.789,0.609,1,"HER2+","INIP"
0.00793466911557088,0.55421509008149,0.684,0.348,1,"HER2+","ST18"
0.00794197856664066,1.89829616682867,0.395,0.087,1,"HER2+","ZNF322"
0.00794911661291044,1.92149999862953,0.816,0.739,1,"HER2+","TAF8"
0.00795472959449283,2.10532027222885,0.632,0.348,1,"HER2+","CTPS2"
0.00795472959449283,2.18193884862076,0.632,0.348,1,"HER2+","MOSPD1"
0.00795472959449283,1.29722710905858,0.632,0.348,1,"HER2+","PPP1R16A"
0.00795472959449283,1.33228838856888,0.632,0.348,1,"HER2+","OR7A5"
0.00795710065737238,1.07837246254171,0.737,0.435,1,"HER2+","KIF3A"
0.00795710065737238,1.52141790433294,0.684,0.522,1,"HER2+","FAM76A"
0.00795710065737238,1.81180847771437,0.684,0.522,1,"HER2+","SLC15A1"
0.00795848335850662,1.45924223065947,0.632,0.391,1,"HER2+","NTAQ1"
0.0080032806426207,2.09999884496793,0.737,0.609,1,"HER2+","PSMB1"
0.00800546613183758,0.529986845042134,0.553,0.217,1,"HER2+","PLEKHG6"
0.00800546613183758,2.53837454581614,0.553,0.217,1,"HER2+","ANKRD20A8P"
0.00800546613183758,2.89667086406735,0.526,0.261,1,"HER2+","FBLN1"
0.00801057687317196,2.65726425129165,0.447,0.174,1,"HER2+","TM4SF18"
0.00801436245088527,1.65691090652021,0.842,0.739,1,"HER2+","IKBKB"
0.00801786075704837,1.49924428741466,0.763,0.478,1,"HER2+","ZNF234"
0.00801940810891696,2.25735712560116,0.763,0.522,1,"HER2+","HIBCH"
0.00803788615649009,2.46989739461417,0.789,0.652,1,"HER2+","PRPF40A"
0.00804994419976826,1.88519050586375,0.816,0.696,1,"HER2+","TEX9"
0.00806831705415514,0.741723046692289,0.711,0.348,1,"HER2+","ZHX3"
0.00806831705415514,1.69530139640825,0.658,0.435,1,"HER2+","MKNK2"
0.00809689238624303,2.08693803870447,0.447,0.13,1,"HER2+","RNF144A"
0.00809689238624303,0.642364526689942,0.447,0.13,1,"HER2+","C16orf74"
0.00814248617598746,0.337565343063684,0.526,0.217,1,"HER2+","C2CD4A"
0.00814248617598746,0.938278522699971,0.526,0.217,1,"HER2+","NIFKP4"
0.00814503729020874,1.50975367738095,0.658,0.348,1,"HER2+","KATNAL2"
0.00817982814126886,1.04384245570535,0.737,0.478,1,"HER2+","SLC48A1"
0.0081846041134601,2.57161366404834,0.947,0.739,1,"HER2+","HERC2P5"
0.0081846041134601,2.62459842312001,0.947,0.739,1,"HER2+","HERC2P8"
0.00820109761267526,1.05878083451612,0.737,0.565,1,"HER2+","NRDE2"
0.00820834646966775,1.68688975999938,0.947,0.783,1,"HER2+","NSRP1"
0.00820834646966775,2.09926625441742,0.895,0.87,1,"HER2+","OR1A1"
0.00822018065313737,0.928253912194507,0.263,0,1,"HER2+","HHAT"
0.00822018065313737,1.18632450422182,0.263,0,1,"HER2+","DNAJC25"
0.00822018065313737,2.45318691373582,0.263,0,1,"HER2+","HYAL2"
0.00822018065313737,1.92906828906094,0.263,0,1,"HER2+","BCS1L"
0.00822018065313737,2.80948899764296,0.263,0,1,"HER2+","GEMIN5"
0.00822018065313737,1.34050263899914,0.263,0,1,"HER2+","PPEF1"
0.00822018065313737,2.00579600621419,0.263,0,1,"HER2+","PCBP4"
0.00822018065313737,3.7676337625073,0.263,0,1,"HER2+","SLC26A3"
0.00822018065313737,2.80471625049086,0.263,0,1,"HER2+","TOP3B"
0.00822018065313737,0.891583536101836,0.263,0,1,"HER2+","MCAT"
0.00822018065313737,3.70720677467534,0.263,0,1,"HER2+","TTLL12"
0.00822018065313737,2.3627280604594,0.263,0,1,"HER2+","SMARCA1"
0.00822018065313737,1.84424729565234,0.263,0,1,"HER2+","TJP3"
0.00822018065313737,2.38352534384494,0.263,0,1,"HER2+","HPX"
0.00822018065313737,1.36073918008163,0.263,0,1,"HER2+","GALNT18"
0.00822018065313737,1.16488566133246,0.263,0,1,"HER2+","RAB23"
0.00822018065313737,3.59165578383057,0.263,0,1,"HER2+","ITGB6"
0.00822018065313737,1.07654567204413,0.263,0,1,"HER2+","LCT"
0.00822018065313737,1.52779474058688,0.263,0,1,"HER2+","SPR"
0.00822018065313737,0.270268884809638,0.263,0,1,"HER2+","CR2"
0.00822018065313737,0.41194589803886,0.263,0,1,"HER2+","LDAH"
0.00822018065313737,3.32195997862298,0.263,0,1,"HER2+","ZWINT"
0.00822018065313737,0.567194922382656,0.263,0,1,"HER2+","SH3TC1"
0.00822018065313737,0.309731252770467,0.263,0,1,"HER2+","GALNT8"
0.00822018065313737,1.45186194665654,0.263,0,1,"HER2+","PEMT"
0.00822018065313737,0.470868618247901,0.263,0,1,"HER2+","SLC41A1"
0.00822018065313737,1.15496084706412,0.263,0,1,"HER2+","FAIM2"
0.00822018065313737,0.837111045061854,0.263,0,1,"HER2+","KIF12"
0.00822018065313737,1.13652704276485,0.263,0,1,"HER2+","ARHGAP24"
0.00822018065313737,1.24675120321114,0.263,0,1,"HER2+","FAM222A"
0.00822018065313737,1.9221959566467,0.263,0,1,"HER2+","FRMD6"
0.00822018065313737,0.879240156213496,0.263,0,1,"HER2+","GATA6"
0.00822018065313737,1.62805358264788,0.263,0,1,"HER2+","LYPD6B"
0.00822018065313737,2.9584633783996,0.263,0,1,"HER2+","OXSM"
0.00822018065313737,0.545401891656882,0.263,0,1,"HER2+","RGPD3"
0.00822018065313737,1.1373358441071,0.263,0,1,"HER2+","SPTBN4"
0.00822018065313737,0.379832234596458,0.263,0,1,"HER2+","BRINP3"
0.00822018065313737,2.11121509309863,0.263,0,1,"HER2+","SLC16A14"
0.00822018065313737,1.85692120176838,0.263,0,1,"HER2+","CMYA5"
0.00822018065313737,3.00558770480393,0.263,0,1,"HER2+","AQP3"
0.00822018065313737,1.50438304705055,0.263,0,1,"HER2+","ZMYND19"
0.00822018065313737,1.94509775562788,0.263,0,1,"HER2+","FOXI1"
0.00822018065313737,0.745735158872349,0.263,0,1,"HER2+","PCDH7"
0.00822018065313737,1.58994393984828,0.263,0,1,"HER2+","ELP5"
0.00822018065313737,2.60342390800528,0.263,0,1,"HER2+","GAA"
0.00822018065313737,0.592130495751967,0.263,0,1,"HER2+","FRMD5"
0.00822018065313737,1.28150019526364,0.263,0,1,"HER2+","STOX2"
0.00822018065313737,0.593515220568608,0.263,0,1,"HER2+","RGMB"
0.00822018065313737,0.477540663084059,0.263,0,1,"HER2+","PELI3"
0.00822018065313737,1.89150504578017,0.263,0,1,"HER2+","BOK"
0.00822018065313737,0.284604717251177,0.263,0,1,"HER2+","NECTIN3"
0.00822018065313737,0.989100591234987,0.263,0,1,"HER2+","HOXC9"
0.00822018065313737,0.882300968107754,0.263,0,1,"HER2+","FBXL6"
0.00822018065313737,2.63126075096187,0.263,0,1,"HER2+","H1-5"
0.00822018065313737,2.06279146480322,0.263,0,1,"HER2+","PKP3"
0.00822018065313737,0.643335667654971,0.263,0,1,"HER2+","ZNF749"
0.00822018065313737,0.277621221753252,0.263,0,1,"HER2+","C20orf204"
0.00822018065313737,0.860516085591963,0.263,0,1,"HER2+","CRACDL"
0.00822018065313737,0.826825657839208,0.263,0,1,"HER2+","ATAD3A"
0.00822018065313737,1.02857302805568,0.263,0,1,"HER2+","TEAD4"
0.00822018065313737,0.601326098328373,0.263,0,1,"HER2+","MAFB"
0.00822097083199191,3.35771938276073,0.526,0.304,1,"HER2+","MRPL51"
0.00823718351404603,1.97289541287113,0.579,0.348,1,"HER2+","MCM9"
0.00823718351404603,1.79072166718854,0.579,0.348,1,"HER2+","PPP1R9A"
0.00823797287522451,0.31867619805795,0.5,0.217,1,"HER2+","SPAG4"
0.00825508547722315,1.13957304984614,0.947,1,1,"HER2+","TPT1"
0.00825516771087289,0.597107590693414,0.684,0.391,1,"HER2+","CDH12"
0.00825516771087289,1.39057348713895,0.684,0.391,1,"HER2+","NEU3"
0.00828279247754725,1.98925681417943,0.474,0.174,1,"HER2+","FAM117B"
0.00828279247754725,2.32702970155659,0.474,0.174,1,"HER2+","ESD"
0.00828279247754725,0.790463745265675,0.474,0.174,1,"HER2+","ZNF879"
0.00828336580851085,1.71167108432942,0.789,0.609,1,"HER2+","CCDC32"
0.00830847580813511,2.23007875468209,0.789,0.783,1,"HER2+","COX6A1"
0.00830856838285232,1.67022833468872,0.684,0.348,1,"HER2+","GPR82"
0.00830856838285232,1.45825329070223,0.658,0.391,1,"HER2+","ELAC2"
0.0083251954360615,1.30304183908932,0.737,0.435,1,"HER2+","ATP1A4"
0.0083251954360615,1.31847606754757,0.737,0.435,1,"HER2+","LINS1"
0.0083251954360615,2.68204806844793,0.684,0.522,1,"HER2+","SNRPB"
0.00833388984246692,1.19907275676314,0.658,0.304,1,"HER2+","CRTC2"
0.00833391708416039,1.72003710164744,0.763,0.609,1,"HER2+","PHF3"
0.00833391708416039,1.81836485623571,0.763,0.609,1,"HER2+","TRIM4"
0.00833401534552789,1.43251320980214,0.605,0.261,1,"HER2+","CREBL2"
0.00833401534552789,1.65901667027642,0.605,0.261,1,"HER2+","CYP4F3"
0.00833549576410414,1.67940954199123,0.632,0.391,1,"HER2+","PECR"
0.00833549576410414,3.13458288000176,0.632,0.391,1,"HER2+","MT2A"
0.00833549576410414,3.04604388045348,0.632,0.391,1,"HER2+","CALU"
0.00833549576410414,2.10766273607799,0.632,0.391,1,"HER2+","SWAP70"
0.00833549576410414,1.24061078800628,0.632,0.391,1,"HER2+","RIPPLY3"
0.00833549576410414,1.63644884866313,0.632,0.391,1,"HER2+","NUDT14"
0.00834013069917982,3.71245732153039,0.421,0.13,1,"HER2+","CTSH"
0.00834013069917982,1.58487329301605,0.421,0.13,1,"HER2+","TAF5L"
0.00836590223955292,2.10692147210402,0.763,0.435,1,"HER2+","TCF7"
0.00836870639397546,1.61533262703988,0.789,0.522,1,"HER2+","IL1RAP"
0.00836870639397546,2.17204693869211,0.789,0.522,1,"HER2+","GAN"
0.00836870639397546,1.43886508449708,0.763,0.565,1,"HER2+","CTSS"
0.00838388337757376,0.627967010942683,0.342,0.043,1,"HER2+","NME5"
0.00838388337757376,2.38467143988247,0.342,0.043,1,"HER2+","CHPF"
0.00838388337757376,1.74268295615021,0.342,0.043,1,"HER2+","HES6"
0.00838388337757376,1.01824389926019,0.342,0.043,1,"HER2+","BEND3"
0.0083859336994345,1.63510523681007,0.737,0.522,1,"HER2+","FMNL1"
0.00839638947387277,0.437809051456963,0.395,0.087,1,"HER2+","FLT4"
0.00839638947387277,2.36061288896133,0.395,0.087,1,"HER2+","SLC12A7"
0.00840239800147386,2.41374241566163,0.789,0.652,1,"HER2+","PRPF38A"
0.00842178922174568,2.33160807674511,0.553,0.261,1,"HER2+","PALMD"
0.0084458809159905,1.73428350008638,0.658,0.435,1,"HER2+","ANKRD42"
0.0084458809159905,2.15223412850371,0.658,0.435,1,"HER2+","TTC6"
0.00845186680136261,1.8264073217086,0.737,0.391,1,"HER2+","EPPIN"
0.00849785147241891,0.989230386948496,0.5,0.174,1,"HER2+","SLC13A4"
0.0084979374124672,2.49945595974556,0.605,0.348,1,"HER2+","SRP54"
0.00852102916122119,2.70364579829091,0.789,0.565,1,"HER2+","ZNF440"
0.00852992858571774,2.08945787324094,0.658,0.348,1,"HER2+","ITPRIPL1"
0.00853381281742786,2.08663559418189,0.579,0.304,1,"HER2+","RBCK1"
0.00853381281742786,1.16054908077954,0.579,0.304,1,"HER2+","LMNTD1"
0.00853419682589476,1.87522532144941,0.447,0.13,1,"HER2+","SIRT1"
0.00855770074653507,1.50995902499519,0.684,0.435,1,"HER2+","POLR2C"
0.00855770074653507,0.813296398270829,0.684,0.435,1,"HER2+","ZNF99"
0.00857556555121178,1.27289832063215,0.789,0.478,1,"HER2+","PRKN"
0.00857556555121178,1.97269598840612,0.737,0.565,1,"HER2+","PMS1"
0.00863377014566159,4.14487171987182,0.579,0.348,1,"HER2+","RRM1"
0.00863377014566159,2.05641395176524,0.579,0.348,1,"HER2+","POGLUT3"
0.00865490968729645,2.68755869205139,0.368,0.087,1,"HER2+","CADPS2"
0.00865490968729645,1.5788592175315,0.368,0.087,1,"HER2+","ACAP3"
0.00865490968729645,2.72573148216195,0.368,0.087,1,"HER2+","ARHGAP12"
0.00865490968729645,1.29193668693755,0.368,0.087,1,"HER2+","BMERB1"
0.00865490968729645,4.01800065481911,0.368,0.087,1,"HER2+","DDIT4"
0.00865790755700284,1.02762961119974,0.5,0.217,1,"HER2+","NOVA1"
0.00865790755700284,2.23940179614902,0.5,0.217,1,"HER2+","CGN"
0.00865790755700284,3.41527623503754,0.5,0.217,1,"HER2+","ANXA5"
0.00866922622683522,1.27829215744939,0.921,0.696,1,"HER2+","C1orf43"
0.00866922622683522,1.66338044096304,0.868,0.783,1,"HER2+","PEX26"
0.00870845020309942,1.99051657333832,0.711,0.478,1,"HER2+","NDE1"
0.0087157780682166,3.35906520712923,0.474,0.174,1,"HER2+","GGT1"
0.0087157780682166,0.867507550011512,0.474,0.174,1,"HER2+","TERB2"
0.0087157780682166,5.51524080160965,0.474,0.174,1,"HER2+","ALOX15B"
0.00872840652503394,0.907340757891512,0.632,0.391,1,"HER2+","ZNF880"
0.00872913728150048,1.11713571528143,0.632,0.348,1,"HER2+","PRR5"
0.00873788212774682,2.71261386814803,0.553,0.348,1,"HER2+","COMMD2"
0.00874898593501929,0.909071999822029,0.789,0.522,1,"HER2+","ZNF70"
0.00874898593501929,1.37891102495549,0.763,0.565,1,"HER2+","PAK4"
0.00874898593501929,1.28038198188144,0.763,0.565,1,"HER2+","RUFY2"
0.00875210402203412,2.34183197763687,0.842,0.739,1,"HER2+","OR2T12"
0.00876904787979085,1.18338389140757,0.763,0.478,1,"HER2+","POLR1A"
0.00876904787979085,1.6928341167769,0.763,0.478,1,"HER2+","RAB22A"
0.00876904787979085,1.43048151081322,0.737,0.522,1,"HER2+","DDX59"
0.00876904787979085,2.29241088371376,0.711,0.565,1,"HER2+","ARHGEF1"
0.00878162485139252,1.30956115520651,0.842,0.565,1,"HER2+","ZNF519"
0.00880670262779047,1.09090783266003,0.579,0.261,1,"HER2+","PANK1"
0.00882410983721388,4.42740379316909,0.526,0.261,1,"HER2+","REEP5"
0.00882410983721388,1.30829126296183,0.526,0.261,1,"HER2+","ZNF573"
0.00883663567391184,0.715131200213555,0.553,0.261,1,"HER2+","ZBTB24"
0.00883663567391184,1.96851287347113,0.553,0.261,1,"HER2+","ULK4"
0.00883663567391184,2.1517653024359,0.553,0.261,1,"HER2+","BAIAP2"
0.00883916856545452,1.66823837678394,0.658,0.435,1,"HER2+","NUP98"
0.00883916856545452,1.51306796286875,0.658,0.435,1,"HER2+","POLN"
0.0088418548328256,1.99631337760296,0.684,0.478,1,"HER2+","AREL1"
0.0088418548328256,1.88519283325632,0.684,0.478,1,"HER2+","ZNF841"
0.00886094533111078,1.87082594964515,0.895,0.739,1,"HER2+","PSMA2"
0.00886094533111078,2.53525113243979,0.895,0.739,1,"HER2+","ZNF891"
0.00888356263424522,2.98277737747308,0.447,0.174,1,"HER2+","IMPDH1"
0.00888356263424522,2.3181058848307,0.447,0.174,1,"HER2+","LPCAT1"
0.00888356263424522,3.69953601450155,0.447,0.174,1,"HER2+","CENPX"
0.00889652235594155,1.05069884422902,0.342,0.043,1,"HER2+","PLPP1"
0.00889652235594155,1.43432744899339,0.342,0.043,1,"HER2+","PCED1A"
0.00889652235594155,0.571420072308046,0.342,0.043,1,"HER2+","RPUSD2"
0.00889652235594155,1.84254791786436,0.342,0.043,1,"HER2+","HSPA14"
0.00893100132344615,0.868553406181735,0.658,0.348,1,"HER2+","PARD6G"
0.00893495562392775,3.0464496674213,0.5,0.174,1,"HER2+","PRKD1"
0.00894630112775203,2.52375943019181,0.579,0.304,1,"HER2+","ZDHHC6"
0.00894630112775203,1.66979054953999,0.579,0.304,1,"HER2+","NEPRO"
0.00895374961363471,1.08753087679614,0.711,0.391,1,"HER2+","SEC23IP"
0.00895374961363471,1.83599887071576,0.684,0.435,1,"HER2+","RIN2"
0.00895374961363471,1.60237557379284,0.632,0.522,1,"HER2+","ARFIP2"
0.00898263485700328,2.17718051465814,0.526,0.217,1,"HER2+","PRPS2"
0.00898263485700328,2.51698558618973,0.526,0.217,1,"HER2+","WDR33"
0.00898724695165825,1.47010103144237,0.842,0.652,1,"HER2+","DPF2"
0.00899707266822185,1.79180353558467,0.421,0.087,1,"HER2+","DDX50"
0.00904188213434028,1.0959799089895,0.684,0.391,1,"HER2+","AP4B1"
0.00904188213434028,1.65314546918044,0.684,0.391,1,"HER2+","RNASEH1"
0.00904188213434028,1.29690001100364,0.684,0.391,1,"HER2+","ZNF396"
0.00904281347566374,1.62772076779234,0.711,0.435,1,"HER2+","DNAJC18"
0.00904733776210198,0.890237898069878,0.605,0.304,1,"HER2+","POU6F1"
0.00904733776210198,0.303815199228494,0.605,0.304,1,"HER2+","CELA3B"
0.00904733776210198,2.24093218878667,0.579,0.348,1,"HER2+","POLR2I"
0.00905082755047139,2.200990402551,0.526,0.304,1,"HER2+","LMTK2"
0.0090968727417631,0.99675917093312,0.526,0.174,1,"HER2+","USP30"
0.00910398285959964,1.02926545363554,0.658,0.391,1,"HER2+","DENND1A"
0.00910398285959964,2.37443001652395,0.632,0.435,1,"HER2+","KDSR"
0.00910739597129672,1.56400937366789,0.711,0.478,1,"HER2+","DHRSX"
0.00910739597129672,2.32048927925745,0.684,0.522,1,"HER2+","EPM2A"
0.00911467790541575,2.4098671050706,0.474,0.13,1,"HER2+","TSGA10"
0.00913778570061016,1.78748966446032,0.632,0.391,1,"HER2+","ALG1"
0.00914105226685792,1.48852592891359,0.632,0.348,1,"HER2+","HDDC3"
0.00914325916445905,1.54938059352502,0.842,0.739,1,"HER2+","SLC12A9"
0.00914463269297447,0.764450765369913,0.763,0.565,1,"HER2+","PRICKLE2"
0.00914862993690243,2.05897981552034,0.763,0.435,1,"HER2+","UVRAG"
0.00915639460189349,0.567621253536878,0.368,0.087,1,"HER2+","ESR1"
0.00915639460189349,1.97114859411906,0.368,0.087,1,"HER2+","PATZ1"
0.00915639460189349,2.68797475196483,0.368,0.087,1,"HER2+","MRPS2"
0.00916772591153512,1.06637176564482,0.763,0.478,1,"HER2+","UVSSA"
0.00916772591153512,1.59849587506558,0.763,0.478,1,"HER2+","VSTM4"
0.00916772591153512,1.24478738446793,0.737,0.522,1,"HER2+","OAF"
0.00916887990697778,3.50442701658662,0.474,0.174,1,"HER2+","TGFBR1"
0.00916887990697778,1.39630833035272,0.474,0.174,1,"HER2+","NPIPB15"
0.00923450152331194,3.58510992719934,0.553,0.304,1,"HER2+","EIF2B1"
0.00923450152331194,2.2640207378293,0.553,0.304,1,"HER2+","NEB"
0.00924784038627838,1.11085340528687,0.684,0.478,1,"HER2+","TCF7L1"
0.00926964301748696,1.30163151424565,0.553,0.261,1,"HER2+","TBC1D10A"
0.00927575815510047,3.2512959170005,0.421,0.13,1,"HER2+","MRPL39"
0.00928915740928034,1.48458449536338,0.789,0.696,1,"HER2+","UQCR10"
0.00934462844948068,2.21757919416287,0.816,0.783,1,"HER2+","FAM98C"
0.00934883336119753,2.61760335012582,0.605,0.435,1,"HER2+","HIGD2A"
0.00935114588428759,1.29986318007158,0.447,0.174,1,"HER2+","SH3RF2"
0.00935114588428759,2.47523634700898,0.447,0.174,1,"HER2+","DENND1B"
0.00935425340049323,3.07378365974132,0.737,0.478,1,"HER2+","POTEC"
0.00935425340049323,2.42374139278234,0.684,0.565,1,"HER2+","HNRNPDL"
0.00937555844561716,2.27879882416982,0.395,0.087,1,"HER2+","FLYWCH2"
0.00937555844561716,1.746045548407,0.395,0.087,1,"HER2+","ANKRD39"
0.00937650506256497,1.14981822125152,0.579,0.304,1,"HER2+","PKD1"
0.00937650506256497,3.1602250339825,0.579,0.304,1,"HER2+","PLS3"
0.00937650506256497,1.27462732257368,0.579,0.304,1,"HER2+","NCKAP5L"
0.00939203118918611,1.92159646863065,0.5,0.174,1,"HER2+","GPS1"
0.00939203118918611,0.639261750677516,0.5,0.174,1,"HER2+","FCHSD1"
0.00943106650045727,2.03397997122678,0.526,0.217,1,"HER2+","EIF2B5"
0.00945700559381142,1.36654180278969,0.711,0.435,1,"HER2+","ZC3H10"
0.00945700559381142,0.847441046467249,0.711,0.435,1,"HER2+","BNIP3P28"
0.00945700559381142,2.46457799823486,0.658,0.522,1,"HER2+","LIMA1"
0.00945902869710706,1.17177382854754,0.816,0.87,1,"HER2+","RPL21P16"
0.00947534249457103,2.05016700828142,0.842,0.696,1,"HER2+","SLC27A5"
0.0094785035462611,2.09111901944388,0.605,0.304,1,"HER2+","PARP8"
0.0094785035462611,1.17403554546797,0.579,0.348,1,"HER2+","LAMC2"
0.00952257800207645,1.25321598662313,0.763,0.391,1,"HER2+","HIVEP1"
0.00952257800207645,1.16995349577038,0.737,0.435,1,"HER2+","OR2T33"
0.00952663259427255,1.2213631876047,0.632,0.435,1,"HER2+","AKR7L"
0.00954239018609848,1.1032125038737,0.632,0.304,1,"HER2+","HDAC4"
0.00954239018609848,1.70138926933883,0.632,0.304,1,"HER2+","ABHD3"
0.00954239018609848,0.977974110383212,0.632,0.304,1,"HER2+","CCDC163"
0.00955560008341719,0.374019999790529,0.5,0.217,1,"HER2+","ZSCAN10"
0.00955560008341719,0.675608485075928,0.5,0.217,1,"HER2+","SCN7A"
0.00955617368426783,1.9829214073676,0.711,0.652,1,"HER2+","APIP"
0.00956399005926579,0.781040086375898,0.763,0.435,1,"HER2+","MICALL1"
0.00957023118430739,1.23705018425288,0.632,0.348,1,"HER2+","ADIPOQ"
0.00958250430818818,0.391893611070392,0.789,0.435,1,"HER2+","IPO7"
0.00958250430818818,1.77573390904961,0.737,0.522,1,"HER2+","CAMLG"
0.00958625712624677,0.998305080850301,0.842,0.565,1,"HER2+","TOX4"
0.00959532051344022,2.06846821858648,0.816,0.696,1,"HER2+","P2RX4"
0.00959532051344022,1.79529613555951,0.816,0.696,1,"HER2+","IDH3A"
0.00959532051344022,1.91748105291022,0.816,0.696,1,"HER2+","OR6Y1"
0.00966268448677847,2.0268543938991,0.5,0.261,1,"HER2+","GINS2"
0.00966624585134024,2.04357629335939,0.842,0.826,1,"HER2+","ZNF506"
0.00967038004809171,1.59194811600086,0.737,0.391,1,"HER2+","EXOC5"
0.00967877125961981,2.9576880506318,0.316,0.043,1,"HER2+","DEPDC1"
0.00967877125961981,1.14750894581629,0.316,0.043,1,"HER2+","CAMSAP3"
0.00967877125961981,1.76452411787329,0.316,0.043,1,"HER2+","JPH1"
0.00967877125961981,0.991503700532285,0.316,0.043,1,"HER2+","PLXNA1"
0.00967877125961981,0.521403343438244,0.316,0.043,1,"HER2+","FGFRL1"
0.00967877125961981,2.65119395757542,0.316,0.043,1,"HER2+","DGCR6L"
0.00967877125961981,2.19852495513554,0.316,0.043,1,"HER2+","BEX2"
0.00967877125961981,2.77321761293986,0.316,0.043,1,"HER2+","KLF4"
0.00967877125961981,1.82176377199753,0.316,0.043,1,"HER2+","CAPN13"
0.00967877125961981,2.02329964997462,0.316,0.043,1,"HER2+","PTPN13"
0.00967877125961981,1.15755163884559,0.316,0.043,1,"HER2+","CCDC51"
0.00967877125961981,3.29130896731623,0.316,0.043,1,"HER2+","RNF26"
0.00967877125961981,2.15117872981402,0.316,0.043,1,"HER2+","UQCC4"
0.00967877125961981,1.90986223263764,0.316,0.043,1,"HER2+","EPS8L2"
0.00967877125961981,0.891346333140158,0.316,0.043,1,"HER2+","CUEDC1"
0.00967877125961981,3.39026672065961,0.316,0.043,1,"HER2+","LDOC1"
0.00967877125961981,2.87062006375917,0.316,0.043,1,"HER2+","IQGAP3"
0.00967877125961981,2.56645870797673,0.316,0.043,1,"HER2+","NR2F2"
0.00967877125961981,3.74448177821357,0.316,0.043,1,"HER2+","PLA2G2A"
0.00967877125961981,0.524781214938155,0.316,0.043,1,"HER2+","ZNF860"
0.00968075002686737,0.900452373515829,0.579,0.261,1,"HER2+","MYH3"
0.00968075002686737,1.84483026087661,0.579,0.261,1,"HER2+","LRAT"
0.00968075002686737,0.720487827835153,0.579,0.261,1,"HER2+","CCDC74A"
0.00968075002686737,1.89032290094381,0.553,0.304,1,"HER2+","DIRAS2"
0.0096836567819431,1.36771100984409,0.368,0.087,1,"HER2+","MAGOH"
0.00970315661713018,1.43651963302597,0.816,0.652,1,"HER2+","OR7E25P"
0.00970967499068802,1.366054934803,0.895,0.783,1,"HER2+","DNAJC7"
0.00971674542612523,1.04177936106541,0.553,0.217,1,"HER2+","ZNF682"
0.00972148527418074,1.11931410817289,0.553,0.261,1,"HER2+","C3orf18"
0.00972148527418074,0.520145534695845,0.553,0.261,1,"HER2+","ASB11"
0.00972466593408715,0.929697453760657,0.842,0.478,1,"HER2+","CCNL2"
0.00972466593408715,1.83775544884854,0.789,0.565,1,"HER2+","NASP"
0.00976452167320929,1.37634374293914,0.605,0.348,1,"HER2+","CIPC"
0.00977781139619405,2.55411417279664,0.421,0.13,1,"HER2+","AGGF1"
0.00977781139619405,1.07782559701207,0.421,0.13,1,"HER2+","EVPL"
0.00979196877234016,1.26735607992158,0.947,0.826,1,"HER2+","DIS3L"
0.00979196877234016,2.15457877858618,0.895,0.913,1,"HER2+","ODF2L"
0.00979196877234016,1.37290940738334,0.895,0.913,1,"HER2+","GATAD1"
0.0097952830904815,1.0017313920534,0.711,0.391,1,"HER2+","INSYN1"
0.0097952830904815,2.3460973512684,0.658,0.478,1,"HER2+","MRPS22"
0.00979741736048192,1.10781274192947,0.868,0.522,1,"HER2+","MED4"
0.00979741736048192,2.00199310163175,0.816,0.609,1,"HER2+","KCNB1"
0.00980601503195091,2.37763807397637,0.842,0.652,1,"HER2+","CANX"
0.00980601503195091,2.13549902766558,0.842,0.652,1,"HER2+","CA5A"
0.00982506938199878,3.02430877780755,0.579,0.304,1,"HER2+","BCAS1"
0.00984056282217924,2.62004459683514,0.447,0.174,1,"HER2+","MRPL47"
0.00984056282217924,1.70200944269071,0.447,0.174,1,"HER2+","ATAD1"
0.00984056282217924,1.52462214751881,0.447,0.174,1,"HER2+","FAM110C"
0.0098766485711953,1.85784154637749,0.816,0.565,1,"HER2+","ZNF345"
0.00989486847923357,1.86129948455273,0.632,0.478,1,"HER2+","WWTR1"
0.00990234564509961,1.66821372417938,0.395,0.087,1,"HER2+","PES1"
0.00997268414569354,0.997230241600441,0.842,0.739,1,"HER2+","PIN1"
0.00999608327717173,2.44425296113398,0.711,0.522,1,"HER2+","FDPS"
0.00999608327717173,1.8300383410034,0.711,0.522,1,"HER2+","PUS1"
8.80674410908159e-12,4.94912837554734,1,0.211,1.61057736266884e-07,"HER2-","CMTM5"
2.05721895030065e-11,5.140792435138,1,0.237,3.76224201630983e-07,"HER2-","GP1BA"
4.09265569625252e-11,4.69893424159092,0.957,0.105,7.4846487373066e-07,"HER2-","AQP10"
4.53299558908965e-11,4.55741126555277,1,0.184,8.28994233332716e-07,"HER2-","VSIR"
6.63667706047109e-11,3.8458178636374,1,0.237,1.21371550081895e-06,"HER2-","PTCRA"
7.7608149964803e-11,5.19044685932628,1,0.5,1.41929784655632e-06,"HER2-","GRAP2"
7.98686604877813e-11,4.56055625281061,1,0.289,1.46063806300054e-06,"HER2-","RAB32"
8.08270691767236e-11,5.17679998677403,0.957,0.184,1.47816544110392e-06,"HER2-","CLDN5"
8.59906296924704e-11,4.31465160494764,1,0.184,1.5725966358159e-06,"HER2-","EHD3"
2.02231827151528e-10,4.8632118362307,1,0.579,3.69841565494715e-06,"HER2-","GNG11"
2.02249271830053e-10,3.77572396763632,1,0.316,3.69873468322801e-06,"HER2-","MFAP3L"
2.18575857496329e-10,4.15461661470958,1,0.895,3.99731528189286e-06,"HER2-","LIMS1"
2.79634173454671e-10,3.92569140901054,1,0.395,5.11394976413902e-06,"HER2-","CLEC1B"
2.95572742891432e-10,4.50553952935356,1,0.737,5.4054343219985e-06,"HER2-","TUBB1"
3.36302800792645e-10,3.9715804445418,1,0.553,6.15030562089588e-06,"HER2-","MMD"
3.37326557092165e-10,4.14088403233868,1,0.632,6.16902807610151e-06,"HER2-","RGS18"
3.45977166258675e-10,4.59677604549972,0.957,0.263,6.32723041653865e-06,"HER2-","TUBA8"
4.13500227938915e-10,4.2897704105806,1,0.526,7.56209216854688e-06,"HER2-","CAVIN2"
4.25618874381786e-10,3.9371676163178,1,0.868,7.7837179746941e-06,"HER2-","H2AC6"
4.72042974990745e-10,3.43948317741958,1,0.921,8.63272192663074e-06,"HER2-","RAP1B"
5.50707402274565e-10,3.56824827317842,1,0.474,1.00713369727972e-05,"HER2-","CDKN2D"
5.79398693973186e-10,3.50025599509749,1,0.368,1.05960433153816e-05,"HER2-","GP9"
6.28074221457161e-10,4.20983502610389,1,0.658,1.14862213620086e-05,"HER2-","DAPP1"
6.53210210378658e-10,4.53931199631181,0.87,0.132,1.19459083274049e-05,"HER2-","LY6G6F"
7.00530727695364e-10,5.19011058225257,0.957,0.342,1.28113059480928e-05,"HER2-","GNAZ"
7.02391053075093e-10,3.66248616834764,1,0.421,1.28453275786373e-05,"HER2-","GUCY1B1"
7.02391053075093e-10,4.17763118235258,1,0.421,1.28453275786373e-05,"HER2-","MAPRE2"
8.11151860399762e-10,2.98348415296027,1,0.316,1.48343452229909e-05,"HER2-","INAFM2"
8.40778289604156e-10,4.65793913190676,1,0.737,1.53761533602808e-05,"HER2-","ILK"
9.44824432934399e-10,3.56463643778929,1,0.763,1.72789492295043e-05,"HER2-","TSC22D1"
9.76064503585724e-10,3.67598909472379,1,0.816,1.78502676415757e-05,"HER2-","CCND3"
9.76064503585724e-10,4.13191485251463,1,0.816,1.78502676415757e-05,"HER2-","GSTO1"
9.77932419742642e-10,3.67734103582122,0.957,0.184,1.78844280922534e-05,"HER2-","ALOX12"
1.07146404165492e-09,3.68179707129792,1,0.816,1.95949343937851e-05,"HER2-","PRKAR2B"
1.08288135948289e-09,4.00671276305365,1,0.842,1.98037343022231e-05,"HER2-","RGS10"
1.11306895626258e-09,3.73558612630894,1,0.737,2.035580507213e-05,"HER2-","ICAM2"
1.1596910430667e-09,4.4041800730261,0.826,0.079,2.12084297956038e-05,"HER2-","TNNC2"
1.18840362619501e-09,3.86374016011815,1,0.842,2.17335255158543e-05,"HER2-","NT5C3A"
1.19738355035867e-09,3.26308935475673,1,0.868,2.18977503689593e-05,"HER2-","C2orf88"
1.19857983046677e-09,2.9857023077642,1,0.289,2.19196279395763e-05,"HER2-","DOK2"
1.31373195989966e-09,3.94056481633042,1,0.868,2.4025530082645e-05,"HER2-","RSU1"
1.31733870773768e-09,3.60194459827623,1,0.316,2.40914902871067e-05,"HER2-","SEPT5-GP1BB"
1.32342650344575e-09,4.26583751866488,1,0.605,2.42028238950159e-05,"HER2-","ELOVL7"
1.46074729828208e-09,4.5474948030913,1,0.658,2.67141465909827e-05,"HER2-","TUBA4A"
1.47066443696163e-09,3.84734008901215,1,0.737,2.68955112231542e-05,"HER2-","RAB27B"
1.53794421686061e-09,3.49263866407284,1,0.553,2.81259238379469e-05,"HER2-","ESAM"
1.59255384620773e-09,4.48014137147822,0.957,0.395,2.9124624739447e-05,"HER2-","ZNF185"
1.61307835011561e-09,4.34060739914566,1,0.737,2.94999768669143e-05,"HER2-","CD226"
1.67904429398086e-09,3.28064401281887,1,0.789,3.0706362048322e-05,"HER2-","FAXDC2"
1.86815438742675e-09,5.26693641382802,0.957,0.263,3.41648074372604e-05,"HER2-","PF4V1"
2.00332507221749e-09,4.52043375700085,1,0.684,3.66368089207134e-05,"HER2-","F13A1"
2.11362008354255e-09,4.85284933652723,1,0.658,3.86538840878262e-05,"HER2-","GP6"
2.18998570610732e-09,4.07356937567399,0.783,0.026,4.00504585932906e-05,"HER2-","ADRA2A"
2.40677980712889e-09,3.43946992554882,1,0.684,4.40151891127731e-05,"HER2-","TPST2"
2.51145873457716e-09,4.16517426794294,0.913,0.184,4.5929557337947e-05,"HER2-","BMP6"
2.59555622421513e-09,5.63943788103813,0.826,0.105,4.74675322284462e-05,"HER2-","TM6SF1"
2.68030058292392e-09,3.63441233037029,1,0.553,4.90173370605126e-05,"HER2-","NRGN"
2.70826381480798e-09,3.64667525678888,1,0.447,4.95287286452084e-05,"HER2-","TMA7B"
2.82720809228257e-09,7.08937756192129,0.913,0.368,5.17039815916637e-05,"HER2-","PLEK"
2.97595254344508e-09,3.15842434629354,1,0.842,5.44242201145235e-05,"HER2-","RUFY1"
3.52032980432481e-09,5.17034563538095,0.913,0.263,6.43797914614921e-05,"HER2-","TREML1"
3.57550734220471e-09,4.63346298066995,1,0.711,6.53888782742398e-05,"HER2-","PF4"
3.58892015719248e-09,3.87682682418682,1,0.526,6.56341718347361e-05,"HER2-","FLI1"
3.6702019372917e-09,3.37464115756551,1,0.737,6.71206530291906e-05,"HER2-","TAL1"
3.96594665029509e-09,2.39782650855419,1,0.947,7.25292323405965e-05,"HER2-","OAZ1"
4.01688385102145e-09,3.52356153119228,1,0.737,7.34607718674803e-05,"HER2-","MYLK"
4.15166224750082e-09,3.20665151741424,1,0.684,7.5925599182295e-05,"HER2-","MAX"
4.15360865946708e-09,3.44626236276873,0.826,0.079,7.59611951643339e-05,"HER2-","SCGB1C1"
4.23266788993161e-09,4.5597962172777,0.87,0.184,7.74070303710693e-05,"HER2-","MYZAP"
4.91901968886952e-09,6.62988797032647,0.826,0.132,8.99590320700457e-05,"HER2-","STX11"
4.9434834487407e-09,3.41804105185159,1,0.579,9.040642531057e-05,"HER2-","CMTM6"
5.00001404804739e-09,5.59281487737615,0.87,0.211,9.14402569106906e-05,"HER2-","LGALS12"
5.07306155514906e-09,3.53682699943113,1,0.553,9.27761497205661e-05,"HER2-","PRKCB"
5.1261637195662e-09,2.85301546560449,1,0.711,9.37472821034266e-05,"HER2-","RNF43"
5.1444524823783e-09,2.42307718548425,1,0.868,9.40817469977344e-05,"HER2-","PTP4A2"
5.16389138854195e-09,3.64337659382596,1,0.526,9.44372457136552e-05,"HER2-","H3C10"
5.74099188851812e-09,4.71006205625794,0.87,0.158,0.000104991259657219,"HER2-","SMIM3"
5.88945287696521e-09,3.13992773222771,0.957,0.263,0.00010770631421394,"HER2-","MMRN1"
5.97029793576201e-09,3.61875414505182,1,0.789,0.000109184808649216,"HER2-","AMD1"
6.24622179111062e-09,2.63313555712799,1,0.474,0.000114230904115831,"HER2-","PLEKHO1"
6.67409404899701e-09,5.1049593853431,1,0.842,0.000122055831968057,"HER2-","PPBP"
6.95075431270559e-09,4.01233695037794,0.957,0.447,0.00012711539487076,"HER2-","TSPAN33"
7.18631202493537e-09,2.97910160851022,1,0.632,0.000131423274312018,"HER2-","PADI4"
7.29284767583872e-09,2.90536632527271,1,0.842,0.000133371598295738,"HER2-","MTURN"
7.39641338871528e-09,2.75294521552988,1,0.921,0.000135265608052825,"HER2-","MOB1A"
7.40373419485498e-09,3.32543963828329,1,0.526,0.000135399490955508,"HER2-","PTGS1"
7.49326958539948e-09,4.86685626312654,1,0.658,0.000137036914177786,"HER2-","THBS1"
7.5101306446402e-09,3.96055794429757,1,0.737,0.00013734526922918,"HER2-","PTPN18"
7.71518233597958e-09,4.05294377932876,0.87,0.158,0.000141095254560395,"HER2-","PPP1R14A"
7.74209762354346e-09,2.77213249047935,1,0.579,0.000141587481339363,"HER2-","GNA13"
7.74286731388895e-09,3.72529941690193,0.957,0.553,0.000141601557436401,"HER2-","FYB1"
8.05791976974132e-09,2.85091782580264,1,0.895,0.000147363236749029,"HER2-","LEPROT"
8.82446070396976e-09,2.93969459340909,1,0.921,0.000161381737354199,"HER2-","MYL12A"
8.82446070396976e-09,4.14883268839825,1,0.921,0.000161381737354199,"HER2-","CCL5"
9.09718701265018e-09,4.05579589766769,0.913,0.263,0.000166369356087346,"HER2-","TSPAN18"
9.23430591186766e-09,3.99235934909996,1,0.342,0.000168876986516236,"HER2-","PNMA1"
9.49863474922559e-09,2.77933616139063,1,0.553,0.000173711032293838,"HER2-","ACRBP"
9.85677976436061e-09,3.83840917184243,0.826,0.105,0.000180260788330627,"HER2-","HEXIM2"
1.04932540178078e-08,2.85981648662144,1,0.263,0.000191900629477669,"HER2-","P2RX1"
1.05775642406668e-08,3.438052226466,1,0.526,0.000193442494833315,"HER2-","SELP"
1.13841290437403e-08,3.90556668830505,1,0.711,0.000208192951951922,"HER2-","PECAM1"
1.14811641078276e-08,2.7198855091852,1,0.921,0.000209967529203951,"HER2-","YWHAH"
1.16545932989219e-08,3.14515601617612,1,0.605,0.000213139202250683,"HER2-","FERMT3"
1.33497487168523e-08,3.53849207330325,0.957,0.395,0.000244140204533795,"HER2-","ITGB3"
1.43838119041323e-08,3.84567065333788,0.87,0.211,0.000263051152102771,"HER2-","LRRC32"
1.43960906550867e-08,2.73404807389973,1,0.789,0.000263275705900226,"HER2-","MTPN"
1.43960906550867e-08,2.88298858318261,1,0.789,0.000263275705900226,"HER2-","ANO6"
1.61381281650977e-08,2.92542568620723,1,0.711,0.000295134087883307,"HER2-","XPNPEP1"
1.61381281650977e-08,1.73783065204657,1,0.711,0.000295134087883307,"HER2-","ODC1"
1.62392342082923e-08,5.61375385913134,0.696,0.026,0.00029698311520125,"HER2-","SUSD3"
1.63642819268866e-08,4.03084592373777,0.913,0.289,0.000299269987878903,"HER2-","C19orf33"
1.66978169754834e-08,4.27715428819996,0.913,0.421,0.00030536967684764,"HER2-","RAB31"
1.74591162723316e-08,3.40459287703674,0.957,0.395,0.000319292318388401,"HER2-","TIMP1"
1.74899261415798e-08,2.92865830222361,1,0.842,0.000319855769277211,"HER2-","STOM"
1.86676125065856e-08,2.9928599910304,1,0.789,0.000341393297520437,"HER2-","CTSA"
1.88944061955661e-08,2.78880305409493,1,0.816,0.000345540900504514,"HER2-","VCL"
1.96572433929147e-08,3.01235558934903,1,0.658,0.000359491667169625,"HER2-","CTDSPL"
2.0603877147074e-08,3.14435122984663,1,0.632,0.000376803705265689,"HER2-","MFSD1"
2.10933466530373e-08,2.43717665371566,1,0.974,0.000385755123590746,"HER2-","ITM2B"
2.29434807898631e-08,3.34122422150896,1,0.921,0.000419590376685016,"HER2-","TMBIM1"
2.35846397979336e-08,3.00180365401267,1,0.5,0.000431315892624609,"HER2-","SRGN"
2.37924165155143e-08,2.62034865347246,1,0.763,0.000435115713235726,"HER2-","TLK1"
2.50249702577876e-08,2.87553332162578,1,0.947,0.000457656656074421,"HER2-","TPM4"
2.59190335462242e-08,3.35743385913346,1,0.763,0.000474007285493347,"HER2-","RAP2B"
2.72202209944498e-08,2.21679200371529,1,0.921,0.000497803401546497,"HER2-","CAPZA2"
2.84002316572769e-08,4.56599002095809,0.913,0.342,0.000519383436548281,"HER2-","P2RY1"
3.15739151039958e-08,2.80208942431663,1,0.816,0.000577423759421876,"HER2-","CD47"
3.17168083581012e-08,3.63159984129543,0.783,0.105,0.000580036991252955,"HER2-","FKBP1B"
3.23066952164592e-08,2.56065975869867,1,0.947,0.000590824842118606,"HER2-","NAP1L1"
3.49414430388011e-08,2.77891638967044,0.957,0.737,0.000639009110293594,"HER2-","MPP1"
3.74433430205215e-08,3.48704528100475,0.957,0.447,0.000684763857159297,"HER2-","INSIG1"
3.82622833953244e-08,2.13091173844087,1,0.947,0.000699740638733692,"HER2-","RAB11A"
3.88133861938197e-08,3.75770341282033,0.957,0.605,0.000709819206712576,"HER2-","PDLIM1"
3.89530628584749e-08,3.3207639608498,0.957,0.289,0.000712373613555788,"HER2-","SLC18A2"
4.02306710107078e-08,2.33930590463086,1,0.789,0.000735738511443825,"HER2-","TMEM40"
4.15102113011181e-08,3.58407815550018,0.957,0.5,0.000759138744274847,"HER2-","ENDOD1"
4.29026038765644e-08,3.18067916070074,0.826,0.132,0.000784602819694609,"HER2-","CPNE5"
4.37663866602553e-08,2.67310258027721,1,0.789,0.000800399679242749,"HER2-","ARHGAP21"
4.83872782804524e-08,3.71687688432249,1,0.632,0.000884906545192913,"HER2-","CORO1C"
5.54650437745065e-08,3.4670441874108,1,0.763,0.00101434472054818,"HER2-","SLC2A3"
5.56310832505296e-08,4.37594407386391,0.913,0.553,0.00101738125048568,"HER2-","LGALSL"
5.6331820430572e-08,2.2684539664497,0.739,0.053,0.0010301963320343,"HER2-","SCGB1C2"
5.97039941615884e-08,4.21576264210428,0.913,0.579,0.00109186664522713,"HER2-","SPARC"
6.22473175880483e-08,2.47046587814373,1,0.632,0.00113837894405023,"HER2-","NEXN"
6.2901753408556e-08,4.13278208287073,0.913,0.289,0.00115034726633567,"HER2-","MOB3C"
6.40196061841306e-08,3.20598561426337,0.957,0.421,0.00117079055789538,"HER2-","RAB37"
6.55254909259339e-08,3.29283080571816,1,0.763,0.00119833017805348,"HER2-","GFI1B"
6.64741494191164e-08,2.38028392735439,1,0.789,0.0012156792445768,"HER2-","KIF2A"
7.16547069330889e-08,4.53536148816715,0.913,0.553,0.00131042128039233,"HER2-","SH2B3"
7.93835107499078e-08,3.87456906792975,0.913,0.632,0.00145176564459431,"HER2-","NCK2"
8.07719569764635e-08,2.74834701733217,1,0.895,0.00147715754918556,"HER2-","MARCHF2"
8.10581732501591e-08,2.42033038005681,1,0.947,0.00148239187239891,"HER2-","SAT1"
8.18042337961606e-08,3.85443167872568,0.957,0.5,0.00149603582766419,"HER2-","SNN"
8.27552590240196e-08,3.17143731755026,0.957,0.605,0.00151342817703127,"HER2-","SMOX"
8.32807854827548e-08,3.11466020457928,0.957,0.632,0.00152303900490862,"HER2-","ZYX"
8.62654975271107e-08,2.47556012806506,1,0.579,0.0015776234187758,"HER2-","FXYD5"
8.68517978371869e-08,3.11971644893449,1,0.842,0.00158834567884647,"HER2-","GPX1"
8.991970855113e-08,3.94418298207573,0.957,0.605,0.00164445162998307,"HER2-","SAV1"
9.50043847719189e-08,3.12776214644268,0.913,0.421,0.00173744018870885,"HER2-","GATA1"
9.54361669650141e-08,2.0457729358242,1,0.921,0.00174533662145618,"HER2-","PIP4K2A"
9.76830263378765e-08,3.08131327858153,0.957,0.605,0.00178642718566709,"HER2-","TBXA2R"
1.00767147932105e-07,2.61648310154418,1,0.684,0.00184282960138233,"HER2-","PTPRJ"
1.04797141747714e-07,3.17749067085802,0.957,0.579,0.0019165301282822,"HER2-","MAP3K5"
1.09386583381652e-07,2.36832484664809,1,0.684,0.00200046183688364,"HER2-","CMIP"
1.11067200956276e-07,2.66634086011864,1,0.842,0.00203119697108838,"HER2-","RIPOR2"
1.12400359214522e-07,2.39506982123451,1,0.921,0.00205557776931518,"HER2-","MBNL1"
1.13073023517224e-07,2.82488439552242,0.957,0.447,0.00206787945408299,"HER2-","RHOF"
1.21662909108671e-07,2.19904431481634,1,0.895,0.00222497128177937,"HER2-","TAGLN2"
1.21776022100544e-07,2.7618865345499,1,0.711,0.00222703989217475,"HER2-","DIMT1"
1.21942485456534e-07,2.96137018825948,1,0.921,0.0022300841740291,"HER2-","PLA2G12A"
1.25008376026307e-07,2.87348675511652,0.957,0.684,0.00228615318076911,"HER2-","SH3BGRL2"
1.26278031031648e-07,2.9501302994547,0.913,0.316,0.00230937263150678,"HER2-","RHOBTB1"
1.28293497702249e-07,2.91421121715999,1,0.789,0.00234623148597873,"HER2-","GTPBP2"
1.29827782232976e-07,3.67952081881833,0.87,0.289,0.00237429048147667,"HER2-","PROSER2"
1.30935269585451e-07,4.05452097793985,0.826,0.211,0.00239454421017874,"HER2-","GGTA1"
1.31698185444006e-07,3.13231554934753,0.957,0.553,0.00240849641539999,"HER2-","STK40"
1.42567241273407e-07,2.78241114088868,1,0.868,0.00260726970840807,"HER2-","SNAP23"
1.5556335115438e-07,3.02850019679397,0.826,0.184,0.00284494256591129,"HER2-","TMEM158"
1.56986027043066e-07,3.18381504989246,0.913,0.368,0.00287096046256359,"HER2-","EMP3"
1.57835026470906e-07,3.77624287990647,0.957,0.711,0.00288648696409993,"HER2-","HACD4"
1.58928801003834e-07,2.95164820890587,0.957,0.5,0.00290648991275812,"HER2-","PDE5A"
1.74213021134467e-07,3.21771593176654,0.957,0.632,0.00318600773050714,"HER2-","NFE2"
1.7493947922809e-07,2.63627966282458,1,0.763,0.00319929319612331,"HER2-","RAB10"
1.77412333752667e-07,4.76443112312388,0.696,0.079,0.00324451675966878,"HER2-","MYEOV"
1.87215733502077e-07,2.6666689711224,0.957,0.5,0.00342380133428599,"HER2-","PSTPIP2"
2.01050696539474e-07,2.91235184262907,0.957,0.711,0.00367681513831391,"HER2-","ORAI1"
2.14470874163258e-07,3.09103114935024,0.957,0.737,0.00392224334669767,"HER2-","SERPINB1"
2.3707613390279e-07,2.55877774871815,1,0.737,0.00433564833681422,"HER2-","YPEL5"
2.43976279169401e-07,5.11160953380406,0.696,0.105,0.00446183819345001,"HER2-","CFAP161"
2.58498727709616e-07,2.5943850147869,1,0.658,0.00472742473235346,"HER2-","GNAQ"
2.58801081419128e-07,1.56439119115827,1,0.316,0.00473295417699301,"HER2-","PEAR1"
2.69166733295986e-07,2.023039944101,1,0.842,0.004922521218517,"HER2-","R3HDM4"
2.75145914333349e-07,4.66325273531356,0.826,0.263,0.0050318684813283,"HER2-","SRC"
2.82535803844991e-07,3.42234011613975,1,0.763,0.00516701478071719,"HER2-","PCSK6"
2.84443157649897e-07,3.18368100172498,0.739,0.132,0.00520189646710132,"HER2-","AATK"
2.92404335085822e-07,3.8305022656991,0.913,0.526,0.00534749048004952,"HER2-","TMEM140"
2.92869493083164e-07,2.33049376748117,0.957,0.342,0.0053559972895049,"HER2-","H2BC11"
3.12921060629477e-07,2.45738925883069,1,0.816,0.00572270035679187,"HER2-","CLCN3"
3.12921060629477e-07,1.76425399088149,1,0.816,0.00572270035679187,"HER2-","GMPR"
3.272345991303e-07,4.56482216959112,0.783,0.158,0.00598446634889493,"HER2-","ADORA2A"
3.43588344949123e-07,2.13909819446211,1,0.632,0.00628354365242956,"HER2-","LTBP1"
3.52321115628973e-07,2.02027421988025,1,0.737,0.00644324856262266,"HER2-","CTTN"
3.56291161144917e-07,4.56326156462381,0.696,0.105,0.00651585275501824,"HER2-","P2RY12"
3.57756001046631e-07,3.53662075212063,0.783,0.158,0.0065426417471408,"HER2-","LAPTM5"
3.58017600050013e-07,2.29165165539834,1,0.763,0.00654742586971464,"HER2-","ASAP1"
3.67917279833675e-07,4.05246755520837,0.826,0.237,0.00672847121359824,"HER2-","MAP1A"
3.69769555007765e-07,5.37704225566934,0.826,0.395,0.00676234562198201,"HER2-","MYCT1"
4.10904414369482e-07,2.39162315207897,0.913,0.289,0.00751461992998908,"HER2-","ENKUR"
4.1549901705337e-07,2.70024417176919,0.957,0.684,0.00759864602387203,"HER2-","BNIP2"
4.23092598890541e-07,2.2205966621989,1,0.316,0.00773751744851021,"HER2-","MPIG6B"
4.35256711312482e-07,3.07534816978496,0.913,0.474,0.00795997473648267,"HER2-","GLA"
4.36000366774713e-07,3.90193587081318,0.913,0.526,0.00797357470757595,"HER2-","CASP3"
4.37354402636065e-07,2.71311986334217,0.957,0.474,0.00799833731540835,"HER2-","PDGFA"
4.45704127984781e-07,2.56866739298733,1,0.737,0.00815103709258568,"HER2-","STXBP2"
4.8454383164439e-07,2.51291542097133,0.913,0.289,0.0088613375931126,"HER2-","DIPK2A"
4.90392784781575e-07,2.96556069076915,0.957,0.632,0.00896830324808545,"HER2-","PTGIR"
5.12565966027061e-07,4.45216521477574,0.87,0.526,0.00937380638670289,"HER2-","MAD2L1BP"
5.59432324899368e-07,5.34860556566502,0.696,0.132,0.0102308983577596,"HER2-","DOK3"
5.62747077521986e-07,2.2880067010787,1,0.737,0.0102915185537221,"HER2-","CD99"
5.67672112033906e-07,4.05844220240953,1,0.658,0.0103815875848761,"HER2-","MINDY1"
5.73158257680911e-07,2.87732775476671,0.957,0.632,0.0104819182164685,"HER2-","BEND2"
5.80578474985777e-07,3.27980728130283,0.913,0.579,0.0106176191505399,"HER2-","FAM110A"
5.94168520876585e-07,1.24572068029584,1,0.579,0.010866153909791,"HER2-","SEMA4D"
6.01421365425553e-07,2.57820004358916,0.957,0.816,0.0109987939309025,"HER2-","CALM3"
6.1741072011433e-07,1.50169693111678,1,0.763,0.0112912072494509,"HER2-","CA2"
6.27704406056012e-07,3.82676090559494,0.913,0.579,0.0114794581779523,"HER2-","SSX2IP"
6.49577907451336e-07,2.02294634625597,0.957,0.816,0.01187948077147,"HER2-","PDCD10"
6.67594268502435e-07,2.49822302030928,0.957,0.658,0.0122089639823725,"HER2-","STK24"
6.91963503170967e-07,3.11114500701496,0.913,0.447,0.0126546285459906,"HER2-","GADD45A"
6.94508952648198e-07,2.0037039277386,1,0.974,0.0127011797260302,"HER2-","YWHAZ"
7.07369646386456e-07,3.09720205840339,0.87,0.368,0.0129363760931155,"HER2-","CCDC92"
7.13079524148282e-07,1.68988589690906,0.913,0.395,0.0130407983376238,"HER2-","MED12L"
7.17179006825766e-07,4.2587744524052,0.652,0.079,0.0131157696768296,"HER2-","GPR55"
7.3401115635045e-07,2.78660418753657,0.913,0.421,0.013423596027337,"HER2-","KLF9"
7.48747247569106e-07,1.31483445968687,1,0.921,0.0136930896635438,"HER2-","TALDO1"
7.86782082032822e-07,1.99639440298618,1,0.789,0.0143886707162162,"HER2-","ABCC3"
7.92255449972502e-07,3.05110896040319,0.913,0.579,0.0144887676690971,"HER2-","SUSD1"
7.94202552849971e-07,3.08196789400506,1,0.816,0.0145243762865203,"HER2-","PDK1"
8.0970605859445e-07,2.89596756216721,0.913,0.447,0.0148079043995753,"HER2-","NLK"
8.38997859408226e-07,2.05927000603921,1,0.763,0.0153435928528576,"HER2-","BIN2"
8.40603298472749e-07,4.62407266255229,0.783,0.237,0.0153729531224696,"HER2-","FHL1"
8.73612341731102e-07,2.58054124077753,1,0.632,0.0159766225055784,"HER2-","STON2"
8.93492927920812e-07,2.26943458692734,0.957,0.395,0.0163401986658158,"HER2-","LCN2"
9.00681251135453e-07,2.54083985351829,1,0.658,0.0164716587207652,"HER2-","WIPF1"
9.73310627713729e-07,2.89139268806421,0.913,0.605,0.0177999047596287,"HER2-","TBXAS1"
9.82556605428564e-07,2.14325753160827,1,0.605,0.0179689952000776,"HER2-","NPTN"
9.91892896193568e-07,4.07774808320248,0.826,0.289,0.018139737285588,"HER2-","MYL9"
1.03531674206514e-06,3.10634225543721,0.913,0.5,0.0189338725788873,"HER2-","MEPCE"
1.08899780267188e-06,4.72692366944085,0.826,0.316,0.0199155918152634,"HER2-","AVPR1A"
1.1162919328148e-06,2.68664588006892,0.913,0.474,0.020414746867317,"HER2-","H2BC4"
1.13120376632155e-06,3.34429895040472,0.913,0.711,0.0206874544784885,"HER2-","MAP3K7CL"
1.13737629345398e-06,2.70669376115527,0.826,0.263,0.0208003376546865,"HER2-","ZNF438"
1.14899279476415e-06,3.05696011767967,0.696,0.132,0.0210127802306468,"HER2-","IFI27L2"
1.16014726999833e-06,3.06004488555724,0.957,0.842,0.0212167732737295,"HER2-","SH3BGRL3"
1.1738017509616e-06,2.1079360506888,1,0.868,0.0214664864215857,"HER2-","TLN1"
1.18400778205112e-06,1.93009020109899,0.565,0.026,0.021653134318151,"HER2-","LY86"
1.19370247436256e-06,3.23393548373866,0.957,0.816,0.0218304308511426,"HER2-","F2R"
1.34632084575144e-06,1.77497677251144,0.826,0.184,0.0246215156271024,"HER2-","RGS6"
1.3714052346098e-06,4.56058007521374,0.696,0.132,0.025080258930544,"HER2-","FSTL1"
1.38205225972507e-06,2.34177746474164,0.87,0.316,0.0252749717258521,"HER2-","ABLIM3"
1.43964944181495e-06,1.98763993877659,1,0.789,0.0263283089919117,"HER2-","DAB2"
1.45259938876959e-06,2.28190774864269,0.957,0.842,0.0265651376218182,"HER2-","PRDX6"
1.46939250210108e-06,2.05974821523312,1,0.868,0.0268722500784245,"HER2-","KCTD20"
1.47832085461028e-06,2.56440013632857,1,0.947,0.0270355317891127,"HER2-","NCOA4"
1.55126581438752e-06,3.02159069216818,0.739,0.132,0.0283695492135189,"HER2-","MFNG"
1.55869327725063e-06,4.16444083491589,0.87,0.421,0.0285053826543595,"HER2-","PRUNE1"
1.57414657113824e-06,3.03238365756788,0.913,0.579,0.0287879924929762,"HER2-","DERA"
1.59788948985697e-06,1.92739335131913,1,0.368,0.0292222029905043,"HER2-","RASGRP2"
1.68752145731823e-06,1.94012904701817,0.87,0.289,0.0308613924114359,"HER2-","GUCY1A1"
1.73394735419092e-06,2.51671973536043,0.957,0.816,0.0317104292134435,"HER2-","FRMD4B"
1.75250100053784e-06,3.03143715552544,0.913,0.447,0.032049738297836,"HER2-","GP1BB"
1.75445349029728e-06,1.99430237347626,0.913,0.526,0.0320854454305566,"HER2-","CCDC85B"
1.78280565846002e-06,1.9865101233555,1,0.553,0.0326039498819168,"HER2-","SUPT4H1"
1.79420580100964e-06,2.81370342131922,0.87,0.342,0.0328124356888642,"HER2-","TNFSF4"
1.82719248566338e-06,3.36406652500497,0.87,0.395,0.033415696177812,"HER2-","BICD2"
1.87266357654603e-06,3.93127634017936,0.739,0.237,0.0342472714878738,"HER2-","HGD"
1.96391128093525e-06,2.68237034524167,0.957,0.5,0.0359160095057438,"HER2-","ASAP2"
2.04604584462165e-06,3.46920731855176,0.826,0.342,0.0374180864064407,"HER2-","PIP4P2"
2.09269669066216e-06,3.64630616706288,0.609,0.079,0.0382712370788296,"HER2-","VEGFC"
2.14062030276498e-06,1.52291029471482,1,0.974,0.0391476640969659,"HER2-","ARPC5"
2.1631492839563e-06,2.28045072268721,0.826,0.263,0.0395596741049928,"HER2-","MEF2C"
2.19960659226349e-06,3.50409807929557,0.87,0.474,0.0402264053593147,"HER2-","GRK5"
2.33421824518938e-06,3.85623118799535,0.913,0.553,0.0426881832680234,"HER2-","CD68"
2.51402089664784e-06,1.57000024080306,1,0.5,0.0459764141578958,"HER2-","ARHGAP6"
2.52062746869153e-06,1.2246545851894,0.913,0.421,0.0460972351474308,"HER2-","H2BC5"
2.56573295689229e-06,2.00818529556076,1,0.658,0.0469221243156462,"HER2-","PTTG1IP"
2.59839081541825e-06,1.96546743262032,1,0.789,0.047519371232369,"HER2-","PPM1A"
2.65806277749106e-06,1.516746481858,0.957,0.368,0.0486106520747565,"HER2-","UBA7"
2.75036674717126e-06,3.74765635817796,0.696,0.132,0.0502987070722681,"HER2-","ZNF792"
2.91431839068637e-06,1.77529507042077,1,0.5,0.0532970547288724,"HER2-","FYN"
2.93269323230121e-06,1.93372543996237,1,0.737,0.0536330938323245,"HER2-","SCN1B"
2.96934976808992e-06,2.69357971407346,0.913,0.711,0.0543034685588285,"HER2-","LDLRAP1"
3.00529449113673e-06,2.08133873882247,1,0.789,0.0549608256539085,"HER2-","WDR1"
3.00891343441791e-06,2.22062298536894,0.957,0.632,0.0550270088886347,"HER2-","MFSD2B"
3.04041346401633e-06,2.51209814909161,1,0.684,0.0556030814299306,"HER2-","LAMTOR1"
3.10163781381993e-06,2.06253438340678,1,0.711,0.056722752339139,"HER2-","CDKN1A"
3.21010416981428e-06,3.82159675481808,0.826,0.553,0.0587063850575635,"HER2-","AKIRIN2"
3.23638428142084e-06,1.81788347119906,0.957,0.632,0.0591869957386244,"HER2-","PGRMC1"
3.27870822133045e-06,2.04096669879183,1,0.842,0.0599610159516913,"HER2-","PTPN12"
3.29992709622017e-06,3.21043284758146,0.739,0.184,0.0603490667356745,"HER2-","CABP5"
3.43590528579932e-06,2.67429708596134,0.957,0.789,0.062835835866698,"HER2-","RDH11"
3.45548395243714e-06,3.33044325704229,0.87,0.526,0.0631938905221705,"HER2-","SERPINE1"
3.64385648939186e-06,2.34725612247322,0.957,0.711,0.0666388474779984,"HER2-","SLC40A1"
3.77719398560221e-06,1.68489902985663,0.957,0.763,0.0690773236086933,"HER2-","VDAC3"
3.78563491205908e-06,2.03004356816099,0.913,0.289,0.0692316912717364,"HER2-","VSIG2"
3.82136461986719e-06,2.43241688757412,1,0.921,0.0698851161681313,"HER2-","ARPC1B"
3.87455653697152e-06,3.26730263225845,0.783,0.211,0.0708578899481352,"HER2-","AMIGO2"
3.93526594155539e-06,3.56422536448656,0.783,0.237,0.071968143539165,"HER2-","PDGFB"
3.96678411860869e-06,2.52320734043824,0.913,0.711,0.0725445479611157,"HER2-","UBE2F"
4.11797734389705e-06,3.37813895108459,0.739,0.158,0.0753095696651893,"HER2-","KCNA3"
4.195035558691e-06,2.93491254669503,0.783,0.211,0.0767188102973411,"HER2-","CXCL5"
4.26509198093356e-06,2.70240346232336,0.913,0.526,0.078000002147313,"HER2-","AP1S2"
4.44355356867192e-06,1.84567277672344,0.913,0.263,0.081263707663872,"HER2-","C12orf75"
4.47596424127585e-06,2.51739521363409,0.87,0.5,0.0818564340444528,"HER2-","MSANTD3"
4.57787457188343e-06,1.86203589095664,0.957,0.789,0.0837201701706042,"HER2-","CAP1"
4.60454346232021e-06,2.95033900979589,0.783,0.237,0.084207890838912,"HER2-","INKA1"
4.62699646380669e-06,1.85606934559465,1,0.553,0.0846185113300967,"HER2-","TGFB1"
5.03770407669442e-06,2.5743960939173,1,0.842,0.0921295321545876,"HER2-","TNFAIP8"
5.17719748557282e-06,2.30629420996565,0.87,0.5,0.0946805876161557,"HER2-","MLH3"
5.43073603822777e-06,2.5221882150701,0.957,0.895,0.0993173006671095,"HER2-","MYH9"
5.74975455894724e-06,3.58442626472697,0.739,0.237,0.105151511374027,"HER2-","PANX1"
5.7508855743748e-06,2.78688738825988,0.913,0.5,0.105172195384166,"HER2-","SLC6A4"
5.82620054466852e-06,3.60647314278781,0.739,0.211,0.106549555560898,"HER2-","SLC6A6"
6.07856520555289e-06,3.41092074621745,0.957,0.789,0.111164800479151,"HER2-","PLXDC2"
6.08700938350429e-06,3.05989146805197,0.826,0.395,0.111319227605526,"HER2-","WDR44"
6.17567459792365e-06,2.1495590514494,0.913,0.658,0.112940737046828,"HER2-","CARD19"
6.37363143786418e-06,5.22975819603625,0.609,0.105,0.11656097173566,"HER2-","LPAR5"
6.40490472973711e-06,2.48080729499938,0.87,0.316,0.117132897697432,"HER2-","SLC10A3"
6.64007874348299e-06,2.52207669320782,0.957,0.842,0.121433760060817,"HER2-","RAB8A"
6.90770878329552e-06,1.62299550287055,1,0.737,0.126328178228908,"HER2-","DMTN"
6.99540707117724e-06,1.71952271102201,1,0.763,0.127932004517689,"HER2-","LAT"
7.42728054601859e-06,1.40555960389926,0.87,0.316,0.135830106625588,"HER2-","PXK"
7.46972876348566e-06,2.43192269861104,0.957,0.921,0.136606399626626,"HER2-","MOB1B"
7.99873447766615e-06,2.37178863570611,0.913,0.553,0.146280856127559,"HER2-","GAS2L1"
8.22553531599892e-06,2.88890897306691,0.957,0.763,0.150428589858988,"HER2-","CD36"
8.24073820985908e-06,3.43489939775992,0.826,0.5,0.150706620381903,"HER2-","CLIP2"
8.48410586832498e-06,3.92235293956421,0.565,0.079,0.155157328119927,"HER2-","TRBV7-4"
8.58274909532203e-06,2.3958127524101,0.957,0.526,0.156961315455249,"HER2-","MCTP1"
8.64205211704087e-06,3.46490180015852,0.87,0.737,0.158045849116443,"HER2-","F2RL3"
8.825792904799e-06,2.03103084432822,1,0.842,0.161406100642964,"HER2-","SPPL3"
9.24111210979267e-06,2.6159481034477,0.957,0.789,0.169001458263888,"HER2-","ASB8"
9.34783424487855e-06,4.83750494199068,0.696,0.211,0.170953192670339,"HER2-","PDE3A"
9.51480458362196e-06,2.20412896459912,0.913,0.474,0.174006746225278,"HER2-","DNM3"
1.0178911819727e-05,3.52908649729335,0.652,0.132,0.186151939359168,"HER2-","SNPH"
1.02009016408697e-05,1.64628153983252,1,0.895,0.186554089208226,"HER2-","CAPN1"
1.05893775979184e-05,2.85588502708451,0.913,0.553,0.193658537510732,"HER2-","MFN2"
1.0808003246728e-05,3.10173127235607,0.957,0.632,0.197656763376161,"HER2-","PRKCD"
1.09268936133616e-05,3.71263569118329,0.696,0.211,0.199831030401157,"HER2-","SPSB1"
1.09552394225802e-05,1.8688851498934,1,0.974,0.200349418560147,"HER2-","WBP2"
1.1060607198029e-05,1.62677087080023,1,0.711,0.202276384437554,"HER2-","TSC22D3"
1.1082985294976e-05,4.46663767509467,0.565,0.079,0.202685635074522,"HER2-","PRTFDC1"
1.157993862055e-05,2.67973018947849,0.957,0.632,0.211773917492618,"HER2-","ABI1"
1.16525646279255e-05,2.36472222087061,0.913,0.421,0.213102101915501,"HER2-","BTK"
1.16945277391642e-05,2.73377942215321,0.87,0.368,0.213869523293835,"HER2-","GCOM1"
1.17187143226843e-05,1.5505672015608,0.957,0.947,0.214311847533251,"HER2-","ASAH1"
1.21967917584553e-05,2.89352844578383,0.435,0,0.223054927678631,"HER2-","CMTM2"
1.22068011169628e-05,1.88745367771108,1,0.658,0.223237978827015,"HER2-","ITGB5"
1.24391568238143e-05,2.02538364742986,0.957,0.763,0.227487299993917,"HER2-","RAP1A"
1.27833058955934e-05,1.77836722906405,0.522,0.026,0.233781098218612,"HER2-","MCEMP1"
1.30250348275274e-05,2.24564331381298,1,0.763,0.238201836925821,"HER2-","ABCC4"
1.32686191971999e-05,2.18573745691683,0.913,0.526,0.242656507878392,"HER2-","UBE2E3"
1.37811143703923e-05,1.98805009218433,0.739,0.184,0.252029019605733,"HER2-","HHEX"
1.41349000147687e-05,1.44140859977504,0.957,0.658,0.25849905147009,"HER2-","MSN"
1.46112525506817e-05,3.45538502507198,0.783,0.316,0.267210586646868,"HER2-","SCFD2"
1.4902741276388e-05,1.42054379487907,0.913,0.368,0.272541332462583,"HER2-","PKHD1L1"
1.53921989648407e-05,1.3091385699588,1,1,0.281492534669007,"HER2-","H3-3A"
1.53921989648407e-05,1.72096848469739,1,1,0.281492534669007,"HER2-","B2M"
1.59871415871665e-05,2.60526914423597,0.826,0.421,0.292372845346101,"HER2-","BANK1"
1.60619039112793e-05,2.87767632739207,0.87,0.5,0.293740098729477,"HER2-","MIGA2"
1.6597224430231e-05,1.13996402328812,0.652,0.132,0.303530040380065,"HER2-","PRKCQ"
1.66637782468429e-05,2.57973867148421,0.957,0.816,0.304747176578263,"HER2-","SEPTIN11"
1.67494696322091e-05,2.39602970684211,0.913,0.684,0.30631430063384,"HER2-","AKIRIN1"
1.75187899614146e-05,2.03701727396199,1,0.868,0.320383630814349,"HER2-","ITGB1"
1.75187899614146e-05,2.03198724775789,0.957,0.895,0.320383630814349,"HER2-","ARHGDIB"
1.78211543878018e-05,2.62560818175458,0.87,0.474,0.325913271444119,"HER2-","UBL4A"
1.87800948703423e-05,1.66680252679337,1,0.895,0.34345037498882,"HER2-","TTC7B"
1.88278798564692e-05,0.723989417334675,1,0.974,0.344324266815109,"HER2-","H3-3B"
1.89384125995143e-05,2.7785457555819,0.87,0.526,0.346345689619918,"HER2-","CDC14B"
1.89853979406049e-05,2.20166709147894,0.913,0.421,0.347204957537783,"HER2-","FRMD3"
1.97041361030561e-05,1.29573357962466,1,0.789,0.360349241052691,"HER2-","ITGA2B"
2.03922589045506e-05,2.28701252233392,0.87,0.316,0.372933630846422,"HER2-","SEPTIN5"
2.09765644896396e-05,2.26626666620354,0.913,0.711,0.383619411386529,"HER2-","CCNG1"
2.24838463982986e-05,2.60604932900145,0.783,0.316,0.411184582932085,"HER2-","UBXN11"
2.28547018765562e-05,1.37223641296864,0.957,0.579,0.41796678791846,"HER2-","ARHGAP18"
2.31550253269087e-05,3.63486608156276,0.522,0.053,0.423459103178507,"HER2-","GJA4"
2.32167773930838e-05,2.71327859581944,0.913,0.5,0.424588424964717,"HER2-","NT5M"
2.33935949249607e-05,2.30522814114095,0.913,0.474,0.427822063987681,"HER2-","PDZK1IP1"
2.36304940763365e-05,1.33823553298578,0.87,0.368,0.432154475668042,"HER2-","ARL15"
2.43033636903127e-05,1.93033082514665,0.957,0.553,0.444459915168439,"HER2-","STRN4"
2.44345465984059e-05,2.7208459327087,0.87,0.632,0.446858988191648,"HER2-","IGF2BP3"
2.44359853929238e-05,1.62030422364357,1,0.868,0.446885300865791,"HER2-","OST4"
2.44371818507858e-05,2.3182624434126,0.913,0.737,0.446907181687172,"HER2-","LYN"
2.53178701615338e-05,2.23707998426084,0.957,0.921,0.463013209514131,"HER2-","CLU"
2.59069896845357e-05,2.2630920390841,0.783,0.316,0.473787027350789,"HER2-","ZBTB34"
2.60319911049956e-05,1.25677640515137,0.783,0.237,0.47607305332816,"HER2-","SLC9A9"
2.60576683980031e-05,1.9085462986228,0.957,0.632,0.476542639662681,"HER2-","H2AC11"
2.63923064313451e-05,1.56604251762701,0.565,0.079,0.482662500016439,"HER2-","THEM5"
2.64390662962195e-05,1.64093919689363,0.913,0.395,0.483517644425262,"HER2-","PCP2"
2.64390662962195e-05,2.79160296957161,0.826,0.447,0.483517644425262,"HER2-","GTF2B"
2.9050484706891e-05,2.22922696405089,0.826,0.395,0.531275264319623,"HER2-","MOB2"
2.95014421369772e-05,2.05090007877499,1,0.816,0.53952237380104,"HER2-","ARL6IP5"
2.96137712979118e-05,2.66188892840865,0.87,0.5,0.541576649496211,"HER2-","E2F3"
3.10098976813814e-05,1.99632449941885,1,0.763,0.567109008797102,"HER2-","SLC35D2"
3.27403272634858e-05,3.15736757725587,0.783,0.342,0.598755104994627,"HER2-","ARHGEF3"
3.27666875200597e-05,1.55907121568986,0.913,0.579,0.599237181366851,"HER2-","MEIS1"
3.28087739906237e-05,2.71483974075106,0.652,0.158,0.600006858740526,"HER2-","JAM3"
3.28275394060466e-05,2.33831470195639,0.913,0.447,0.60035004065778,"HER2-","CELF2"
3.33858429188549e-05,4.57492901739944,0.783,0.395,0.610560295300019,"HER2-","SPHK1"
3.37448866309282e-05,3.63993617575914,0.652,0.184,0.617126486706415,"HER2-","SLC8A3"
3.40720120292249e-05,3.04650466269038,0.609,0.105,0.623108955990465,"HER2-","WNT11"
3.46839205802905e-05,1.19425877689181,0.913,0.5,0.634299539572353,"HER2-","H2BC12"
3.50685685231051e-05,1.66433277596285,0.957,0.711,0.641333981150546,"HER2-","TMEM50A"
3.5958715058753e-05,3.33935213336176,0.739,0.263,0.657612980994476,"HER2-","VEPH1"
3.63484165766791e-05,1.15840052959701,1,1,0.664739842354307,"HER2-","FTL"
3.65332033413768e-05,2.99603036447713,0.826,0.579,0.668119222707098,"HER2-","CGRRF1"
3.82652513325367e-05,2.17685451414695,0.957,0.842,0.699794916369432,"HER2-","MGLL"
3.84556651809804e-05,1.2867578331643,1,0.842,0.70327720482977,"HER2-","CAPZB"
3.84556651809804e-05,2.17404961854081,1,0.842,0.70327720482977,"HER2-","MICU1"
3.87655227302864e-05,2.32749294798113,1,0.947,0.708943879691478,"HER2-","TMSB4X"
3.90955303514796e-05,3.40246748906517,0.391,0,0.71497905906786,"HER2-","H1-6"
3.94179307565609e-05,2.17135054486584,0.522,0.053,0.720875117675985,"HER2-","DYTN"
4.01902244690342e-05,2.67674943584434,0.565,0.079,0.734998825089698,"HER2-","RAMP1"
4.07950310178532e-05,2.04200940665562,0.87,0.368,0.746059527254499,"HER2-","XK"
4.12276714825936e-05,0.628263884385021,0.913,0.658,0.753971656073672,"HER2-","H2BC21"
4.1344432654253e-05,1.59639282612321,1,0.947,0.756106984380979,"HER2-","ETFA"
4.13856205039368e-05,2.19295216572133,0.957,0.579,0.756860227775997,"HER2-","TACC3"
4.1721201046611e-05,1.66092233396522,0.913,0.368,0.762997324740423,"HER2-","RILP"
4.18841008107787e-05,1.91468108203143,0.957,0.737,0.76597643562752,"HER2-","GSN"
4.36432318859376e-05,2.96717889780262,0.783,0.368,0.798147424730027,"HER2-","DGKG"
4.52239105131864e-05,2.79048419850385,0.739,0.342,0.827054875465153,"HER2-","ATOSB"
4.57204391615981e-05,2.07671311826284,0.957,0.789,0.836135391387307,"HER2-","RNF11"
4.5896761852775e-05,3.47572513796739,0.652,0.211,0.83935998076355,"HER2-","EPSTI1"
4.5896761852775e-05,4.57559804101098,0.652,0.211,0.83935998076355,"HER2-","AGPAT1"
4.65577839567135e-05,0.64043949328318,0.957,0.658,0.851448753000377,"HER2-","HEMGN"
4.69007398324749e-05,2.13733019630976,0.913,0.737,0.857720730056301,"HER2-","ELF1"
4.7022897180961e-05,2.25558351521325,0.783,0.289,0.859954743645415,"HER2-","ZNF672"
4.74636826785538e-05,2.75164021315448,0.826,0.579,0.868015828825392,"HER2-","TBPL1"
4.87404520085252e-05,2.91996564180056,0.913,0.816,0.891365386331909,"HER2-","CRBN"
4.9703882719537e-05,2.2135887083809,1,0.842,0.908984607174893,"HER2-","ACTN1"
4.98017721225719e-05,1.72278463683844,0.957,0.763,0.910774808577595,"HER2-","GCLM"
4.98017721225719e-05,1.4568659349052,0.957,0.763,0.910774808577595,"HER2-","KIAA0513"
4.98017721225719e-05,2.48601212633795,0.957,0.763,0.910774808577595,"HER2-","TRAPPC3L"
5.03823377291673e-05,2.15155022669445,0.87,0.447,0.921392192391012,"HER2-","CALD1"
5.06456232870856e-05,1.55579185031808,0.913,0.526,0.926207158674221,"HER2-","PITPNM2"
5.07689074621977e-05,2.58825013756682,0.913,0.763,0.928461779668672,"HER2-","ATP2C1"
5.69569755940077e-05,2.73393825673774,0.783,0.421,1,"HER2-","PRR29"
5.70925896791501e-05,1.80256089001611,0.957,0.605,1,"HER2-","CNPY3"
5.71249556377053e-05,1.90486014421814,0.913,0.605,1,"HER2-","CNST"
5.77817416201807e-05,1.27965558984006,0.783,0.289,1,"HER2-","PCED1B"
6.05816161361333e-05,1.7880969644634,0.957,0.632,1,"HER2-","SEPTIN6"
6.07544686140491e-05,2.37399013285079,0.522,0.053,1,"HER2-","MTDHP3"
6.0847647987811e-05,2.65242320522449,0.87,0.658,1,"HER2-","CD84"
6.3047175499867e-05,3.44898755215269,0.739,0.263,1,"HER2-","MDM1"
6.4039581506263e-05,2.00779955256384,0.87,0.711,1,"HER2-","USP12"
6.69213653127369e-05,3.32802002928008,0.826,0.684,1,"HER2-","RGS3"
6.86427891219335e-05,1.49062892236084,1,0.921,1,"HER2-","DNAJB6"
7.16196847060534e-05,4.27399885825972,0.739,0.5,1,"HER2-","MITF"
7.26987226843292e-05,2.50845577332623,0.783,0.316,1,"HER2-","PRKAR1B"
7.31820299430918e-05,1.82756085076401,0.739,0.289,1,"HER2-","EPOR"
7.50175124621122e-05,3.68592642891546,0.565,0.132,1,"HER2-","PTPRN"
7.58170299724444e-05,2.44867438995526,0.913,0.816,1,"HER2-","PYGL"
7.64812762155036e-05,2.4009231586533,0.87,0.737,1,"HER2-","ARL8B"
7.64812762155036e-05,2.86216341806444,0.87,0.737,1,"HER2-","LRRC8B"
7.68885088968706e-05,1.98036628918213,0.957,0.842,1,"HER2-","PKM"
7.78355099375019e-05,1.0559423516616,1,1,1,"HER2-","GNAS"
8.37943379464007e-05,4.3215667148623,0.522,0.105,1,"HER2-","CD40LG"
8.43916009753421e-05,2.86305149656999,0.783,0.342,1,"HER2-","CXCL3"
8.70500532011813e-05,1.75558196143205,0.957,0.842,1,"HER2-","KAT6A"
8.72839229908743e-05,3.77683728070817,0.783,0.526,1,"HER2-","TXNL4B"
8.7890171808536e-05,2.66578188845386,0.652,0.211,1,"HER2-","VWF"
9.07654757050881e-05,2.02264417178146,0.783,0.368,1,"HER2-","ANKRD33B"
9.13828098862633e-05,0.981866325172558,0.87,0.526,1,"HER2-","PCYT1B"
9.27932114063018e-05,1.56316870263914,0.87,0.553,1,"HER2-","RPA1"
9.3241097486395e-05,3.48247389231345,0.696,0.263,1,"HER2-","DPY19L1"
9.33107495668723e-05,1.45706585420069,0.957,0.895,1,"HER2-","PCGF5"
9.96327870695075e-05,1.15043645498697,0.696,0.211,1,"HER2-","GPSM3"
0.000100303787691781,1.90674078062902,0.696,0.237,1,"HER2-","EFNB1"
0.000101534048500021,4.19052538558459,0.609,0.211,1,"HER2-","GP5"
0.000102278393311754,2.56422791478895,0.913,0.684,1,"HER2-","JARID2"
0.00010409548609664,1.25591584234096,0.826,0.421,1,"HER2-","H2BC12L"
0.000104699074785197,1.54960027606076,1,0.816,1,"HER2-","MBP"
0.000106371190168711,4.48606140439107,0.522,0.105,1,"HER2-","PLA2G4A"
0.000108137328745275,2.15796169066912,0.87,0.5,1,"HER2-","TOLLIP"
0.000111297188220433,2.12633765911653,1,0.816,1,"HER2-","KCNK6"
0.000114071998344802,2.41614629084501,0.957,0.816,1,"HER2-","GNB5"
0.000115245564373134,1.78825406637458,0.957,0.868,1,"HER2-","ISCA1"
0.000115644911911096,1.91442294366888,0.913,0.684,1,"HER2-","DBNL"
0.000116300536251015,1.72035305142162,0.826,0.395,1,"HER2-","LCP2"
0.000117028219836288,3.80291882070673,0.609,0.211,1,"HER2-","WASF3"
0.000117242741837302,2.29495647815771,0.913,0.579,1,"HER2-","UXS1"
0.000117598500673661,2.16904391440432,0.913,0.842,1,"HER2-","WIPI1"
0.000121524991356732,2.58876248408349,0.348,0,1,"HER2-","P2RY10"
0.000121524991356732,2.23411622623145,0.348,0,1,"HER2-","MSC"
0.000121524991356732,3.45133772942416,0.348,0,1,"HER2-","FFAR3"
0.000121524991356732,2.25613992968526,0.348,0,1,"HER2-","IGHV1-3"
0.000122794706096449,1.30943981626169,0.435,0.026,1,"HER2-","RAB33A"
0.000125085324080002,3.35582137210914,0.696,0.316,1,"HER2-","DCLRE1A"
0.000125419097769346,2.11185892553453,0.783,0.368,1,"HER2-","TMEM164"
0.000126352145457261,2.4184935061334,0.826,0.526,1,"HER2-","NOMO2"
0.000129160515044306,3.54265337238382,0.478,0.079,1,"HER2-","LEFTY1"
0.000132783020778285,2.02163351290937,0.87,0.526,1,"HER2-","NEK7"
0.000133134730855513,1.90508622083039,0.913,0.711,1,"HER2-","CUX1"
0.000133603445462093,1.37245139426426,0.739,0.289,1,"HER2-","MAML3"
0.000134733159064844,1.38529677151835,0.652,0.184,1,"HER2-","THAP11"
0.000139980524776854,1.8053729049946,1,0.763,1,"HER2-","PCNP"
0.000143082185931665,2.22892729589368,0.87,0.711,1,"HER2-","TMEM91"
0.00014399013554852,2.66300306376829,0.826,0.447,1,"HER2-","CCDC71L"
0.000144324747072816,1.06066718161602,0.957,0.632,1,"HER2-","DENND2C"
0.000144415576853142,1.97980064165174,0.826,0.474,1,"HER2-","EFHC2"
0.000145447410829584,4.00929983202849,0.826,0.658,1,"HER2-","LRP12"
0.000151289352381362,1.69944766223588,0.783,0.395,1,"HER2-","RGCC"
0.000151845046284851,2.67851372128467,0.783,0.368,1,"HER2-","PELI2"
0.000153563160180982,1.9857166845658,0.957,0.526,1,"HER2-","MADD"
0.00015494006606651,1.27117923120497,0.652,0.184,1,"HER2-","DNAJC6"
0.00015494006606651,2.76210827493713,0.652,0.184,1,"HER2-","AFAP1L2"
0.000159892867261143,2.65035884076911,0.565,0.132,1,"HER2-","FAM81B"
0.000163752185998769,1.86337947307548,0.87,0.658,1,"HER2-","ARRB1"
0.000168070352595998,3.65836887861169,0.435,0.053,1,"HER2-","PAOX"
0.000170421797460136,1.90249648503053,1,0.842,1,"HER2-","DIAPH1"
0.000181158108187845,3.08697815185384,0.565,0.158,1,"HER2-","ZGLP1"
0.000184934736422366,2.26002384819787,0.87,0.605,1,"HER2-","LYPLAL1"
0.000185018552188548,1.90482982243852,0.957,0.737,1,"HER2-","CMPK1"
0.000193201477406238,2.65681052490082,0.391,0.026,1,"HER2-","CATSPER1"
0.000193734216770535,2.87138549983531,0.478,0.079,1,"HER2-","CCRL2"
0.000194794417055063,1.16109204059506,0.957,0.632,1,"HER2-","SIAH2"
0.000199754131646556,2.05084308646672,0.826,0.579,1,"HER2-","ANKRD28"
0.000201603252659232,1.36105437825388,1,0.789,1,"HER2-","H1-2"
0.000202380987598066,1.73312512908189,0.87,0.447,1,"HER2-","ABTB1"
0.000203298367567301,0.943029778112676,0.87,0.526,1,"HER2-","ANKRD55"
0.000207816525038492,1.45083699597529,0.826,0.5,1,"HER2-","CENPT"
0.000208336439117765,3.424678862434,0.783,0.474,1,"HER2-","DSE"
0.000208406254772645,2.31659613307503,0.87,0.605,1,"HER2-","HEXIM1"
0.000212077963977721,2.85012492958,0.826,0.579,1,"HER2-","ATP9A"
0.000216993917955649,2.91884724179187,0.696,0.289,1,"HER2-","DUSP22"
0.000217148137864946,1.42943201687225,1,0.921,1,"HER2-","EIF2AK1"
0.000218066183539798,2.60530533915504,0.913,0.737,1,"HER2-","SLC39A3"
0.00021994449368333,2.40587276840871,0.826,0.421,1,"HER2-","TDRP"
0.000220187886356773,1.0323399905359,0.957,0.816,1,"HER2-","AP2M1"
0.00022025829080001,1.99650186604499,0.913,0.553,1,"HER2-","MGAT4B"
0.000227227188347314,1.39184938768922,0.478,0.079,1,"HER2-","RPL23AP97"
0.000233728032068382,2.47393287671408,0.87,0.579,1,"HER2-","TMEM64"
0.000244054834633453,1.53270965945226,1,0.921,1,"HER2-","G3BP2"
0.000246660160886694,1.80433245655531,0.913,0.658,1,"HER2-","SLA2"
0.000250227310665384,1.78568885007892,0.826,0.342,1,"HER2-","TMCC2"
0.000254778841112133,1.83927743010158,0.913,0.842,1,"HER2-","SLC44A1"
0.000255979301534884,2.7568675320354,0.783,0.447,1,"HER2-","TPP1"
0.000256653980398819,2.78840373153455,0.435,0.053,1,"HER2-","GNA15"
0.000256653980398819,2.58444458877002,0.435,0.053,1,"HER2-","SPNS3"
0.000259130661331216,2.08349352920411,0.87,0.711,1,"HER2-","LYL1"
0.000269549629582963,1.3973994645859,0.87,0.5,1,"HER2-","PPIF"
0.000272807595804556,1.27666885910781,0.696,0.184,1,"HER2-","DOK1"
0.000273247383208554,2.17677398253691,1,0.868,1,"HER2-","PPP1R15A"
0.000284142559704322,2.18045939628611,0.957,0.789,1,"HER2-","PARVB"
0.000289468231686467,2.7719006674475,0.739,0.421,1,"HER2-","CALHM5"
0.000290396579437697,0.709846659006208,0.913,0.5,1,"HER2-","IKBKG"
0.000291839531132699,2.37034664128229,0.739,0.368,1,"HER2-","TST"
0.000293058731975157,2.94865729312667,0.652,0.237,1,"HER2-","STX1A"
0.00029749517630826,3.33752567646403,0.739,0.474,1,"HER2-","RAB30"
0.000299002166042885,3.03545447132711,0.783,0.474,1,"HER2-","PYGB"
0.000311273902443859,1.80946745652608,0.913,0.658,1,"HER2-","BEX3"
0.000314397396589461,1.96994270706587,0.913,0.605,1,"HER2-","RAB4A"
0.000320516922157713,1.33070948843105,0.913,0.526,1,"HER2-","CTDSP1"
0.000321044487383287,0.702549616060716,0.739,0.211,1,"HER2-","RPS10P1"
0.000329149966246865,1.35685157234437,0.435,0.053,1,"HER2-","LY6G6D"
0.000330894293034042,1.31747408905309,0.609,0.132,1,"HER2-","H2AC7"
0.000336663205753861,1.67287796959691,0.783,0.474,1,"HER2-","WRNIP1"
0.000339700343250368,1.83262925525205,0.826,0.579,1,"HER2-","KCNE3"
0.000342590602104639,0.981949879827997,0.565,0.158,1,"HER2-","TUBA4B"
0.000342812771961962,1.03874628150576,1,0.842,1,"HER2-","CLIC1"
0.000344369526731697,1.54401254552149,1,0.895,1,"HER2-","TPM1"
0.000346050624587861,2.2656081996354,0.826,0.553,1,"HER2-","ZFAND2B"
0.000351110241235849,1.69686799257029,0.826,0.526,1,"HER2-","SH3TC2"
0.000352847261731736,2.29525600938666,0.913,0.605,1,"HER2-","C1orf198"
0.000354112484776159,1.38941366182714,0.565,0.132,1,"HER2-","LMO2"
0.000356013120971356,1.29719931648818,0.652,0.237,1,"HER2-","TEC"
0.000356789890854484,2.21613826710805,0.957,0.711,1,"HER2-","SIAE"
0.000371500223698465,1.55833976960214,0.87,0.789,1,"HER2-","USF2"
0.000384779905157461,0.52849940295442,0.913,0.579,1,"HER2-","H4C9"
0.000393181527494944,1.52008842524848,1,0.711,1,"HER2-","CDC42"
0.000393181527494944,2.31185523186125,0.87,0.789,1,"HER2-","TBC1D20"
0.000395041129704499,1.58322100727407,0.957,0.868,1,"HER2-","PHF20L1"
0.000401511395660337,2.69745958689872,0.696,0.342,1,"HER2-","FOXO1"
0.000404226117140718,2.16904048633004,0.609,0.237,1,"HER2-","DOK6"
0.000405508893998302,1.75690232693577,0.957,0.684,1,"HER2-","CERS2"
0.000416544011190223,0.344670652071572,0,0.421,1,"HER2-","RPL12P8"
0.000420455485637405,1.44896541397908,0.957,0.974,1,"HER2-","UQCRH"
0.00042769528550032,1.34549437012199,0.913,0.526,1,"HER2-","MAPRE1"
0.000429081896967774,1.93763456816553,0.913,0.711,1,"HER2-","TRIM13"
0.000438470099478843,2.21921556464446,0.87,0.684,1,"HER2-","MAPK14"
0.000440136311551832,1.74257175257416,0.957,0.737,1,"HER2-","CCM2"
0.000442673391511565,1.53980269135425,0.87,0.579,1,"HER2-","GATA2"
0.000442673391511565,1.98444257434025,0.826,0.605,1,"HER2-","CYB5R1"
0.00045392946089155,2.87187717786789,0.87,0.737,1,"HER2-","RNF24"
0.000454631615101814,2.13821977699475,0.913,0.895,1,"HER2-","GRB2"
0.000473480727913307,1.22455759148616,0.696,0.316,1,"HER2-","CFAP45"
0.000479279902896118,1.73386319682799,0.826,0.579,1,"HER2-","OTUD5"
0.000480737096478131,1.30794400906489,1,0.842,1,"HER2-","LMNA"
0.000480737096478131,0.844483405964444,1,0.842,1,"HER2-","BCL2L1"
0.000482818085046182,2.2163520659435,0.565,0.158,1,"HER2-","LOC122513141"
0.00049465171380679,3.22315619863737,0.739,0.421,1,"HER2-","SNTB1"
0.000495789509067889,2.04195794610014,0.826,0.605,1,"HER2-","HDAC5"
0.00049603719682879,1.6416491203832,0.913,0.474,1,"HER2-","EGFL7"
0.000499750852181748,0.741236032133804,0.913,0.684,1,"HER2-","GMFG"
0.000501768776900663,2.20434451312527,0.565,0.132,1,"HER2-","ITM2A"
0.000506406752723405,1.27905569020192,1,0.816,1,"HER2-","ADD3"
0.000510943176327534,0.860657033591244,1,0.921,1,"HER2-","TRIM58"
0.000517016885862059,2.35201109270389,0.826,0.553,1,"HER2-","TMSB4XP4"
0.000525040644877228,1.70534502819558,0.913,0.474,1,"HER2-","TNIK"
0.000525401999584687,1.04894348869919,0.913,0.789,1,"HER2-","ANK1"
0.000540033355627498,1.40251866349665,1,0.921,1,"HER2-","SQSTM1"
0.000542880693539105,1.50236431337717,0.696,0.342,1,"HER2-","DPYD"
0.00054865046171197,0.974093795327873,0.913,0.658,1,"HER2-","VCF1"
0.000551923672398763,1.5318811211952,0.87,0.553,1,"HER2-","TWSG1"
0.000552220268596506,2.48607193920873,0.609,0.211,1,"HER2-","XIRP2"
0.00056180810728013,1.81257706357713,0.348,0.026,1,"HER2-","GASK1A"
0.00056180810728013,1.6386851098968,0.348,0.026,1,"HER2-","VN1R110P"
0.00056276520610591,1.34990896350054,0.826,0.395,1,"HER2-","TSPAN9"
0.000581401192014261,2.23671396989159,0.957,0.737,1,"HER2-","IL6ST"
0.000597832529361076,3.4000024605551,0.565,0.184,1,"HER2-","CHST8"
0.000604045147970671,3.66512388881475,0.391,0.053,1,"HER2-","SLC35D3"
0.000612089138247112,1.91252404251506,0.87,0.526,1,"HER2-","TRAPPC1"
0.000616980861735459,0.709247069588699,0.478,0.079,1,"HER2-","LOC100420981"
0.000624658862869256,1.99029537603313,0.913,0.816,1,"HER2-","PIK3CB"
0.00062922677507198,2.9672917593595,0.739,0.553,1,"HER2-","SEC14L5"
0.000631351837357764,0.440991410173255,1,0.816,1,"HER2-","SEC14L1"
0.000642094106430914,1.97672350719471,0.783,0.395,1,"HER2-","VIL1"
0.000648923527214806,1.67710829569321,0.913,0.763,1,"HER2-","SNRPN"
0.000654634842605457,3.84371088115808,0.435,0.079,1,"HER2-","MPL"
0.000659646044209269,2.49228652519816,0.87,0.763,1,"HER2-","TAB2"
0.000660788065650277,1.67219390647717,0.826,0.368,1,"HER2-","VAMP7"
0.000672377420328623,2.56094343764781,0.609,0.237,1,"HER2-","LRRC8D"
0.00068927912144087,1.16680334148066,0.87,0.658,1,"HER2-","PDLIM7"
0.000692941775803145,1.26353914794865,0.913,0.553,1,"HER2-","XPO7"
0.000701067345860967,0.428963435334798,0.087,0.5,1,"HER2-","EEF1A1P8"
0.000707466463618941,1.30893172044651,0.826,0.395,1,"HER2-","FURIN"
0.000707901641409079,0.346527510868476,0,0.395,1,"HER2-","RPL7P6"
0.000753234995876311,2.60236661371962,0.783,0.474,1,"HER2-","GK"
0.000763082201965007,2.09588175314043,0.913,0.658,1,"HER2-","FLNA"
0.00076398944186599,1.520410877698,0.87,0.789,1,"HER2-","VASP"
0.000772602235396759,2.87078322962936,0.826,0.658,1,"HER2-","KALRN"
0.000776754176599233,1.81518256082791,0.826,0.526,1,"HER2-","TAX1BP3"
0.000788025169669251,3.12672747304862,0.478,0.105,1,"HER2-","RTN1"
0.000806405741317965,3.12919463716891,0.522,0.158,1,"HER2-","SUCNR1"
0.000810011777923522,1.82394585212511,0.696,0.316,1,"HER2-","ABHD4"
0.000810054201721276,2.96503054843617,0.609,0.237,1,"HER2-","MACIR"
0.000821147895779889,0.95986247462348,0.435,0.079,1,"HER2-","CAP1P1"
0.000831535243798418,2.17461420088655,0.87,0.737,1,"HER2-","IFRD1"
0.000842048389518918,3.26002427169943,0.739,0.5,1,"HER2-","PDE4D"
0.000854983360971325,2.34818280009143,0.652,0.237,1,"HER2-","ZBTB14"
0.000858744521395589,2.24405519671603,0.696,0.316,1,"HER2-","TGFBR2"
0.000858744521395589,1.17836333914607,0.652,0.342,1,"HER2-","ARMC3"
0.000859575060187998,0.315004346783085,0.652,0.184,1,"HER2-","NFATC1"
0.00086492576523459,1.71428598505,0.957,0.711,1,"HER2-","ETV6"
0.000873395224184856,1.17894714153431,1,0.816,1,"HER2-","GPX4"
0.000879766903102911,1.27097532546248,1,0.895,1,"HER2-","ACTR3"
0.000879766903102911,1.71390075268823,1,0.895,1,"HER2-","SLC35E1"
0.000888424319337614,1.91659059569368,0.913,0.737,1,"HER2-","SYTL4"
0.00089105330686927,3.05395012396266,0.783,0.553,1,"HER2-","CALCOCO1"
0.000908936208086697,1.08140472506451,0.957,0.579,1,"HER2-","ATP2A3"
0.000908936208086697,2.01994742955518,0.826,0.658,1,"HER2-","STIM1"
0.000914634274083622,3.53998726205793,0.565,0.237,1,"HER2-","TBC1D25"
0.000914751605228919,2.98352627240981,0.696,0.421,1,"HER2-","ING4"
0.000925746733441856,2.84801499032504,0.826,0.763,1,"HER2-","MAST4"
0.00094196682229851,1.30594571750398,0.957,0.816,1,"HER2-","STX7"
0.000946977964886691,1.8833662510223,0.87,0.789,1,"HER2-","ACER3"
0.000961940847422867,1.96822183674534,0.783,0.5,1,"HER2-","PKIG"
0.000962517902856255,1.99035743975755,0.957,0.711,1,"HER2-","TUBGCP4"
0.000973515472949492,2.23199860960273,0.609,0.237,1,"HER2-","SYNM"
0.000974500608897771,2.27091542810279,0.696,0.342,1,"HER2-","SWI5"
0.000978642523053885,1.40637421702132,0.391,0.053,1,"HER2-","TRBV28"
0.00098004239507669,1.12991596667261,1,0.974,1,"HER2-","EMC3"
0.000983498845917893,2.10956258699361,0.522,0.158,1,"HER2-","ANKDD1B"
0.000998721479946573,1.86531608527832,0.913,0.658,1,"HER2-","EIF4G3"
0.000999465793207829,0.852550338069578,0.565,0.158,1,"HER2-","RAB6B"
0.00101411380670119,1.48433237250976,0.87,0.579,1,"HER2-","ST6GAL1"
0.00102340759246693,2.87011599490805,0.696,0.421,1,"HER2-","NOMO1"
0.00103601231474002,1.10878634462072,0.348,0.026,1,"HER2-","HSPB3"
0.0010466660310331,0.898201017174597,0.783,0.421,1,"HER2-","HBQ1"
0.00105887941459283,1.546413684023,0.391,0.053,1,"HER2-","TMEM204"
0.00106989599050687,1.62455797530985,0.87,0.579,1,"HER2-","SCYL2"
0.00108157973943691,0.909986123741143,0.261,0,1,"HER2-","PTGES3L-AARSD1"
0.00108157973943691,2.70997713906716,0.261,0,1,"HER2-","C16orf86"
0.00108157973943691,1.38050127435888,0.261,0,1,"HER2-","C5orf58"
0.00108157973943691,0.848065010945214,0.261,0,1,"HER2-","MTND1P3"
0.00108574068508031,1.72962877768361,0.913,0.711,1,"HER2-","ROCK2"
0.00108762434004536,1.13410437205709,0.652,0.237,1,"HER2-","EVA1B"
0.00109927899811929,1.0190475925304,0.957,0.658,1,"HER2-","TMEM219"
0.00113209338484199,1.13816059271812,0.696,0.237,1,"HER2-","TSPAN32"
0.00116334281926555,1.53579325329018,0.957,0.816,1,"HER2-","STK4"
0.00116348556580947,1.4406967504887,0.826,0.474,1,"HER2-","YPEL2"
0.00117966047670932,1.03626327582739,0.913,0.789,1,"HER2-","SRSF8"
0.00118770526192999,0.845730028703742,0.957,0.789,1,"HER2-","TAOK3"
0.0011896719453935,0.539776463204343,1,0.632,1,"HER2-","MAN2A2"
0.00119006992763138,2.06226775789174,0.826,0.605,1,"HER2-","GSAP"
0.00120309273731141,1.85233184458387,0.522,0.132,1,"HER2-","RSPH14"
0.00122785960388785,0.3519655816639,0.391,0.737,1,"HER2-","ZNF789"
0.00123375103443789,1.82170119962408,0.739,0.447,1,"HER2-","PRKACB"
0.00123394176956348,2.2279640771759,0.87,0.684,1,"HER2-","CTDSP2"
0.00124232245367745,2.16876924198928,0.609,0.211,1,"HER2-","AMPD2"
0.00124999101978783,2.83010067422181,0.522,0.184,1,"HER2-","CHRNA2"
0.0012513417325284,0.908078411978184,1,0.763,1,"HER2-","RBBP6"
0.00131821736370907,1.58329878764668,0.913,0.605,1,"HER2-","MXD1"
0.00131821736370907,2.5538769109265,0.826,0.658,1,"HER2-","ELK3"
0.00132224651926409,2.95013250639665,0.87,0.605,1,"HER2-","LIPA"
0.00136969933741877,0.911466893754851,0.783,0.316,1,"HER2-","SLFN14"
0.00137376726001617,1.82373883188974,0.435,0.079,1,"HER2-","TSPAN2"
0.00137687511148784,1.71569450330037,0.478,0.105,1,"HER2-","BDNF"
0.00138243609038967,1.11874726393111,0.87,0.526,1,"HER2-","MAN1A1"
0.00138243609038967,1.52052002171363,0.87,0.526,1,"HER2-","CHMP6"
0.00141801118195885,3.3244841796425,0.522,0.184,1,"HER2-","CLCN4"
0.00144224924201549,1.74845959144603,0.957,0.868,1,"HER2-","CCPG1"
0.0014761757271083,1.70331992674425,0.435,0.079,1,"HER2-","SPDYC"
0.00148013408179176,1.67551646130844,0.739,0.368,1,"HER2-","BBC3"
0.00148013408179176,0.697473002618361,0.739,0.368,1,"HER2-","RNPEPL1"
0.00150479676744017,1.21396639173263,0.783,0.368,1,"HER2-","CTNS"
0.0015126097162538,0.330352420749227,0.043,0.421,1,"HER2-","RPS4XP22"
0.00153198452964245,1.08505114800658,0.87,0.658,1,"HER2-","BBLN"
0.00154560713861766,1.85913533736766,0.522,0.158,1,"HER2-","LOC100422398"
0.00154712466808485,0.810900641930441,0.913,0.553,1,"HER2-","H1-0"
0.00154803781740666,0.86767125873138,0.652,0.237,1,"HER2-","ADCY3"
0.00156238086791682,1.87397891380963,0.522,0.132,1,"HER2-","PLEKHO2"
0.00158852164019349,1.57886191981706,0.783,0.368,1,"HER2-","PDGFC"
0.00164642367242402,2.12486942399116,0.739,0.579,1,"HER2-","SMIM5"
0.00164946498017462,2.46690407758923,0.696,0.447,1,"HER2-","PLCH1"
0.00168145013216003,1.66764993137696,0.957,0.868,1,"HER2-","COTL1"
0.00171958231634509,1.17631976690927,0.913,0.868,1,"HER2-","BET1"
0.00171958231634509,1.51026683219833,0.913,0.868,1,"HER2-","ZEB2"
0.00173167203300372,1.38760363915341,0.304,0.026,1,"HER2-","SLC45A3"
0.00175127109112036,3.65047761261264,0.696,0.5,1,"HER2-","KCND3"
0.00175714839871388,2.50581664384261,0.739,0.632,1,"HER2-","RIT1"
0.00177221137025007,1.91537303729023,0.783,0.737,1,"HER2-","TMEM185A"
0.0018231810625641,1.40306947340053,1,0.974,1,"HER2-","TUBA1C"
0.00183462762907687,0.489094700506553,0.043,0.421,1,"HER2-","EEF1A1P4"
0.00188740912701713,2.660131940173,0.304,0.026,1,"HER2-","TRIM40"
0.00188740912701713,1.95649165700276,0.304,0.026,1,"HER2-","RPS29P14"
0.00188818338317633,1.83655912274228,0.783,0.474,1,"HER2-","ZCCHC17"
0.00189384774965007,1.42175895798681,0.783,0.421,1,"HER2-","EGF"
0.00190168456211334,1.21922333529629,0.696,0.368,1,"HER2-","MISP3"
0.0019168320484734,1.40485797548554,0.87,0.737,1,"HER2-","INF2"
0.0019168320484734,1.44308246060432,0.826,0.763,1,"HER2-","KLHL6"
0.00191739228286272,0.88280685556516,1,1,1,"HER2-","FTH1"
0.00192171400017148,0.951860800688187,0.957,0.763,1,"HER2-","ERBIN"
0.00194715192997726,3.20766857471064,0.739,0.632,1,"HER2-","UBASH3B"
0.00196013393764565,0.409266373084609,0,0.342,1,"HER2-","RPL7AP66"
0.00196013393764565,0.30884245148131,0,0.342,1,"HER2-","HSP90AB3P"
0.00196013393764565,0.570523583747319,0,0.342,1,"HER2-","VARS1"
0.00196013393764565,0.560028365081661,0,0.342,1,"HER2-","LOC121627959"
0.00196013393764565,0.526584066340535,0,0.342,1,"HER2-","RPLP0P4"
0.00198725796950774,1.4953907890173,0.87,0.763,1,"HER2-","ECE1"
0.00198855227481321,2.55376659972578,0.783,0.579,1,"HER2-","FCGR2A"
0.00200691536455482,3.01187978809177,0.652,0.395,1,"HER2-","CXCL2"
0.00201052147652649,0.992098734202429,0.957,0.895,1,"HER2-","DAZAP2"
0.00205591810246624,1.52635607639687,0.304,0.026,1,"HER2-","CLEC2L"
0.00211839221930719,1.11780777731012,0.565,0.158,1,"HER2-","SOX12"
0.0021557689759658,2.80011218082071,0.826,0.632,1,"HER2-","PTAFR"
0.00218786022337038,2.0575821564062,0.652,0.263,1,"HER2-","CD69"
0.00220201756736295,0.512412278329275,0.826,0.658,1,"HER2-","TMEM131L"
0.00221395516521323,1.8311735406594,0.87,0.579,1,"HER2-","CLIC4"
0.00222547717130167,0.833856276040581,0.348,0.053,1,"HER2-","NAP1L1P3"
0.00222719338343098,1.3543686510174,1,0.947,1,"HER2-","IQGAP2"
0.00224427183993638,3.25552325255873,0.565,0.237,1,"HER2-","GNAO1"
0.00224427183993638,3.56129322544724,0.565,0.237,1,"HER2-","C1orf116"
0.0022566145036256,1.66104517941108,0.87,0.711,1,"HER2-","MAP4K2"
0.00230031281627932,2.37009001037045,0.652,0.368,1,"HER2-","ACVR1"
0.00230081935675637,1.29134744862145,0.652,0.289,1,"HER2-","HCST"
0.00239509791430473,1.30058774845343,0.826,0.5,1,"HER2-","CTNNAL1"
0.00243381499428056,0.958282080713545,0.87,0.632,1,"HER2-","NENF"
0.00245121785647463,0.396217194779688,0.043,0.395,1,"HER2-","EEF1A1P22"
0.00246131046312854,1.61538356138081,0.826,0.763,1,"HER2-","MTFR1L"
0.00248347650322727,1.13529394021593,0.696,0.368,1,"HER2-","ENO2"
0.00251947442093303,1.62446322436653,0.826,0.5,1,"HER2-","ZFAND1"
0.00252756863817467,2.35674274175503,0.435,0.105,1,"HER2-","GRB14"
0.00266539090240046,1.73394332859984,0.565,0.237,1,"HER2-","RHOU"
0.00268215711241877,1.06799489673231,0.826,0.474,1,"HER2-","SMIM10L1"
0.00269294372091045,2.48418631503453,0.783,0.579,1,"HER2-","MTMR10"
0.00270570988354384,1.61895296586302,0.739,0.5,1,"HER2-","AGTPBP1"
0.00271037342567628,1.0997782139402,0.652,0.289,1,"HER2-","C11orf21"
0.00271109190055108,0.537679684301081,1,0.921,1,"HER2-","MKRN1"
0.00271957396175702,1.26519996468674,0.826,0.421,1,"HER2-","IGBP1"
0.00272295996226468,2.83693296035899,0.696,0.474,1,"HER2-","LANCL3"
0.00277030674620461,0.550953623801903,0.696,0.342,1,"HER2-","PLXNB3"
0.00278169408467017,2.43935067043552,0.391,0.079,1,"HER2-","PPT2-EGFL8"
0.00284796814970709,1.23199536386124,1,0.974,1,"HER2-","MCUR1"
0.00286534846828568,1.73908751017451,0.739,0.447,1,"HER2-","MYOM1"
0.0028695622661299,1.11942924920057,0.522,0.158,1,"HER2-","CHST2"
0.00288867850282582,1.55181436534732,0.957,0.658,1,"HER2-","BRD3"
0.00288867850282582,1.40453074327167,0.87,0.711,1,"HER2-","UBAC2"
0.00294873362131777,3.75499903948832,0.435,0.132,1,"HER2-","PKIA"
0.00296567816593263,2.65704518769484,0.826,0.658,1,"HER2-","ELMO1"
0.00300758220320164,2.5387908096571,0.652,0.474,1,"HER2-","VDR"
0.00301869171387089,0.671687649841438,0.913,0.632,1,"HER2-","ARHGAP45"
0.00306504887811258,3.69977935559641,0.391,0.105,1,"HER2-","IFI44"
0.00316602510470988,3.7594277786646,0.522,0.211,1,"HER2-","ACSL4"
0.00319831046986609,0.514941760186843,0,0.316,1,"HER2-","RPL15P20"
0.00319831046986609,0.556128133395954,0,0.316,1,"HER2-","RPL5P9"
0.00319831046986609,1.84231044505937,0.391,0.079,1,"HER2-","GLYATL1P2"
0.00320219843022122,1.25549817461653,0.913,0.763,1,"HER2-","IVNS1ABP"
0.00321280681972668,1.79170707388825,0.652,0.263,1,"HER2-","GLYATL1P1"
0.00321854436266956,2.46283639480405,0.826,0.711,1,"HER2-","CCNJL"
0.00326959859679014,1.67890943920342,0.826,0.658,1,"HER2-","RAB11B"
0.00329977569615207,1.201416999449,0.957,0.684,1,"HER2-","H2AJ"
0.00329977569615207,0.77400272046673,0.913,0.711,1,"HER2-","EIF1B"
0.00331261737272563,0.336575971634881,0.087,0.447,1,"HER2-","LOC100506103"
0.00337804212703577,2.05905967115127,0.87,0.684,1,"HER2-","HIPK2"
0.00337804212703577,2.04986928451003,0.826,0.711,1,"HER2-","AMFR"
0.0034577549282206,1.78573710203961,0.565,0.211,1,"HER2-","HLA-F"
0.00345775767328433,0.340912575300703,0.043,0.368,1,"HER2-","RPS3AP5"
0.00346249047140875,1.55899087579746,0.87,0.737,1,"HER2-","BID"
0.00350545727018267,3.34541722420783,0.696,0.474,1,"HER2-","CASS4"
0.0035113674061273,0.656898642067543,0.435,0.105,1,"HER2-","PBX4"
0.00351153075167862,2.23012461480953,0.522,0.184,1,"HER2-","GPR183"
0.00352803424762266,1.8148819801267,0.783,0.5,1,"HER2-","ARF3"
0.00356934503535963,1.43286016796238,0.826,0.868,1,"HER2-","KLF3"
0.00360163880973153,1.44035250082891,0.87,0.632,1,"HER2-","ZNF24"
0.0036136911869909,0.815209834128648,1,0.868,1,"HER2-","PHKB"
0.00366086414148607,0.707433201684236,0.348,0.632,1,"HER2-","LILRB3"
0.00372288182849749,1.64421404005688,0.913,0.789,1,"HER2-","TJP2"
0.00374596216535467,2.30522561894593,0.391,0.105,1,"HER2-","DNAAF19"
0.00376751316957435,1.23692824047422,0.913,0.684,1,"HER2-","SBSPON"
0.00386851013056478,1.55756029683258,0.565,0.211,1,"HER2-","H2BC7"
0.00387784449330691,1.83763871248637,0.957,0.737,1,"HER2-","CCNY"
0.00390393479164423,0.602473035491619,0.913,0.789,1,"HER2-","JAK1"
0.00395594157912853,1.10226927454258,0.957,0.842,1,"HER2-","SECISBP2"
0.00397891042231492,0.369468382735158,0.652,0.263,1,"HER2-","ITGAM"
0.00398267136642043,1.52665445670979,0.696,0.342,1,"HER2-","HYI"
0.00398655525598258,0.551077517819911,0.826,0.553,1,"HER2-","FHOD1"
0.00398655525598258,1.39683994292319,0.783,0.579,1,"HER2-","SLC22A23"
0.00409055871320654,0.470395634082388,0.913,0.658,1,"HER2-","IGF2BP2"
0.00409055871320654,1.10523851225124,0.913,0.658,1,"HER2-","RTN3"
0.00413035015343623,2.34179159430956,0.739,0.553,1,"HER2-","FCER1G"
0.00413304243424551,0.7082028455281,1,0.789,1,"HER2-","LRBA"
0.00417347672257807,0.303488207214393,0.043,0.368,1,"HER2-","MCHR2"
0.00417347672257807,0.322058252140422,0.043,0.368,1,"HER2-","MTND5P11"
0.00429023367517677,1.0713872468182,0.913,0.789,1,"HER2-","NUTF2"
0.00429023367517677,1.2042729017379,0.913,0.789,1,"HER2-","PCMTD1"
0.00437008272641488,0.955602845054069,1,0.895,1,"HER2-","UBE2H"
0.00442053689946054,0.468055598204721,0.087,0.447,1,"HER2-","DGAT1"
0.00444674757065959,1.48124515378231,0.87,0.711,1,"HER2-","EPS15L1"
0.00448660411228362,1.54542677773742,0.826,0.632,1,"HER2-","NAA38"
0.00449610178217448,0.994580088339204,0.913,0.789,1,"HER2-","SRSF6"
0.00452106311304831,0.974677650406699,0.652,0.368,1,"HER2-","IRAG2"
0.00456169491944252,2.64558863003478,0.391,0.105,1,"HER2-","LSMEM1"
0.00456554915463331,0.600641100561433,1,0.842,1,"HER2-","RBX1"
0.00458219905504957,0.906140631274511,1,0.921,1,"HER2-","VAPA"
0.00458381216204797,0.627308036604375,1,0.947,1,"HER2-","HMGB1"
0.00460208186629152,1.09659025587966,0.826,0.553,1,"HER2-","CASP4"
0.004644364246067,0.926617140072436,0.826,0.789,1,"HER2-","WASF2"
0.00465908892561433,1.72310277771077,0.739,0.5,1,"HER2-","MAPKAPK2"
0.00466023529859434,0.846385435672186,0.957,0.658,1,"HER2-","TAF10"
0.00471088006200679,2.02298949534217,0.913,0.789,1,"HER2-","FHL2"
0.00475474225063342,3.05741509756235,0.261,0.026,1,"HER2-","CXCL1"
0.00475474225063342,0.982495779242622,0.261,0.026,1,"HER2-","RNA5SP91"
0.00477039695647524,2.20396822195448,0.739,0.553,1,"HER2-","SKAP2"
0.00483218176150532,0.797523131134612,0.435,0.105,1,"HER2-","C1orf105"
0.00491440909272339,1.41432657343655,0.957,0.974,1,"HER2-","CYB5R3"
0.00492952815507094,2.51567510352999,0.826,0.632,1,"HER2-","TNS3"
0.00495129416026005,1.85299960799699,0.304,0.053,1,"HER2-","MORC1"
0.00495334177274404,1.59585994819085,0.783,0.5,1,"HER2-","FBRS"
0.00500965568669626,0.965270084367038,0.913,0.895,1,"HER2-","GABARAPL2"
0.00501942365354888,1.0851399382763,0.913,0.605,1,"HER2-","CCS"
0.0050453917985819,1.79173442612405,0.696,0.5,1,"HER2-","SF3A1"
0.00515617295424497,0.42193546432464,0,0.289,1,"HER2-","HSP90AA6P"
0.00515617295424497,0.263416629951245,0,0.289,1,"HER2-","RPL10P1"
0.00515617295424497,0.510148650731146,0,0.289,1,"HER2-","RPL18AP6"
0.00515617295424497,0.597270495196634,0,0.289,1,"HER2-","RPL5P29"
0.00515617295424497,0.557940389303562,0,0.289,1,"HER2-","RPL17P33"
0.00515617295424497,1.25819417389146,0.348,0.079,1,"HER2-","PPT2"
0.00516899702613796,1.26914254978077,0.261,0.026,1,"HER2-","PDE6H"
0.00523513571763183,1.47654561491504,0.913,0.684,1,"HER2-","ARPC4"
0.0054360485347744,0.456996824418514,0.783,0.368,1,"HER2-","H2AC8"
0.0054360485347744,1.31748328668298,0.739,0.395,1,"HER2-","RNF145"
0.00543983530227093,0.726878554684268,0.913,0.816,1,"HER2-","ANP32B"
0.00555721371829146,2.5884285310085,0.522,0.211,1,"HER2-","CLEC12A"
0.00560719315056041,1.8800911631611,0.652,0.395,1,"HER2-","MIF4GD"
0.00561559671821724,1.76367198392391,0.261,0.026,1,"HER2-","B3GALT4"
0.00563091603596978,0.794566703528978,1,0.711,1,"HER2-","ATF4"
0.00564906201546828,0.351267583462573,0.087,0.395,1,"HER2-","RPS16P1"
0.00564906201546828,0.421552042492253,0.087,0.395,1,"HER2-","RPS3AP49"
0.00566842796970991,1.56320963289045,0.739,0.368,1,"HER2-","DBN1"
0.00567234980116857,2.30699409690159,0.783,0.737,1,"HER2-","TCF4"
0.00567891954378699,2.10111319658837,0.565,0.211,1,"HER2-","NKX6-2"
0.0057458676311066,2.68018070257623,0.304,0.053,1,"HER2-","CHADL"
0.00574928605509033,1.00493933435984,0.913,0.895,1,"HER2-","TENT5C"
0.00582611061879799,0.363996943262305,0.043,0.342,1,"HER2-","HSPA8P8"
0.00585078243103533,2.21286380765493,0.826,0.789,1,"HER2-","LCOR"
0.00589908591215687,3.6769954769443,0.391,0.105,1,"HER2-","ZNF30"
0.00589908591215687,0.946516989957146,0.391,0.105,1,"HER2-","H3P43"
0.00591237851006156,1.77720920441166,0.739,0.5,1,"HER2-","ZNF175"
0.00591237851006156,2.2221212869086,0.696,0.526,1,"HER2-","BACH1"
0.00593678981040695,1.99772507456226,0.739,0.579,1,"HER2-","EHD1"
0.00604024906506965,1.54503554369731,1,1,1,"HER2-","ACTB"
0.00607059502069846,1.26251158453477,0.87,0.737,1,"HER2-","ACTR3B"
0.0060967188821008,1.18149275948717,0.261,0.026,1,"HER2-","NCF4"
0.0060967188821008,1.06395502265037,0.261,0.026,1,"HER2-","PNLDC1"
0.0060967188821008,2.21016659694053,0.261,0.026,1,"HER2-","FAM187A"
0.00612443414737108,1.02758885416914,0.652,0.316,1,"HER2-","HTR2A"
0.00612612963480403,0.569350688658087,0.826,0.474,1,"HER2-","CHD1L"
0.00612908240982922,2.59983166197149,0.435,0.158,1,"HER2-","SPIN2B"
0.00618179565623963,0.417429561295797,0.739,0.342,1,"HER2-","ITGA9"
0.00618179565623963,2.67151249355146,0.652,0.395,1,"HER2-","FAM78A"
0.00619627265090375,0.34483197306459,0.435,0.105,1,"HER2-","PDE2A"
0.00624843955463422,1.43607506761257,0.652,0.289,1,"HER2-","OR2W3"
0.00624843955463422,1.67905743522226,0.609,0.316,1,"HER2-","ARMCX6"
0.00627867117311029,2.32118145560483,0.609,0.342,1,"HER2-","SLC30A1"
0.00628191092764871,1.32234050677575,0.696,0.474,1,"HER2-","BRWD3"
0.00629301188775849,0.753096358931234,0.739,0.421,1,"HER2-","CSK"
0.00645434725989928,1.60413603540753,0.957,0.737,1,"HER2-","SELENOT"
0.00647060506532215,2.2425127535055,0.478,0.184,1,"HER2-","ANAPC1P4"
0.00650520951620353,1.42065134314905,0.87,0.684,1,"HER2-","FNBP1L"
0.00650553463643525,0.904904672192867,0.826,0.632,1,"HER2-","ADIPOR2"
0.00655462820637885,2.4794384043913,0.696,0.342,1,"HER2-","H4C14"
0.00658089921604569,2.15143937360844,0.826,0.737,1,"HER2-","TM2D2"
0.00658747808068849,0.314439385813198,0.043,0.342,1,"HER2-","RPL18AP9"
0.00680635159596153,1.03093551658788,0.87,0.684,1,"HER2-","PARD3"
0.00680839112192801,2.68340818305498,0.739,0.684,1,"HER2-","PROS1"
0.00687256472057417,0.909997398161271,0.739,0.368,1,"HER2-","DEDD"
0.00690171267552694,1.3204479968522,0.739,0.447,1,"HER2-","MINK1"
0.00690404820782305,1.59762770456888,0.522,0.184,1,"HER2-","PTGDR"
0.0069068623996862,0.809588717886662,1,0.895,1,"HER2-","SEPTIN7"
0.00695307127296757,2.12635495428563,0.87,0.737,1,"HER2-","PLOD2"
0.00699119178436479,1.37173568510143,0.826,0.605,1,"HER2-","CYREN"
0.00699119178436479,1.46898816562816,0.783,0.632,1,"HER2-","CAB39"
0.00699886771328235,1.3520867078441,0.826,0.553,1,"HER2-","ABLIM1"
0.00699886771328235,3.35992484771943,0.739,0.605,1,"HER2-","MSRB3"
0.00702462460089143,1.91088486737116,0.696,0.5,1,"HER2-","LIMS3"
0.00712384500277561,1.9354065942069,0.391,0.105,1,"HER2-","TNF"
0.00718778778169723,1.57830671375987,0.783,0.711,1,"HER2-","MBTD1"
0.00723114691579472,2.28867987090563,0.478,0.184,1,"HER2-","SLC23A2"
0.00729445753243969,2.90270740630065,0.435,0.158,1,"HER2-","KATNB1"
0.00732816111636955,1.2428570212446,0.783,0.605,1,"HER2-","COMMD7"
0.00733280178897927,0.599687071414355,1,0.684,1,"HER2-","TRAM1"
0.00743716908790823,0.334981304285099,0.043,0.342,1,"HER2-","SLC25A5P1"
0.00746334440539742,1.64737963493039,0.913,0.816,1,"HER2-","F11R"
0.00749813164359731,1.00422926628338,0.957,0.711,1,"HER2-","FKBP1A"
0.00753027249640026,1.83107258713295,0.739,0.474,1,"HER2-","IL16"
0.00754336392102023,1.3137662532062,0.783,0.5,1,"HER2-","HNRNPLL"
0.00778637669847519,0.472540792699021,0.87,0.684,1,"HER2-","LYST"
0.00785429977807653,0.674213268895114,0.957,0.842,1,"HER2-","RILPL2"
0.00787334307397005,1.77745302152338,0.826,0.737,1,"HER2-","RNF8"
0.00792149823664897,1.06490048704775,0.652,0.421,1,"HER2-","SMPD4P1"
0.00794197856664066,0.309103889510113,0.087,0.395,1,"HER2-","RPS12P9"
0.00801786075704837,1.78699667577045,0.739,0.605,1,"HER2-","GET1"
0.00804994419976826,0.699102697779362,0.957,0.658,1,"HER2-","PHTF2"
0.00822018065313737,0.588231325931446,0,0.263,1,"HER2-","RPL17P8"
0.00822018065313737,0.590703408025556,0,0.263,1,"HER2-","KRT18P29"
0.00822018065313737,0.495873446296099,0,0.263,1,"HER2-","RPS3AP7"
0.00822018065313737,0.561235073280532,0,0.263,1,"HER2-","RPS6P17"
0.00822018065313737,0.561236353298391,0,0.263,1,"HER2-","RPSAP74"
0.0083859336994345,1.56792164643496,0.826,0.553,1,"HER2-","CDK2AP1"
0.00855334219024384,2.38733586229002,0.565,0.316,1,"HER2-","GRB10"
0.00857556555121178,1.76319852471674,0.739,0.632,1,"HER2-","APOBEC3C"
0.00859504719185619,1.31347720060662,0.913,0.895,1,"HER2-","PEDS1"
0.00860122002939961,1.6339897074573,0.826,0.737,1,"HER2-","BTN3A2"
0.00860823014519247,1.78276142568856,1,0.868,1,"HER2-","MYL6"
0.00866922622683522,1.19194354129966,0.87,0.816,1,"HER2-","UIMC1"
0.00868230077435305,1.85429079827665,0.783,0.789,1,"HER2-","ANKRD10"
0.00878162485139252,2.80503783841979,0.826,0.684,1,"HER2-","ATE1"
0.00882833480605621,1.31827390237707,0.435,0.132,1,"HER2-","ZBTB49"
0.00883663567391184,2.08316168339141,0.609,0.342,1,"HER2-","C11orf68"
0.00895374961363471,1.72692348269884,0.739,0.5,1,"HER2-","CDK17"
0.00895957082071178,1.0200682347839,0.87,0.895,1,"HER2-","TNS1"
0.00920455074369784,2.31428367544798,0.87,0.789,1,"HER2-","GTDC1"
0.00923450152331194,1.58110502291965,0.609,0.368,1,"HER2-","ANKS1A"
0.0093314909041292,1.73561598468263,0.913,0.842,1,"HER2-","CLINT1"
0.00937650506256497,2.20227269736929,0.652,0.368,1,"HER2-","EPB41L3"
0.00938867174059585,0.968054647055314,0.913,0.684,1,"HER2-","RYBP"
0.00945461566648352,1.82851092149011,0.783,0.684,1,"HER2-","MCF2L"
0.00947534249457103,1.09502605162517,0.87,0.737,1,"HER2-","HIPK1"
0.00959532051344022,0.601014050631111,0.87,0.711,1,"HER2-","KIFC3"
0.00962829891678867,1.63544138719373,0.565,0.263,1,"HER2-","RNF19B"
0.00963574312339035,0.706013483098628,0.478,0.158,1,"HER2-","NAT8"
0.00967877125961981,0.53351660747151,0.043,0.316,1,"HER2-","MTCO1P53"
0.00967877125961981,0.44919150907103,0.043,0.316,1,"HER2-","MTCO1P22"
0.00970315661713018,1.41707360679269,0.87,0.684,1,"HER2-","ITPRID2"
0.00977781139619405,2.41009802139339,0.478,0.211,1,"HER2-","SLC24A3"
0.00982206660605226,1.45015067666137,1,0.921,1,"HER2-","CDC42SE2"
0.0098766485711953,1.24283795015114,0.826,0.658,1,"HER2-","FAH"
0.0098880356255178,1.32763958608504,0.783,0.5,1,"HER2-","SCAMP2"
0.00997554516612128,0.475851253652428,0.13,0.447,1,"HER2-","RPL21P33"
0.00999124990390289,0.94724699978331,0.652,0.421,1,"HER2-","IPCEF1"
